#include "icons.h"

const pwder_style::icon32 loudspeaker_unmuted PROGMEM = {
	.bitmap = {
		0x00, 0x00, 0x80, 0x00, 0x00, 0x80, 0x00, 0x00, 0x80, 0x00, 0x00, 0x80, 0x00, 0x00, 0x80, 0x00, 
		0x00, 0x80, 0x00, 0x00, 0x80, 0x00, 0x00, 0x80, 0x00, 0x00, 0x80, 0x00, 0x00, 0x80, 0x00, 0x00, 
		0x80, 0x00, 0x00, 0x80, 0x00, 0x00, 0x80, 0x00, 0x00, 0x80, 0x00, 0x00, 0x80, 0x00, 0x00, 0x80, 
		0x00, 0x00, 0x80, 0x00, 0x00, 0x80, 0x00, 0x00, 0x80, 0x00, 0x00, 0x80, 0x00, 0x00, 0x80, 0x00, 
		0x00, 0x80, 0x00, 0x00, 0x80, 0x00, 0x00, 0x80, 0x00, 0x00, 0x80, 0x00, 0x00, 0x80, 0x00, 0x00, 
		0x80, 0x00, 0x00, 0x80, 0x00, 0x00, 0x80, 0x00, 0x00, 0x80, 0x00, 0x00, 0x80, 0x00, 0x00, 0x80, 
		0x00, 0x00, 0x80, 0x00, 0x00, 0x80, 0x00, 0x00, 0x80, 0x00, 0x00, 0x80, 0x00, 0x00, 0x80, 0x00, 
		0x00, 0x80, 0x00, 0x00, 0x80, 0x00, 0x00, 0x80, 0x00, 0x00, 0x80, 0x00, 0x00, 0x80, 0x00, 0x00, 
		0x80, 0x00, 0x00, 0x80, 0x00, 0x00, 0x80, 0x00, 0x00, 0x80, 0x80, 0x80, 0x00, 0x00, 0x00, 0x00, 
		0x00, 0x00, 0x00, 0x00, 0x00, 0x80, 0x00, 0x00, 0x80, 0x00, 0x00, 0x80, 0x00, 0x00, 0x80, 0x00, 
		0x00, 0x80, 0x00, 0x00, 0x80, 0x00, 0x00, 0x80, 0x00, 0x00, 0x80, 0x00, 0x00, 0x80, 0x00, 0x00, 
		0x80, 0x80, 0x80, 0x80, 0x00, 0x00, 0x80, 0x00, 0x00, 0x80, 0x00, 0x00, 0x80, 0x00, 0x00, 0x80, 
		0x00, 0x00, 0x80, 0x00, 0x00, 0x80, 0x00, 0x00, 0x80, 0x00, 0x00, 0x80, 0x00, 0x00, 0x80, 0x00, 
		0x00, 0x80, 0x00, 0x00, 0x80, 0x00, 0x00, 0x80, 0x00, 0x00, 0x80, 0x00, 0x00, 0x80, 0x00, 0x00, 
		0x80, 0x00, 0x00, 0x80, 0x00, 0x00, 0x80, 0x80, 0x80, 0x00, 0xC0, 0xC0, 0xC0, 0x00, 0x00, 0x00, 
		0xC0, 0xC0, 0xC0, 0x80, 0x80, 0x80, 0x00, 0x00, 0x80, 0x00, 0x00, 0x80, 0x00, 0x00, 0x80, 0x00, 
		0x00, 0x80, 0x00, 0x00, 0x80, 0x00, 0x00, 0x80, 0x00, 0x00, 0x80, 0x80, 0x80, 0x80, 0x80, 0x80, 
		0x80, 0x00, 0x00, 0x80, 0x00, 0x00, 0x80, 0x00, 0x00, 0x80, 0x00, 0x00, 0x80, 0x00, 0x00, 0x80, 
		0x00, 0x00, 0x80, 0x00, 0x00, 0x80, 0x00, 0x00, 0x80, 0x00, 0x00, 0x80, 0x00, 0x00, 0x80, 0x00, 
		0x00, 0x80, 0x00, 0x00, 0x80, 0x00, 0x00, 0x80, 0x00, 0x00, 0x80, 0x00, 0x00, 0x80, 0x00, 0x00, 
		0x80, 0x00, 0x00, 0x80, 0x80, 0x80, 0x00, 0xC0, 0xC0, 0xC0, 0x00, 0x00, 0x00, 0xC0, 0xC0, 0xC0, 
		0xFF, 0xFF, 0xFF, 0xC0, 0xC0, 0xC0, 0x80, 0x80, 0x80, 0x00, 0x00, 0x80, 0x00, 0x00, 0x80, 0x00, 
		0x00, 0x80, 0x00, 0x00, 0x80, 0x80, 0x80, 0x80, 0x80, 0x80, 0x80, 0x00, 0x00, 0x80, 0x00, 0x00, 
		0x80, 0x00, 0x00, 0x80, 0x00, 0x00, 0x80, 0x00, 0x00, 0x80, 0x00, 0x00, 0x80, 0x00, 0x00, 0x80, 
		0x00, 0x00, 0x80, 0x00, 0x00, 0x80, 0x00, 0x00, 0x80, 0x00, 0x00, 0x80, 0x00, 0x00, 0x80, 0x00, 
		0x00, 0x80, 0x00, 0x00, 0x80, 0x00, 0x00, 0x80, 0x00, 0x00, 0x80, 0x00, 0x00, 0x80, 0x00, 0x00, 
		0x80, 0x80, 0x80, 0x00, 0xC0, 0xC0, 0xC0, 0xC0, 0xC0, 0xC0, 0x00, 0x00, 0x00, 0xFF, 0xFF, 0xFF, 
		0xFF, 0xFF, 0xFF, 0xFF, 0xFF, 0xFF, 0x80, 0x80, 0x80, 0x00, 0x00, 0x80, 0x00, 0x00, 0x80, 0x80, 
		0x80, 0x80, 0x80, 0x80, 0x80, 0x00, 0x00, 0x80, 0x00, 0x00, 0x80, 0x00, 0x00, 0x80, 0x00, 0x00, 
		0x80, 0x00, 0x00, 0x80, 0x00, 0x00, 0x80, 0x00, 0x00, 0x80, 0x00, 0x00, 0x80, 0x00, 0x00, 0x80, 
		0x00, 0x00, 0x80, 0x00, 0x00, 0x80, 0x00, 0x00, 0x80, 0x00, 0x00, 0x80, 0x00, 0x00, 0x80, 0x00, 
		0x00, 0x80, 0x00, 0x00, 0x80, 0x00, 0x00, 0x80, 0x00, 0x00, 0x80, 0x00, 0x00, 0x80, 0x80, 0x80, 
		0x00, 0xC0, 0xC0, 0xC0, 0xFF, 0xFF, 0x00, 0x80, 0x80, 0x80, 0x80, 0x80, 0x80, 0xFF, 0xFF, 0xFF, 
		0xFF, 0xFF, 0xFF, 0xFF, 0xFF, 0xFF, 0xFF, 0xFF, 0xFF, 0x80, 0x80, 0x80, 0x00, 0x00, 0x80, 0x00, 
		0x00, 0x80, 0x00, 0x00, 0x80, 0x00, 0x00, 0x80, 0x00, 0x00, 0x80, 0x00, 0x00, 0x80, 0x00, 0x00, 
		0x80, 0x00, 0x00, 0x80, 0x00, 0x00, 0x80, 0x00, 0x00, 0x80, 0x00, 0x00, 0x80, 0x00, 0x00, 0x80, 
		0x00, 0x00, 0x80, 0x00, 0x00, 0x80, 0x00, 0x00, 0x80, 0x00, 0x00, 0x80, 0x00, 0x00, 0x80, 0x00, 
		0x00, 0x80, 0x00, 0x00, 0x80, 0x00, 0x00, 0x80, 0x00, 0x00, 0x80, 0x80, 0x80, 0x00, 0xC0, 0xC0, 
		0xC0, 0xFF, 0xFF, 0x00, 0xFF, 0xFF, 0xFF, 0x00, 0x00, 0x00, 0xC0, 0xC0, 0xC0, 0xFF, 0xFF, 0xFF, 
		0xFF, 0xFF, 0xFF, 0xFF, 0xFF, 0xFF, 0xFF, 0xFF, 0xFF, 0x80, 0x80, 0x80, 0x00, 0x00, 0x80, 0x00, 
		0x00, 0x80, 0x00, 0x00, 0x80, 0x00, 0x00, 0x80, 0x00, 0x00, 0x80, 0x00, 0x00, 0x80, 0x00, 0x00, 
		0x80, 0x00, 0x00, 0x80, 0x00, 0x00, 0x80, 0x00, 0x00, 0x80, 0x00, 0x00, 0x80, 0x00, 0x00, 0x80, 
		0x00, 0x00, 0x80, 0x00, 0x00, 0x80, 0x00, 0x00, 0x80, 0x00, 0x00, 0x80, 0x00, 0x00, 0x80, 0x00, 
		0x00, 0x80, 0x00, 0x00, 0x80, 0x00, 0x00, 0x80, 0x80, 0x80, 0x00, 0xC0, 0xC0, 0xC0, 0xFF, 0xFF, 
		0x00, 0xFF, 0xFF, 0xFF, 0xC0, 0xC0, 0xC0, 0x00, 0x00, 0x00, 0xC0, 0xC0, 0xC0, 0xFF, 0xFF, 0xFF, 
		0xFF, 0xFF, 0xFF, 0xFF, 0xFF, 0xFF, 0xFF, 0xFF, 0xFF, 0x80, 0x80, 0x80, 0x00, 0x00, 0x80, 0x00, 
		0x00, 0x80, 0x00, 0x00, 0x80, 0x00, 0x00, 0x80, 0x00, 0x00, 0x80, 0x00, 0x00, 0x80, 0x00, 0x00, 
		0x80, 0x00, 0x00, 0x80, 0x00, 0x00, 0x80, 0x00, 0x00, 0x80, 0x80, 0x80, 0x80, 0x00, 0x00, 0x80, 
		0x00, 0x00, 0x80, 0x00, 0x00, 0x80, 0x00, 0x00, 0x80, 0x00, 0x00, 0x80, 0x00, 0x00, 0x80, 0x00, 
		0x00, 0x80, 0x00, 0x00, 0x80, 0x80, 0x80, 0x00, 0xC0, 0xC0, 0xC0, 0xFF, 0xFF, 0x00, 0xFF, 0xFF, 
		0xFF, 0xFF, 0xFF, 0x00, 0xC0, 0xC0, 0xC0, 0x00, 0x00, 0x00, 0xC0, 0xC0, 0xC0, 0xFF, 0xFF, 0xFF, 
		0xFF, 0xFF, 0xFF, 0xFF, 0xFF, 0xFF, 0xFF, 0xFF, 0xFF, 0x80, 0x80, 0x80, 0x00, 0x00, 0x80, 0x00, 
		0x00, 0x80, 0x00, 0x00, 0x80, 0x00, 0x00, 0x80, 0x00, 0x00, 0x80, 0x00, 0x00, 0x80, 0x00, 0x00, 
		0x80, 0x80, 0x80, 0x80, 0x80, 0x80, 0x80, 0x80, 0x80, 0x80, 0x00, 0x00, 0x80, 0x00, 0x00, 0x80, 
		0x00, 0x00, 0x80, 0x00, 0x00, 0x80, 0x00, 0x00, 0x80, 0x00, 0x00, 0x80, 0x00, 0x00, 0x80, 0x00, 
		0x00, 0x80, 0x80, 0x80, 0x00, 0xC0, 0xC0, 0xC0, 0xFF, 0xFF, 0x00, 0xFF, 0xFF, 0xFF, 0xFF, 0xFF, 
		0x00, 0xFF, 0xFF, 0xFF, 0x00, 0x00, 0x00, 0x80, 0x80, 0x80, 0xC0, 0xC0, 0xC0, 0xFF, 0xFF, 0xFF, 
		0xFF, 0xFF, 0xFF, 0xFF, 0xFF, 0xFF, 0xFF, 0xFF, 0xFF, 0xFF, 0xFF, 0xFF, 0x80, 0x80, 0x80, 0x00, 
		0x00, 0x80, 0x00, 0x00, 0x80, 0x00, 0x00, 0x80, 0x80, 0x80, 0x80, 0x80, 0x80, 0x80, 0x80, 0x80, 
		0x80, 0x00, 0x00, 0x80, 0x00, 0x00, 0x80, 0x00, 0x00, 0x80, 0x00, 0x00, 0x80, 0x00, 0x00, 0x80, 
		0x00, 0x00, 0x80, 0x00, 0x00, 0x80, 0x80, 0x80, 0x00, 0x80, 0x80, 0x00, 0x80, 0x80, 0x00, 0x80, 
		0x80, 0x00, 0xFF, 0xFF, 0x00, 0xFF, 0xFF, 0x00, 0xFF, 0xFF, 0xFF, 0xFF, 0xFF, 0x00, 0xFF, 0xFF, 
		0xFF, 0xFF, 0xFF, 0xFF, 0x00, 0x00, 0x00, 0x80, 0x80, 0x80, 0xC0, 0xC0, 0xC0, 0xFF, 0xFF, 0xFF, 
		0xFF, 0xFF, 0xFF, 0xFF, 0xFF, 0xFF, 0xFF, 0xFF, 0xFF, 0xFF, 0xFF, 0xFF, 0x80, 0x80, 0x80, 0x00, 
		0x00, 0x80, 0x00, 0x00, 0x80, 0x80, 0x80, 0x80, 0x00, 0x00, 0x80, 0x00, 0x00, 0x80, 0x00, 0x00, 
		0x80, 0x00, 0x00, 0x80, 0x00, 0x00, 0x80, 0x00, 0x00, 0x80, 0x00, 0x00, 0x80, 0x00, 0x00, 0x80, 
		0x00, 0x00, 0x80, 0x80, 0x80, 0x00, 0xC0, 0xC0, 0xC0, 0xC0, 0xC0, 0xC0, 0xC0, 0xC0, 0xC0, 0x80, 
		0x80, 0x00, 0xFF, 0xFF, 0x00, 0xFF, 0xFF, 0xFF, 0xFF, 0xFF, 0xFF, 0xFF, 0xFF, 0xFF, 0xFF, 0xFF, 
		0xFF, 0xFF, 0xFF, 0xFF, 0x00, 0x00, 0x00, 0x80, 0x80, 0x80, 0xC0, 0xC0, 0xC0, 0xFF, 0xFF, 0xFF, 
		0xFF, 0xFF, 0xFF, 0xFF, 0xFF, 0xFF, 0xFF, 0xFF, 0xFF, 0xFF, 0xFF, 0xFF, 0x80, 0x80, 0x80, 0x00, 
		0x00, 0x80, 0x00, 0x00, 0x80, 0x00, 0x00, 0x80, 0x00, 0x00, 0x80, 0x00, 0x00, 0x80, 0x00, 0x00, 
		0x80, 0x00, 0x00, 0x80, 0x00, 0x00, 0x80, 0x00, 0x00, 0x80, 0x00, 0x00, 0x80, 0x00, 0x00, 0x80, 
		0x80, 0x80, 0x00, 0xFF, 0xFF, 0xFF, 0xFF, 0xFF, 0xFF, 0xFF, 0xFF, 0x00, 0x80, 0x80, 0x00, 0xFF, 
		0xFF, 0xFF, 0xFF, 0xFF, 0xFF, 0xFF, 0xFF, 0xFF, 0xFF, 0xFF, 0xFF, 0xFF, 0xFF, 0xFF, 0xFF, 0xFF, 
		0xFF, 0xFF, 0xFF, 0xFF, 0x00, 0x00, 0x00, 0x00, 0x00, 0x00, 0x80, 0x80, 0x80, 0x80, 0x80, 0x80, 
		0xFF, 0xFF, 0xFF, 0xFF, 0xFF, 0xFF, 0xFF, 0xFF, 0xFF, 0xFF, 0xFF, 0xFF, 0x80, 0x80, 0x80, 0x00, 
		0x00, 0x80, 0x00, 0x00, 0x80, 0x00, 0x00, 0x80, 0x00, 0x00, 0x80, 0x00, 0x00, 0x80, 0x00, 0x00, 
		0x80, 0x00, 0x00, 0x80, 0x00, 0x00, 0x80, 0x00, 0x00, 0x80, 0x00, 0x00, 0x80, 0x00, 0x00, 0x80, 
		0x80, 0x80, 0x00, 0xFF, 0xFF, 0xFF, 0xFF, 0xFF, 0xFF, 0xFF, 0xFF, 0xFF, 0x80, 0x80, 0x00, 0xFF, 
		0xFF, 0xFF, 0xFF, 0xFF, 0xFF, 0xFF, 0xFF, 0xFF, 0xFF, 0xFF, 0xFF, 0xFF, 0xFF, 0xFF, 0xFF, 0xFF, 
		0xFF, 0xFF, 0xFF, 0xFF, 0x00, 0x00, 0x00, 0x80, 0x80, 0x80, 0xFF, 0xFF, 0xFF, 0x80, 0x80, 0x80, 
		0x00, 0x00, 0x00, 0xFF, 0xFF, 0xFF, 0xFF, 0xFF, 0xFF, 0xFF, 0xFF, 0xFF, 0x80, 0x80, 0x80, 0x00, 
		0x00, 0x80, 0x00, 0x00, 0x80, 0x00, 0x00, 0x80, 0x00, 0x00, 0x80, 0x00, 0x00, 0x80, 0x00, 0x00, 
		0x80, 0x00, 0x00, 0x80, 0x00, 0x00, 0x80, 0x00, 0x00, 0x80, 0x00, 0x00, 0x80, 0x00, 0x00, 0x80, 
		0x80, 0x80, 0x00, 0xFF, 0xFF, 0xFF, 0xFF, 0xFF, 0xFF, 0xFF, 0xFF, 0x00, 0x80, 0x80, 0x00, 0xFF, 
		0xFF, 0x00, 0xFF, 0xFF, 0xFF, 0xFF, 0xFF, 0x00, 0xFF, 0xFF, 0xFF, 0xFF, 0xFF, 0x00, 0xFF, 0xFF, 
		0xFF, 0xFF, 0xFF, 0x00, 0x00, 0x00, 0x00, 0x80, 0x80, 0x80, 0xFF, 0xFF, 0xFF, 0x80, 0x80, 0x80, 
		0x00, 0x00, 0x00, 0xFF, 0xFF, 0xFF, 0xFF, 0xFF, 0xFF, 0xFF, 0xFF, 0xFF, 0x80, 0x80, 0x80, 0x00, 
		0x00, 0x80, 0x00, 0x00, 0x80, 0x00, 0x00, 0x80, 0x00, 0x00, 0x80, 0x00, 0x00, 0x80, 0x00, 0x00, 
		0x80, 0x00, 0x00, 0x80, 0x00, 0x00, 0x80, 0x00, 0x00, 0x80, 0x00, 0x00, 0x80, 0x00, 0x00, 0x80, 
		0x80, 0x80, 0x00, 0xFF, 0xFF, 0xFF, 0xFF, 0xFF, 0x00, 0xFF, 0xFF, 0xFF, 0x80, 0x80, 0x00, 0xFF, 
		0xFF, 0xFF, 0xFF, 0xFF, 0x00, 0xFF, 0xFF, 0xFF, 0xFF, 0xFF, 0x00, 0xFF, 0xFF, 0xFF, 0xFF, 0xFF, 
		0x00, 0xFF, 0xFF, 0xFF, 0x00, 0x00, 0x00, 0x80, 0x80, 0x80, 0xC0, 0xC0, 0xC0, 0x80, 0x80, 0x80, 
		0x00, 0x00, 0x00, 0xFF, 0xFF, 0xFF, 0xFF, 0xFF, 0xFF, 0xFF, 0xFF, 0xFF, 0x80, 0x80, 0x80, 0x00, 
		0x00, 0x80, 0x00, 0x00, 0x80, 0x80, 0x80, 0x80, 0x80, 0x80, 0x80, 0x80, 0x80, 0x80, 0x80, 0x80, 
		0x80, 0x80, 0x80, 0x80, 0x80, 0x80, 0x80, 0x80, 0x80, 0x80, 0x80, 0x80, 0x80, 0x80, 0x80, 0x80, 
		0x80, 0x80, 0x00, 0xFF, 0xFF, 0xFF, 0xC0, 0xC0, 0xC0, 0xFF, 0xFF, 0x00, 0x80, 0x80, 0x00, 0xFF, 
		0xFF, 0x00, 0xC0, 0xC0, 0xC0, 0xFF, 0xFF, 0x00, 0xC0, 0xC0, 0xC0, 0xFF, 0xFF, 0x00, 0xC0, 0xC0, 
		0xC0, 0xFF, 0xFF, 0x00, 0x00, 0x00, 0x00, 0x80, 0x80, 0x80, 0xC0, 0xC0, 0xC0, 0x80, 0x80, 0x80, 
		0x00, 0x00, 0x00, 0xFF, 0xFF, 0xFF, 0xFF, 0xFF, 0xFF, 0xFF, 0xFF, 0xFF, 0x80, 0x80, 0x80, 0x00, 
		0x00, 0x80, 0x00, 0x00, 0x80, 0x00, 0x00, 0x80, 0x00, 0x00, 0x80, 0x00, 0x00, 0x80, 0x00, 0x00, 
		0x80, 0x00, 0x00, 0x80, 0x00, 0x00, 0x80, 0x00, 0x00, 0x80, 0x00, 0x00, 0x80, 0x00, 0x00, 0x80, 
		0x80, 0x80, 0x00, 0xFF, 0xFF, 0xFF, 0xFF, 0xFF, 0x00, 0xC0, 0xC0, 0xC0, 0x80, 0x80, 0x00, 0xC0, 
		0xC0, 0xC0, 0xFF, 0xFF, 0x00, 0xC0, 0xC0, 0xC0, 0xFF, 0xFF, 0x00, 0xC0, 0xC0, 0xC0, 0xFF, 0xFF, 
		0x00, 0xC0, 0xC0, 0xC0, 0x00, 0x00, 0x00, 0x80, 0x80, 0x80, 0x80, 0x80, 0x80, 0x80, 0x80, 0x80, 
		0x00, 0x00, 0x00, 0xFF, 0xFF, 0xFF, 0xFF, 0xFF, 0xFF, 0xFF, 0xFF, 0xFF, 0x80, 0x80, 0x80, 0x00, 
		0x00, 0x80, 0x00, 0x00, 0x80, 0x00, 0x00, 0x80, 0x00, 0x00, 0x80, 0x00, 0x00, 0x80, 0x00, 0x00, 
		0x80, 0x00, 0x00, 0x80, 0x00, 0x00, 0x80, 0x00, 0x00, 0x80, 0x00, 0x00, 0x80, 0x00, 0x00, 0x80, 
		0x80, 0x80, 0x00, 0xFF, 0xFF, 0xFF, 0xC0, 0xC0, 0xC0, 0xFF, 0xFF, 0x00, 0x80, 0x80, 0x00, 0xFF, 
		0xFF, 0x00, 0xC0, 0xC0, 0xC0, 0xFF, 0xFF, 0x00, 0xC0, 0xC0, 0xC0, 0xFF, 0xFF, 0x00, 0xC0, 0xC0, 
		0xC0, 0xFF, 0xFF, 0x00, 0x00, 0x00, 0x00, 0x00, 0x00, 0x00, 0x00, 0x00, 0x00, 0x00, 0x00, 0x00, 
		0xC0, 0xC0, 0xC0, 0xFF, 0xFF, 0xFF, 0xFF, 0xFF, 0xFF, 0xFF, 0xFF, 0xFF, 0x80, 0x80, 0x80, 0x00, 
		0x00, 0x80, 0x00, 0x00, 0x80, 0x00, 0x00, 0x80, 0x00, 0x00, 0x80, 0x00, 0x00, 0x80, 0x00, 0x00, 
		0x80, 0x00, 0x00, 0x80, 0x00, 0x00, 0x80, 0x00, 0x00, 0x80, 0x00, 0x00, 0x80, 0x00, 0x00, 0x80, 
		0x00, 0x00, 0x80, 0x80, 0x80, 0x00, 0x80, 0x80, 0x00, 0x80, 0x80, 0x00, 0x80, 0x80, 0x00, 0x80, 
		0x80, 0x00, 0xFF, 0xFF, 0x00, 0xC0, 0xC0, 0xC0, 0xFF, 0xFF, 0x00, 0xC0, 0xC0, 0xC0, 0xFF, 0xFF, 
		0x00, 0xC0, 0xC0, 0xC0, 0x00, 0x00, 0x00, 0x80, 0x80, 0x80, 0x80, 0x80, 0x80, 0x80, 0x80, 0x80, 
		0xC0, 0xC0, 0xC0, 0xFF, 0xFF, 0xFF, 0xFF, 0xFF, 0xFF, 0xFF, 0xFF, 0xFF, 0x80, 0x80, 0x80, 0x00, 
		0x00, 0x80, 0x00, 0x00, 0x80, 0x00, 0x00, 0x80, 0x00, 0x00, 0x80, 0x00, 0x00, 0x80, 0x00, 0x00, 
		0x80, 0x00, 0x00, 0x80, 0x00, 0x00, 0x80, 0x00, 0x00, 0x80, 0x00, 0x00, 0x80, 0x00, 0x00, 0x80, 
		0x00, 0x00, 0x80, 0x00, 0x00, 0x80, 0x00, 0x00, 0x00, 0x00, 0x00, 0x00, 0x00, 0x00, 0x00, 0x00, 
		0x00, 0x00, 0x80, 0x80, 0x00, 0xFF, 0xFF, 0x00, 0xC0, 0xC0, 0xC0, 0xFF, 0xFF, 0x00, 0xC0, 0xC0, 
		0xC0, 0xFF, 0xFF, 0x00, 0x00, 0x00, 0x00, 0x80, 0x80, 0x80, 0x80, 0x80, 0x80, 0xC0, 0xC0, 0xC0, 
		0xFF, 0xFF, 0xFF, 0xFF, 0xFF, 0xFF, 0xFF, 0xFF, 0xFF, 0xFF, 0xFF, 0xFF, 0x80, 0x80, 0x80, 0x00, 
		0x00, 0x80, 0x00, 0x00, 0x80, 0x80, 0x80, 0x80, 0x00, 0x00, 0x80, 0x00, 0x00, 0x80, 0x00, 0x00, 
		0x80, 0x00, 0x00, 0x80, 0x00, 0x00, 0x80, 0x00, 0x00, 0x80, 0x00, 0x00, 0x80, 0x00, 0x00, 0x80, 
		0x00, 0x00, 0x80, 0x00, 0x00, 0x80, 0x00, 0x00, 0x80, 0x00, 0x00, 0x80, 0x00, 0x00, 0x80, 0x00, 
		0x00, 0x80, 0x00, 0x00, 0x00, 0x80, 0x80, 0x00, 0xFF, 0xFF, 0x00, 0xC0, 0xC0, 0xC0, 0xFF, 0xFF, 
		0x00, 0xC0, 0xC0, 0xC0, 0x00, 0x00, 0x00, 0x80, 0x80, 0x80, 0xC0, 0xC0, 0xC0, 0xFF, 0xFF, 0xFF, 
		0xFF, 0xFF, 0xFF, 0xFF, 0xFF, 0xFF, 0xFF, 0xFF, 0xFF, 0xFF, 0xFF, 0xFF, 0x80, 0x80, 0x80, 0x00, 
		0x00, 0x80, 0x00, 0x00, 0x80, 0x00, 0x00, 0x80, 0x80, 0x80, 0x80, 0x80, 0x80, 0x80, 0x80, 0x80, 
		0x80, 0x00, 0x00, 0x80, 0x00, 0x00, 0x80, 0x00, 0x00, 0x80, 0x00, 0x00, 0x80, 0x00, 0x00, 0x80, 
		0x00, 0x00, 0x80, 0x00, 0x00, 0x80, 0x00, 0x00, 0x80, 0x00, 0x00, 0x80, 0x00, 0x00, 0x80, 0x00, 
		0x00, 0x80, 0x00, 0x00, 0x80, 0x00, 0x00, 0x00, 0x80, 0x80, 0x00, 0x80, 0x80, 0x00, 0xC0, 0xC0, 
		0xC0, 0xFF, 0xFF, 0x00, 0x80, 0x80, 0x80, 0x00, 0x00, 0x00, 0xC0, 0xC0, 0xC0, 0xFF, 0xFF, 0xFF, 
		0xFF, 0xFF, 0xFF, 0xFF, 0xFF, 0xFF, 0xFF, 0xFF, 0xFF, 0x80, 0x80, 0x80, 0x00, 0x00, 0x80, 0x00, 
		0x00, 0x80, 0x00, 0x00, 0x80, 0x00, 0x00, 0x80, 0x00, 0x00, 0x80, 0x00, 0x00, 0x80, 0x00, 0x00, 
		0x80, 0x80, 0x80, 0x80, 0x80, 0x80, 0x80, 0x80, 0x80, 0x80, 0x00, 0x00, 0x80, 0x00, 0x00, 0x80, 
		0x00, 0x00, 0x80, 0x00, 0x00, 0x80, 0x00, 0x00, 0x80, 0x00, 0x00, 0x80, 0x00, 0x00, 0x80, 0x00, 
		0x00, 0x80, 0x00, 0x00, 0x80, 0x00, 0x00, 0x80, 0x00, 0x00, 0x00, 0x80, 0x80, 0x00, 0x80, 0x80, 
		0x00, 0x80, 0x80, 0x00, 0xC0, 0xC0, 0xC0, 0x00, 0x00, 0x00, 0xC0, 0xC0, 0xC0, 0xFF, 0xFF, 0xFF, 
		0xFF, 0xFF, 0xFF, 0xFF, 0xFF, 0xFF, 0xFF, 0xFF, 0xFF, 0x80, 0x80, 0x80, 0x00, 0x00, 0x80, 0x00, 
		0x00, 0x80, 0x00, 0x00, 0x80, 0x00, 0x00, 0x80, 0x00, 0x00, 0x80, 0x00, 0x00, 0x80, 0x00, 0x00, 
		0x80, 0x00, 0x00, 0x80, 0x00, 0x00, 0x80, 0x00, 0x00, 0x80, 0x80, 0x80, 0x80, 0x00, 0x00, 0x80, 
		0x00, 0x00, 0x80, 0x00, 0x00, 0x80, 0x00, 0x00, 0x80, 0x00, 0x00, 0x80, 0x00, 0x00, 0x80, 0x00, 
		0x00, 0x80, 0x00, 0x00, 0x80, 0x00, 0x00, 0x80, 0x00, 0x00, 0x80, 0x00, 0x00, 0x00, 0x80, 0x80, 
		0x00, 0x80, 0x80, 0x00, 0x80, 0x80, 0x00, 0x00, 0x00, 0x00, 0xC0, 0xC0, 0xC0, 0xFF, 0xFF, 0xFF, 
		0xFF, 0xFF, 0xFF, 0xFF, 0xFF, 0xFF, 0xFF, 0xFF, 0xFF, 0x80, 0x80, 0x80, 0x00, 0x00, 0x80, 0x00, 
		0x00, 0x80, 0x00, 0x00, 0x80, 0x00, 0x00, 0x80, 0x00, 0x00, 0x80, 0x00, 0x00, 0x80, 0x00, 0x00, 
		0x80, 0x00, 0x00, 0x80, 0x00, 0x00, 0x80, 0x00, 0x00, 0x80, 0x00, 0x00, 0x80, 0x00, 0x00, 0x80, 
		0x00, 0x00, 0x80, 0x00, 0x00, 0x80, 0x00, 0x00, 0x80, 0x00, 0x00, 0x80, 0x00, 0x00, 0x80, 0x00, 
		0x00, 0x80, 0x00, 0x00, 0x80, 0x00, 0x00, 0x80, 0x00, 0x00, 0x80, 0x00, 0x00, 0x80, 0x00, 0x00, 
		0x00, 0x80, 0x80, 0x00, 0x80, 0x80, 0x00, 0x80, 0x80, 0x80, 0x80, 0x80, 0x80, 0xFF, 0xFF, 0xFF, 
		0xFF, 0xFF, 0xFF, 0xFF, 0xFF, 0xFF, 0xFF, 0xFF, 0xFF, 0x80, 0x80, 0x80, 0x00, 0x00, 0x80, 0x00, 
		0x00, 0x80, 0x00, 0x00, 0x80, 0x00, 0x00, 0x80, 0x00, 0x00, 0x80, 0x00, 0x00, 0x80, 0x00, 0x00, 
		0x80, 0x00, 0x00, 0x80, 0x00, 0x00, 0x80, 0x00, 0x00, 0x80, 0x00, 0x00, 0x80, 0x00, 0x00, 0x80, 
		0x00, 0x00, 0x80, 0x00, 0x00, 0x80, 0x00, 0x00, 0x80, 0x00, 0x00, 0x80, 0x00, 0x00, 0x80, 0x00, 
		0x00, 0x80, 0x00, 0x00, 0x80, 0x00, 0x00, 0x80, 0x00, 0x00, 0x80, 0x00, 0x00, 0x80, 0x00, 0x00, 
		0x80, 0x00, 0x00, 0x00, 0x80, 0x80, 0x00, 0x80, 0x80, 0x00, 0x00, 0x00, 0x00, 0xFF, 0xFF, 0xFF, 
		0xFF, 0xFF, 0xFF, 0xFF, 0xFF, 0xFF, 0x80, 0x80, 0x80, 0x00, 0x00, 0x80, 0x00, 0x00, 0x80, 0x80, 
		0x80, 0x80, 0x80, 0x80, 0x80, 0x00, 0x00, 0x80, 0x00, 0x00, 0x80, 0x00, 0x00, 0x80, 0x00, 0x00, 
		0x80, 0x00, 0x00, 0x80, 0x00, 0x00, 0x80, 0x00, 0x00, 0x80, 0x00, 0x00, 0x80, 0x00, 0x00, 0x80, 
		0x00, 0x00, 0x80, 0x00, 0x00, 0x80, 0x00, 0x00, 0x80, 0x00, 0x00, 0x80, 0x00, 0x00, 0x80, 0x00, 
		0x00, 0x80, 0x00, 0x00, 0x80, 0x00, 0x00, 0x80, 0x00, 0x00, 0x80, 0x00, 0x00, 0x80, 0x00, 0x00, 
		0x80, 0x00, 0x00, 0x80, 0x00, 0x00, 0x00, 0x80, 0x80, 0x00, 0x00, 0x00, 0x00, 0xC0, 0xC0, 0xC0, 
		0xFF, 0xFF, 0xFF, 0xC0, 0xC0, 0xC0, 0x80, 0x80, 0x80, 0x00, 0x00, 0x80, 0x00, 0x00, 0x80, 0x00, 
		0x00, 0x80, 0x00, 0x00, 0x80, 0x80, 0x80, 0x80, 0x80, 0x80, 0x80, 0x00, 0x00, 0x80, 0x00, 0x00, 
		0x80, 0x00, 0x00, 0x80, 0x00, 0x00, 0x80, 0x00, 0x00, 0x80, 0x00, 0x00, 0x80, 0x00, 0x00, 0x80, 
		0x00, 0x00, 0x80, 0x00, 0x00, 0x80, 0x00, 0x00, 0x80, 0x00, 0x00, 0x80, 0x00, 0x00, 0x80, 0x00, 
		0x00, 0x80, 0x00, 0x00, 0x80, 0x00, 0x00, 0x80, 0x00, 0x00, 0x80, 0x00, 0x00, 0x80, 0x00, 0x00, 
		0x80, 0x00, 0x00, 0x80, 0x00, 0x00, 0x80, 0x00, 0x00, 0x00, 0x80, 0x80, 0x00, 0x00, 0x00, 0x00, 
		0xC0, 0xC0, 0xC0, 0x80, 0x80, 0x80, 0x00, 0x00, 0x80, 0x00, 0x00, 0x80, 0x00, 0x00, 0x80, 0x00, 
		0x00, 0x80, 0x00, 0x00, 0x80, 0x00, 0x00, 0x80, 0x00, 0x00, 0x80, 0x80, 0x80, 0x80, 0x80, 0x80, 
		0x80, 0x00, 0x00, 0x80, 0x00, 0x00, 0x80, 0x00, 0x00, 0x80, 0x00, 0x00, 0x80, 0x00, 0x00, 0x80, 
		0x00, 0x00, 0x80, 0x00, 0x00, 0x80, 0x00, 0x00, 0x80, 0x00, 0x00, 0x80, 0x00, 0x00, 0x80, 0x00, 
		0x00, 0x80, 0x00, 0x00, 0x80, 0x00, 0x00, 0x80, 0x00, 0x00, 0x80, 0x00, 0x00, 0x80, 0x00, 0x00, 
		0x80, 0x00, 0x00, 0x80, 0x00, 0x00, 0x80, 0x00, 0x00, 0x80, 0x00, 0x00, 0x00, 0x00, 0x00, 0x00, 
		0x00, 0x00, 0x00, 0x00, 0x00, 0x80, 0x00, 0x00, 0x80, 0x00, 0x00, 0x80, 0x00, 0x00, 0x80, 0x00, 
		0x00, 0x80, 0x00, 0x00, 0x80, 0x00, 0x00, 0x80, 0x00, 0x00, 0x80, 0x00, 0x00, 0x80, 0x00, 0x00, 
		0x80, 0x80, 0x80, 0x80, 0x00, 0x00, 0x80, 0x00, 0x00, 0x80, 0x00, 0x00, 0x80, 0x00, 0x00, 0x80, 
		0x00, 0x00, 0x80, 0x00, 0x00, 0x80, 0x00, 0x00, 0x80, 0x00, 0x00, 0x80, 0x00, 0x00, 0x80, 0x00, 
		0x00, 0x80, 0x00, 0x00, 0x80, 0x00, 0x00, 0x80, 0x00, 0x00, 0x80, 0x00, 0x00, 0x80, 0x00, 0x00, 
		0x80, 0x00, 0x00, 0x80, 0x00, 0x00, 0x80, 0x00, 0x00, 0x80, 0x00, 0x00, 0x80, 0x00, 0x00, 0x80, 
		0x00, 0x00, 0x80, 0x00, 0x00, 0x80, 0x00, 0x00, 0x80, 0x00, 0x00, 0x80, 0x00, 0x00, 0x80, 0x00, 
		0x00, 0x80, 0x00, 0x00, 0x80, 0x00, 0x00, 0x80, 0x00, 0x00, 0x80, 0x00, 0x00, 0x80, 0x00, 0x00, 
		0x80, 0x00, 0x00, 0x80, 0x00, 0x00, 0x80, 0x00, 0x00, 0x80, 0x00, 0x00, 0x80, 0x00, 0x00, 0x80, 
		0x00, 0x00, 0x80, 0x00, 0x00, 0x80, 0x00, 0x00, 0x80, 0x00, 0x00, 0x80, 0x00, 0x00, 0x80, 0x00, 
		0x00, 0x80, 0x00, 0x00, 0x80, 0x00, 0x00, 0x80, 0x00, 0x00, 0x80, 0x00, 0x00, 0x80, 0x00, 0x00, 
		0x80, 0x00, 0x00, 0x80, 0x00, 0x00, 0x80, 0x00, 0x00, 0x80, 0x00, 0x00, 0x80, 0x00, 0x00, 0x80, 
		0x00, 0x00, 0x80, 0x00, 0x00, 0x80, 0x00, 0x00, 0x80, 0x00, 0x00, 0x80, 0x00, 0x00, 0x80, 0x00, 
		0x00, 0x80, 0x00, 0x00, 0x80, 0x00, 0x00, 0x80, 0x00, 0x00, 0x80, 0x00, 0x00, 0x80, 0x00, 0x00, 
		0x80, 0x00, 0x00, 0x80, 0x00, 0x00, 0x80, 0x00, 0x00, 0x80, 0x00, 0x00, 0x80, 0x00, 0x00, 0x80
	},
	.mask = {
		true , true , true , true , true , true , true , true , true , true , true , true , true , true , true , true , 
		true , true , true , true , true , true , true , true , true , true , true , true , true , true , true , true , 
		true , true , true , true , true , true , true , true , true , true , true , true , true , true , false, false, 
		false, true , true , true , true , true , true , true , true , true , true , false, true , true , true , true , 
		true , true , true , true , true , true , true , true , true , true , true , true , true , false, false, false, 
		false, false, true , true , true , true , true , true , true , false, false, true , true , true , true , true , 
		true , true , true , true , true , true , true , true , true , true , true , true , false, false, false, false, 
		false, false, false, true , true , true , true , false, false, true , true , true , true , true , true , true , 
		true , true , true , true , true , true , true , true , true , true , true , false, false, false, false, false, 
		false, false, false, true , true , false, false, true , true , true , true , true , true , true , true , true , 
		true , true , true , true , true , true , true , true , true , true , false, false, false, false, false, false, 
		false, false, false, false, true , true , true , true , true , true , true , true , true , true , true , true , 
		true , true , true , true , true , true , true , true , true , false, false, false, false, false, false, false, 
		false, false, false, false, true , true , true , true , true , true , true , true , true , true , true , true , 
		true , true , true , true , true , true , true , true , false, false, false, false, false, false, false, false, 
		false, false, false, false, true , true , true , true , true , true , true , true , true , true , false, true , 
		true , true , true , true , true , true , true , false, false, false, false, false, false, false, false, false, 
		false, false, false, false, true , true , true , true , true , true , true , false, false, false, true , true , 
		true , true , true , true , true , true , false, false, false, false, false, false, false, false, false, false, 
		false, false, false, false, false, true , true , true , false, false, false, true , true , true , true , true , 
		true , true , false, false, false, false, false, false, false, false, false, false, false, false, false, false, 
		false, false, false, false, false, true , true , false, true , true , true , true , true , true , true , true , 
		true , false, false, false, false, false, false, false, false, false, false, false, false, false, false, false, 
		false, false, false, false, false, true , true , true , true , true , true , true , true , true , true , true , 
		false, false, false, false, false, false, false, false, false, false, false, false, false, false, false, false, 
		false, false, false, false, false, true , true , true , true , true , true , true , true , true , true , true , 
		false, false, false, false, false, false, false, false, false, false, false, false, false, false, false, false, 
		false, false, false, false, false, true , true , true , true , true , true , true , true , true , true , true , 
		false, false, false, false, false, false, false, false, false, false, false, false, false, false, false, false, 
		false, false, false, false, false, true , true , true , true , true , true , true , true , true , true , true , 
		false, false, false, false, false, false, false, false, false, false, false, false, false, false, false, false, 
		false, false, false, false, false, true , true , false, false, false, false, false, false, false, false, false, 
		false, false, false, false, false, false, false, false, false, false, false, false, false, false, false, false, 
		false, false, false, false, false, true , true , true , true , true , true , true , true , true , true , true , 
		false, false, false, false, false, false, false, false, false, false, false, false, false, false, false, false, 
		false, false, false, false, false, true , true , true , true , true , true , true , true , true , true , true , 
		false, false, false, false, false, false, false, false, false, false, false, false, false, false, false, false, 
		false, false, false, false, false, true , true , true , true , true , true , true , true , true , true , true , 
		true , false, false, false, false, false, false, false, false, false, false, false, false, false, false, false, 
		false, false, false, false, false, true , true , true , true , true , true , true , true , true , true , true , 
		true , true , false, false, false, false, false, false, false, false, false, false, false, false, false, false, 
		false, false, false, false, false, true , true , false, true , true , true , true , true , true , true , true , 
		true , true , true , true , true , true , false, false, false, false, false, false, false, false, false, false, 
		false, false, false, false, false, true , true , true , false, false, false, true , true , true , true , true , 
		true , true , true , true , true , true , true , false, false, false, false, false, false, false, false, false, 
		false, false, false, false, true , true , true , true , true , true , true , false, false, false, true , true , 
		true , true , true , true , true , true , true , true , false, false, false, false, false, false, false, false, 
		false, false, false, false, true , true , true , true , true , true , true , true , true , true , false, true , 
		true , true , true , true , true , true , true , true , true , false, false, false, false, false, false, false, 
		false, false, false, false, true , true , true , true , true , true , true , true , true , true , true , true , 
		true , true , true , true , true , true , true , true , true , true , false, false, false, false, false, false, 
		false, false, false, false, true , true , true , true , true , true , true , true , true , true , true , true , 
		true , true , true , true , true , true , true , true , true , true , true , false, false, false, false, false, 
		false, false, false, true , true , false, false, true , true , true , true , true , true , true , true , true , 
		true , true , true , true , true , true , true , true , true , true , true , true , false, false, false, false, 
		false, false, false, true , true , true , true , false, false, true , true , true , true , true , true , true , 
		true , true , true , true , true , true , true , true , true , true , true , true , true , false, false, false, 
		false, false, true , true , true , true , true , true , true , false, false, true , true , true , true , true , 
		true , true , true , true , true , true , true , true , true , true , true , true , true , true , false, false, 
		false, true , true , true , true , true , true , true , true , true , true , false, true , true , true , true , 
		true , true , true , true , true , true , true , true , true , true , true , true , true , true , true , true , 
		true , true , true , true , true , true , true , true , true , true , true , true , true , true , true , true , 
		true , true , true , true , true , true , true , true , true , true , true , true , true , true , true , true , 
		true , true , true , true , true , true , true , true , true , true , true , true , true , true , true , true
	}
};

const pwder_style::icon32 loudspeaker PROGMEM = {
	.bitmap = {
		0x00, 0x00, 0x80, 0x00, 0x00, 0x80, 0x00, 0x00, 0x80, 0x00, 0x00, 0x80, 0x00, 0x00, 0x80, 0x00, 
		0x00, 0x80, 0x00, 0x00, 0x80, 0x00, 0x00, 0x80, 0x00, 0x00, 0x80, 0x00, 0x00, 0x80, 0x00, 0x00, 
		0x80, 0x00, 0x00, 0x80, 0x00, 0x00, 0x80, 0xFF, 0x00, 0x00, 0xFF, 0x00, 0x00, 0xFF, 0x00, 0x00, 
		0xFF, 0x00, 0x00, 0xFF, 0x00, 0x00, 0x00, 0x00, 0x80, 0x00, 0x00, 0x80, 0x00, 0x00, 0x80, 0x00, 
		0x00, 0x80, 0x00, 0x00, 0x80, 0x00, 0x00, 0x80, 0x00, 0x00, 0x80, 0x00, 0x00, 0x80, 0x00, 0x00, 
		0x80, 0x00, 0x00, 0x80, 0x00, 0x00, 0x80, 0x00, 0x00, 0x80, 0x00, 0x00, 0x80, 0x00, 0x00, 0x80, 
		0x00, 0x00, 0x80, 0x00, 0x00, 0x80, 0x00, 0x00, 0x80, 0x00, 0x00, 0x80, 0x00, 0x00, 0x80, 0x00, 
		0x00, 0x80, 0x00, 0x00, 0x80, 0x00, 0x00, 0x80, 0x00, 0x00, 0x80, 0xFF, 0x00, 0x00, 0xFF, 0x00, 
		0x00, 0xFF, 0x00, 0x00, 0xFF, 0x00, 0x00, 0xFF, 0x00, 0x00, 0xFF, 0x00, 0x00, 0xFF, 0x00, 0x00, 
		0xFF, 0x00, 0x00, 0xFF, 0x00, 0x00, 0xFF, 0x00, 0x00, 0xFF, 0x00, 0x00, 0xFF, 0x00, 0x00, 0xFF, 
		0x00, 0x00, 0x00, 0x00, 0x80, 0x00, 0x00, 0x80, 0x00, 0x00, 0x80, 0x00, 0x00, 0x80, 0x00, 0x00, 
		0x80, 0x80, 0x80, 0x80, 0x00, 0x00, 0x80, 0x00, 0x00, 0x80, 0x00, 0x00, 0x80, 0x00, 0x00, 0x80, 
		0x00, 0x00, 0x80, 0x00, 0x00, 0x80, 0x00, 0x00, 0x80, 0x00, 0x00, 0x80, 0x00, 0x00, 0x80, 0x00, 
		0x00, 0x80, 0x00, 0x00, 0x80, 0x00, 0x00, 0x80, 0xFF, 0x00, 0x00, 0xFF, 0x00, 0x00, 0xFF, 0x00, 
		0x00, 0xFF, 0x00, 0x00, 0xFF, 0x00, 0x00, 0x80, 0x80, 0x00, 0xC0, 0xC0, 0xC0, 0x00, 0x00, 0x00, 
		0xC0, 0xC0, 0xC0, 0x80, 0x80, 0x80, 0xFF, 0x00, 0x00, 0xFF, 0x00, 0x00, 0xFF, 0x00, 0x00, 0xFF, 
		0x00, 0x00, 0xFF, 0x00, 0x00, 0x00, 0x00, 0x80, 0x00, 0x00, 0x80, 0x80, 0x80, 0x80, 0x80, 0x80, 
		0x80, 0x00, 0x00, 0x80, 0x00, 0x00, 0x80, 0x00, 0x00, 0x80, 0x00, 0x00, 0x80, 0x00, 0x00, 0x80, 
		0x00, 0x00, 0x80, 0x00, 0x00, 0x80, 0x00, 0x00, 0x80, 0x00, 0x00, 0x80, 0x00, 0x00, 0x80, 0x00, 
		0x00, 0x80, 0xFF, 0x00, 0x00, 0xFF, 0x00, 0x00, 0xFF, 0x00, 0x00, 0xFF, 0x00, 0x00, 0x00, 0x00, 
		0x80, 0x00, 0x00, 0x80, 0x80, 0x80, 0x00, 0xC0, 0xC0, 0xC0, 0x00, 0x00, 0x00, 0xC0, 0xC0, 0xC0, 
		0xFF, 0xFF, 0xFF, 0xC0, 0xC0, 0xC0, 0x80, 0x80, 0x80, 0x00, 0x00, 0x80, 0x00, 0x00, 0x80, 0x00, 
		0x00, 0x80, 0xFF, 0x00, 0x00, 0xFF, 0x00, 0x00, 0xFF, 0x00, 0x00, 0x00, 0x00, 0x80, 0x00, 0x00, 
		0x80, 0x00, 0x00, 0x80, 0x00, 0x00, 0x80, 0x00, 0x00, 0x80, 0x00, 0x00, 0x80, 0x00, 0x00, 0x80, 
		0x00, 0x00, 0x80, 0x00, 0x00, 0x80, 0x00, 0x00, 0x80, 0x00, 0x00, 0x80, 0x00, 0x00, 0x80, 0xFF, 
		0x00, 0x00, 0xFF, 0x00, 0x00, 0xFF, 0x00, 0x00, 0x00, 0x00, 0x80, 0x00, 0x00, 0x80, 0x00, 0x00, 
		0x80, 0x80, 0x80, 0x00, 0xC0, 0xC0, 0xC0, 0xC0, 0xC0, 0xC0, 0x00, 0x00, 0x00, 0xFF, 0xFF, 0xFF, 
		0xFF, 0xFF, 0xFF, 0xFF, 0xFF, 0xFF, 0x80, 0x80, 0x80, 0x00, 0x00, 0x80, 0x00, 0x00, 0x80, 0x80, 
		0x80, 0x80, 0x80, 0x80, 0x80, 0xFF, 0x00, 0x00, 0xFF, 0x00, 0x00, 0xFF, 0x00, 0x00, 0x00, 0x00, 
		0x80, 0x00, 0x00, 0x80, 0x00, 0x00, 0x80, 0x00, 0x00, 0x80, 0x00, 0x00, 0x80, 0x00, 0x00, 0x80, 
		0x00, 0x00, 0x80, 0x00, 0x00, 0x80, 0x00, 0x00, 0x80, 0x00, 0x00, 0x80, 0xFF, 0x00, 0x00, 0xFF, 
		0x00, 0x00, 0xFF, 0x00, 0x00, 0x00, 0x00, 0x80, 0x00, 0x00, 0x80, 0x00, 0x00, 0x80, 0x80, 0x80, 
		0x00, 0xC0, 0xC0, 0xC0, 0xFF, 0xFF, 0x00, 0x80, 0x80, 0x80, 0x80, 0x80, 0x80, 0xFF, 0xFF, 0xFF, 
		0xFF, 0xFF, 0xFF, 0xFF, 0xFF, 0xFF, 0xFF, 0xFF, 0xFF, 0x80, 0x80, 0x80, 0x00, 0x00, 0x80, 0x00, 
		0x00, 0x80, 0x00, 0x00, 0x80, 0xFF, 0x00, 0x00, 0xFF, 0x00, 0x00, 0xFF, 0x00, 0x00, 0xFF, 0x00, 
		0x00, 0x00, 0x00, 0x80, 0x00, 0x00, 0x80, 0x00, 0x00, 0x80, 0x00, 0x00, 0x80, 0x00, 0x00, 0x80, 
		0x00, 0x00, 0x80, 0x00, 0x00, 0x80, 0x00, 0x00, 0x80, 0xFF, 0x00, 0x00, 0xFF, 0x00, 0x00, 0xFF, 
		0x00, 0x00, 0x00, 0x00, 0x80, 0x00, 0x00, 0x80, 0x00, 0x00, 0x80, 0x80, 0x80, 0x00, 0xC0, 0xC0, 
		0xC0, 0xFF, 0xFF, 0x00, 0xFF, 0xFF, 0xFF, 0x00, 0x00, 0x00, 0xC0, 0xC0, 0xC0, 0xFF, 0xFF, 0xFF, 
		0xFF, 0xFF, 0xFF, 0xFF, 0xFF, 0xFF, 0xFF, 0xFF, 0xFF, 0x80, 0x80, 0x80, 0x00, 0x00, 0x80, 0x00, 
		0x00, 0x80, 0xFF, 0x00, 0x00, 0xFF, 0x00, 0x00, 0xFF, 0x00, 0x00, 0x00, 0x00, 0x80, 0xFF, 0x00, 
		0x00, 0xFF, 0x00, 0x00, 0x00, 0x00, 0x80, 0x00, 0x00, 0x80, 0x00, 0x00, 0x80, 0x00, 0x00, 0x80, 
		0x00, 0x00, 0x80, 0x00, 0x00, 0x80, 0x00, 0x00, 0x80, 0xFF, 0x00, 0x00, 0xFF, 0x00, 0x00, 0x00, 
		0x00, 0x80, 0x00, 0x00, 0x80, 0x00, 0x00, 0x80, 0x80, 0x80, 0x00, 0xC0, 0xC0, 0xC0, 0xFF, 0xFF, 
		0x00, 0xFF, 0xFF, 0xFF, 0xC0, 0xC0, 0xC0, 0x00, 0x00, 0x00, 0xC0, 0xC0, 0xC0, 0xFF, 0xFF, 0xFF, 
		0xFF, 0xFF, 0xFF, 0xFF, 0xFF, 0xFF, 0xFF, 0xFF, 0xFF, 0x80, 0x80, 0x80, 0x00, 0x00, 0x80, 0xFF, 
		0x00, 0x00, 0xFF, 0x00, 0x00, 0xFF, 0x00, 0x00, 0xFF, 0x00, 0x00, 0x00, 0x00, 0x80, 0xFF, 0x00, 
		0x00, 0xFF, 0x00, 0x00, 0x00, 0x00, 0x80, 0x00, 0x00, 0x80, 0x80, 0x80, 0x80, 0x00, 0x00, 0x80, 
		0x00, 0x00, 0x80, 0x00, 0x00, 0x80, 0xFF, 0x00, 0x00, 0xFF, 0x00, 0x00, 0x00, 0x00, 0x80, 0x00, 
		0x00, 0x80, 0x00, 0x00, 0x80, 0x80, 0x80, 0x00, 0xC0, 0xC0, 0xC0, 0xFF, 0xFF, 0x00, 0xFF, 0xFF, 
		0xFF, 0xFF, 0xFF, 0x00, 0xC0, 0xC0, 0xC0, 0x00, 0x00, 0x00, 0xC0, 0xC0, 0xC0, 0xFF, 0xFF, 0xFF, 
		0xFF, 0xFF, 0xFF, 0xFF, 0xFF, 0xFF, 0xFF, 0xFF, 0xFF, 0x80, 0x80, 0x80, 0xFF, 0x00, 0x00, 0xFF, 
		0x00, 0x00, 0xFF, 0x00, 0x00, 0xFF, 0x00, 0x00, 0x00, 0x00, 0x80, 0x00, 0x00, 0x80, 0x00, 0x00, 
		0x80, 0xFF, 0x00, 0x00, 0xFF, 0x00, 0x00, 0x80, 0x80, 0x80, 0x00, 0x00, 0x80, 0x00, 0x00, 0x80, 
		0x00, 0x00, 0x80, 0xFF, 0x00, 0x00, 0xFF, 0x00, 0x00, 0xFF, 0x00, 0x00, 0x00, 0x00, 0x80, 0x00, 
		0x00, 0x80, 0x80, 0x80, 0x00, 0xC0, 0xC0, 0xC0, 0xFF, 0xFF, 0x00, 0xFF, 0xFF, 0xFF, 0xFF, 0xFF, 
		0x00, 0xFF, 0xFF, 0xFF, 0x00, 0x00, 0x00, 0x80, 0x80, 0x80, 0xC0, 0xC0, 0xC0, 0xFF, 0xFF, 0xFF, 
		0xFF, 0xFF, 0xFF, 0xFF, 0xFF, 0xFF, 0xFF, 0xFF, 0xFF, 0xFF, 0x00, 0x00, 0xFF, 0x00, 0x00, 0xFF, 
		0x00, 0x00, 0xFF, 0x00, 0x00, 0x00, 0x00, 0x80, 0x80, 0x80, 0x80, 0x80, 0x80, 0x80, 0x80, 0x80, 
		0x80, 0x00, 0x00, 0x80, 0xFF, 0x00, 0x00, 0xFF, 0x00, 0x00, 0x00, 0x00, 0x80, 0x00, 0x00, 0x80, 
		0x00, 0x00, 0x80, 0xFF, 0x00, 0x00, 0xFF, 0x00, 0x00, 0x80, 0x80, 0x00, 0x80, 0x80, 0x00, 0x80, 
		0x80, 0x00, 0xFF, 0xFF, 0x00, 0xFF, 0xFF, 0x00, 0xFF, 0xFF, 0xFF, 0xFF, 0xFF, 0x00, 0xFF, 0xFF, 
		0xFF, 0xFF, 0xFF, 0xFF, 0x00, 0x00, 0x00, 0x80, 0x80, 0x80, 0xC0, 0xC0, 0xC0, 0xFF, 0xFF, 0xFF, 
		0xFF, 0xFF, 0xFF, 0xFF, 0xFF, 0xFF, 0xFF, 0x00, 0x00, 0xFF, 0x00, 0x00, 0xFF, 0x00, 0x00, 0xFF, 
		0x00, 0x00, 0x00, 0x00, 0x80, 0x80, 0x80, 0x80, 0x00, 0x00, 0x80, 0x00, 0x00, 0x80, 0x00, 0x00, 
		0x80, 0x00, 0x00, 0x80, 0xFF, 0x00, 0x00, 0xFF, 0x00, 0x00, 0x00, 0x00, 0x80, 0x00, 0x00, 0x80, 
		0x00, 0x00, 0x80, 0xFF, 0x00, 0x00, 0xFF, 0x00, 0x00, 0xC0, 0xC0, 0xC0, 0xC0, 0xC0, 0xC0, 0x80, 
		0x80, 0x00, 0xFF, 0xFF, 0x00, 0xFF, 0xFF, 0xFF, 0xFF, 0xFF, 0xFF, 0xFF, 0xFF, 0xFF, 0xFF, 0xFF, 
		0xFF, 0xFF, 0xFF, 0xFF, 0x00, 0x00, 0x00, 0x80, 0x80, 0x80, 0xC0, 0xC0, 0xC0, 0xFF, 0xFF, 0xFF, 
		0xFF, 0xFF, 0xFF, 0xFF, 0x00, 0x00, 0xFF, 0x00, 0x00, 0xFF, 0x00, 0x00, 0xFF, 0x00, 0x00, 0x00, 
		0x00, 0x80, 0x00, 0x00, 0x80, 0x00, 0x00, 0x80, 0x00, 0x00, 0x80, 0x00, 0x00, 0x80, 0x00, 0x00, 
		0x80, 0x00, 0x00, 0x80, 0xFF, 0x00, 0x00, 0xFF, 0x00, 0x00, 0x00, 0x00, 0x80, 0x00, 0x00, 0x80, 
		0x80, 0x80, 0x00, 0xFF, 0x00, 0x00, 0xFF, 0x00, 0x00, 0xFF, 0xFF, 0x00, 0x80, 0x80, 0x00, 0xFF, 
		0xFF, 0xFF, 0xFF, 0xFF, 0xFF, 0xFF, 0xFF, 0xFF, 0xFF, 0xFF, 0xFF, 0xFF, 0xFF, 0xFF, 0xFF, 0xFF, 
		0xFF, 0xFF, 0xFF, 0xFF, 0x00, 0x00, 0x00, 0x00, 0x00, 0x00, 0x80, 0x80, 0x80, 0x80, 0x80, 0x80, 
		0xFF, 0x00, 0x00, 0xFF, 0x00, 0x00, 0xFF, 0x00, 0x00, 0xFF, 0x00, 0x00, 0x80, 0x80, 0x80, 0x00, 
		0x00, 0x80, 0x00, 0x00, 0x80, 0x00, 0x00, 0x80, 0x00, 0x00, 0x80, 0x00, 0x00, 0x80, 0x00, 0x00, 
		0x80, 0x00, 0x00, 0x80, 0xFF, 0x00, 0x00, 0xFF, 0x00, 0x00, 0x00, 0x00, 0x80, 0x00, 0x00, 0x80, 
		0xFF, 0x00, 0x00, 0xFF, 0x00, 0x00, 0xFF, 0xFF, 0xFF, 0xFF, 0xFF, 0xFF, 0x80, 0x80, 0x00, 0xFF, 
		0xFF, 0xFF, 0xFF, 0xFF, 0xFF, 0xFF, 0xFF, 0xFF, 0xFF, 0xFF, 0xFF, 0xFF, 0xFF, 0xFF, 0xFF, 0xFF, 
		0xFF, 0xFF, 0xFF, 0xFF, 0x00, 0x00, 0x00, 0x80, 0x80, 0x80, 0xFF, 0xFF, 0xFF, 0xFF, 0x00, 0x00, 
		0xFF, 0x00, 0x00, 0xFF, 0x00, 0x00, 0xFF, 0x00, 0x00, 0xFF, 0xFF, 0xFF, 0x80, 0x80, 0x80, 0x00, 
		0x00, 0x80, 0x00, 0x00, 0x80, 0x00, 0x00, 0x80, 0x00, 0x00, 0x80, 0x00, 0x00, 0x80, 0x00, 0x00, 
		0x80, 0x00, 0x00, 0x80, 0x00, 0x00, 0x80, 0xFF, 0x00, 0x00, 0xFF, 0x00, 0x00, 0x00, 0x00, 0x80, 
		0xFF, 0x00, 0x00, 0xFF, 0x00, 0x00, 0xFF, 0xFF, 0xFF, 0xFF, 0xFF, 0x00, 0x80, 0x80, 0x00, 0xFF, 
		0xFF, 0x00, 0xFF, 0xFF, 0xFF, 0xFF, 0xFF, 0x00, 0xFF, 0xFF, 0xFF, 0xFF, 0xFF, 0x00, 0xFF, 0xFF, 
		0xFF, 0xFF, 0xFF, 0x00, 0x00, 0x00, 0x00, 0x80, 0x80, 0x80, 0xFF, 0x00, 0x00, 0xFF, 0x00, 0x00, 
		0xFF, 0x00, 0x00, 0xFF, 0x00, 0x00, 0xFF, 0xFF, 0xFF, 0xFF, 0xFF, 0xFF, 0x80, 0x80, 0x80, 0x00, 
		0x00, 0x80, 0x00, 0x00, 0x80, 0x00, 0x00, 0x80, 0x00, 0x00, 0x80, 0x00, 0x00, 0x80, 0x00, 0x00, 
		0x80, 0x00, 0x00, 0x80, 0x00, 0x00, 0x80, 0xFF, 0x00, 0x00, 0xFF, 0x00, 0x00, 0x00, 0x00, 0x80, 
		0xFF, 0x00, 0x00, 0xFF, 0x00, 0x00, 0xFF, 0xFF, 0x00, 0xFF, 0xFF, 0xFF, 0x80, 0x80, 0x00, 0xFF, 
		0xFF, 0xFF, 0xFF, 0xFF, 0x00, 0xFF, 0xFF, 0xFF, 0xFF, 0xFF, 0x00, 0xFF, 0xFF, 0xFF, 0xFF, 0xFF, 
		0x00, 0xFF, 0xFF, 0xFF, 0x00, 0x00, 0x00, 0x80, 0x80, 0x80, 0xFF, 0x00, 0x00, 0xFF, 0x00, 0x00, 
		0xFF, 0x00, 0x00, 0xFF, 0xFF, 0xFF, 0xFF, 0xFF, 0xFF, 0xFF, 0xFF, 0xFF, 0x80, 0x80, 0x80, 0x00, 
		0x00, 0x80, 0x00, 0x00, 0x80, 0x80, 0x80, 0x80, 0x80, 0x80, 0x80, 0x80, 0x80, 0x80, 0x80, 0x80, 
		0x80, 0x80, 0x80, 0x80, 0x80, 0x80, 0x80, 0xFF, 0x00, 0x00, 0xFF, 0x00, 0x00, 0x80, 0x80, 0x80, 
		0xFF, 0x00, 0x00, 0xFF, 0x00, 0x00, 0xC0, 0xC0, 0xC0, 0xFF, 0xFF, 0x00, 0x80, 0x80, 0x00, 0xFF, 
		0xFF, 0x00, 0xC0, 0xC0, 0xC0, 0xFF, 0xFF, 0x00, 0xC0, 0xC0, 0xC0, 0xFF, 0xFF, 0x00, 0xC0, 0xC0, 
		0xC0, 0xFF, 0xFF, 0x00, 0x00, 0x00, 0x00, 0xFF, 0x00, 0x00, 0xFF, 0x00, 0x00, 0xFF, 0x00, 0x00, 
		0x00, 0x00, 0x00, 0xFF, 0xFF, 0xFF, 0xFF, 0xFF, 0xFF, 0xFF, 0xFF, 0xFF, 0x80, 0x80, 0x80, 0x00, 
		0x00, 0x80, 0x00, 0x00, 0x80, 0x00, 0x00, 0x80, 0x00, 0x00, 0x80, 0x00, 0x00, 0x80, 0x00, 0x00, 
		0x80, 0x00, 0x00, 0x80, 0x00, 0x00, 0x80, 0xFF, 0x00, 0x00, 0xFF, 0x00, 0x00, 0x00, 0x00, 0x80, 
		0xFF, 0x00, 0x00, 0xFF, 0x00, 0x00, 0xFF, 0xFF, 0x00, 0xC0, 0xC0, 0xC0, 0x80, 0x80, 0x00, 0xC0, 
		0xC0, 0xC0, 0xFF, 0xFF, 0x00, 0xC0, 0xC0, 0xC0, 0xFF, 0xFF, 0x00, 0xC0, 0xC0, 0xC0, 0xFF, 0xFF, 
		0x00, 0xC0, 0xC0, 0xC0, 0xFF, 0x00, 0x00, 0xFF, 0x00, 0x00, 0xFF, 0x00, 0x00, 0xFF, 0x00, 0x00, 
		0x00, 0x00, 0x00, 0xFF, 0xFF, 0xFF, 0xFF, 0xFF, 0xFF, 0xFF, 0xFF, 0xFF, 0x80, 0x80, 0x80, 0x00, 
		0x00, 0x80, 0x00, 0x00, 0x80, 0x00, 0x00, 0x80, 0x00, 0x00, 0x80, 0x00, 0x00, 0x80, 0x00, 0x00, 
		0x80, 0x00, 0x00, 0x80, 0x00, 0x00, 0x80, 0xFF, 0x00, 0x00, 0xFF, 0x00, 0x00, 0x00, 0x00, 0x80, 
		0x80, 0x80, 0x00, 0xFF, 0x00, 0x00, 0xFF, 0x00, 0x00, 0xFF, 0xFF, 0x00, 0x80, 0x80, 0x00, 0xFF, 
		0xFF, 0x00, 0xC0, 0xC0, 0xC0, 0xFF, 0xFF, 0x00, 0xC0, 0xC0, 0xC0, 0xFF, 0xFF, 0x00, 0xC0, 0xC0, 
		0xC0, 0xFF, 0x00, 0x00, 0xFF, 0x00, 0x00, 0xFF, 0x00, 0x00, 0xFF, 0x00, 0x00, 0x00, 0x00, 0x00, 
		0xC0, 0xC0, 0xC0, 0xFF, 0xFF, 0xFF, 0xFF, 0xFF, 0xFF, 0xFF, 0xFF, 0xFF, 0x80, 0x80, 0x80, 0x00, 
		0x00, 0x80, 0x00, 0x00, 0x80, 0x00, 0x00, 0x80, 0x00, 0x00, 0x80, 0x00, 0x00, 0x80, 0x00, 0x00, 
		0x80, 0x00, 0x00, 0x80, 0xFF, 0x00, 0x00, 0xFF, 0x00, 0x00, 0x00, 0x00, 0x80, 0x00, 0x00, 0x80, 
		0x00, 0x00, 0x80, 0xFF, 0x00, 0x00, 0xFF, 0x00, 0x00, 0x80, 0x80, 0x00, 0x80, 0x80, 0x00, 0x80, 
		0x80, 0x00, 0xFF, 0xFF, 0x00, 0xC0, 0xC0, 0xC0, 0xFF, 0xFF, 0x00, 0xC0, 0xC0, 0xC0, 0xFF, 0x00, 
		0x00, 0xFF, 0x00, 0x00, 0xFF, 0x00, 0x00, 0xFF, 0x00, 0x00, 0x80, 0x80, 0x80, 0x80, 0x80, 0x80, 
		0xC0, 0xC0, 0xC0, 0xFF, 0xFF, 0xFF, 0xFF, 0xFF, 0xFF, 0xFF, 0xFF, 0xFF, 0x80, 0x80, 0x80, 0x00, 
		0x00, 0x80, 0x00, 0x00, 0x80, 0x00, 0x00, 0x80, 0x00, 0x00, 0x80, 0x00, 0x00, 0x80, 0x00, 0x00, 
		0x80, 0x00, 0x00, 0x80, 0xFF, 0x00, 0x00, 0xFF, 0x00, 0x00, 0x00, 0x00, 0x80, 0x00, 0x00, 0x80, 
		0x00, 0x00, 0x80, 0xFF, 0x00, 0x00, 0xFF, 0x00, 0x00, 0x00, 0x00, 0x00, 0x00, 0x00, 0x00, 0x00, 
		0x00, 0x00, 0x80, 0x80, 0x00, 0xFF, 0xFF, 0x00, 0xC0, 0xC0, 0xC0, 0xFF, 0x00, 0x00, 0xFF, 0x00, 
		0x00, 0xFF, 0x00, 0x00, 0xFF, 0x00, 0x00, 0x80, 0x80, 0x80, 0x80, 0x80, 0x80, 0xC0, 0xC0, 0xC0, 
		0xFF, 0xFF, 0xFF, 0xFF, 0xFF, 0xFF, 0xFF, 0xFF, 0xFF, 0xFF, 0xFF, 0xFF, 0x80, 0x80, 0x80, 0x00, 
		0x00, 0x80, 0x00, 0x00, 0x80, 0x80, 0x80, 0x80, 0x00, 0x00, 0x80, 0x00, 0x00, 0x80, 0x00, 0x00, 
		0x80, 0x00, 0x00, 0x80, 0xFF, 0x00, 0x00, 0xFF, 0x00, 0x00, 0x00, 0x00, 0x80, 0x00, 0x00, 0x80, 
		0x00, 0x00, 0x80, 0xFF, 0x00, 0x00, 0xFF, 0x00, 0x00, 0xFF, 0x00, 0x00, 0x00, 0x00, 0x80, 0x00, 
		0x00, 0x80, 0x00, 0x00, 0x00, 0x80, 0x80, 0x00, 0xFF, 0x00, 0x00, 0xFF, 0x00, 0x00, 0xFF, 0x00, 
		0x00, 0xFF, 0x00, 0x00, 0x00, 0x00, 0x00, 0x80, 0x80, 0x80, 0xC0, 0xC0, 0xC0, 0xFF, 0xFF, 0xFF, 
		0xFF, 0xFF, 0xFF, 0xFF, 0xFF, 0xFF, 0xFF, 0xFF, 0xFF, 0xFF, 0xFF, 0xFF, 0x80, 0x80, 0x80, 0x00, 
		0x00, 0x80, 0x00, 0x00, 0x80, 0x00, 0x00, 0x80, 0x80, 0x80, 0x80, 0x80, 0x80, 0x80, 0x80, 0x80, 
		0x80, 0x00, 0x00, 0x80, 0xFF, 0x00, 0x00, 0xFF, 0x00, 0x00, 0x00, 0x00, 0x80, 0x00, 0x00, 0x80, 
		0x00, 0x00, 0x80, 0x00, 0x00, 0x80, 0xFF, 0x00, 0x00, 0xFF, 0x00, 0x00, 0x00, 0x00, 0x80, 0x00, 
		0x00, 0x80, 0x00, 0x00, 0x80, 0xFF, 0x00, 0x00, 0xFF, 0x00, 0x00, 0xFF, 0x00, 0x00, 0xFF, 0x00, 
		0x00, 0xFF, 0xFF, 0x00, 0x80, 0x80, 0x80, 0x00, 0x00, 0x00, 0xC0, 0xC0, 0xC0, 0xFF, 0xFF, 0xFF, 
		0xFF, 0xFF, 0xFF, 0xFF, 0xFF, 0xFF, 0xFF, 0xFF, 0xFF, 0x80, 0x80, 0x80, 0x00, 0x00, 0x80, 0x00, 
		0x00, 0x80, 0x00, 0x00, 0x80, 0x00, 0x00, 0x80, 0x00, 0x00, 0x80, 0x00, 0x00, 0x80, 0x00, 0x00, 
		0x80, 0xFF, 0x00, 0x00, 0xFF, 0x00, 0x00, 0x80, 0x80, 0x80, 0x00, 0x00, 0x80, 0x00, 0x00, 0x80, 
		0x00, 0x00, 0x80, 0x00, 0x00, 0x80, 0x00, 0x00, 0x80, 0xFF, 0x00, 0x00, 0xFF, 0x00, 0x00, 0x00, 
		0x00, 0x80, 0xFF, 0x00, 0x00, 0xFF, 0x00, 0x00, 0xFF, 0x00, 0x00, 0xFF, 0x00, 0x00, 0x80, 0x80, 
		0x00, 0x80, 0x80, 0x00, 0xC0, 0xC0, 0xC0, 0x00, 0x00, 0x00, 0xC0, 0xC0, 0xC0, 0xFF, 0xFF, 0xFF, 
		0xFF, 0xFF, 0xFF, 0xFF, 0xFF, 0xFF, 0xFF, 0xFF, 0xFF, 0x80, 0x80, 0x80, 0x00, 0x00, 0x80, 0x00, 
		0x00, 0x80, 0x00, 0x00, 0x80, 0x00, 0x00, 0x80, 0x00, 0x00, 0x80, 0x00, 0x00, 0x80, 0xFF, 0x00, 
		0x00, 0xFF, 0x00, 0x00, 0x00, 0x00, 0x80, 0x00, 0x00, 0x80, 0x80, 0x80, 0x80, 0x00, 0x00, 0x80, 
		0x00, 0x00, 0x80, 0x00, 0x00, 0x80, 0x00, 0x00, 0x80, 0xFF, 0x00, 0x00, 0xFF, 0x00, 0x00, 0xFF, 
		0x00, 0x00, 0xFF, 0x00, 0x00, 0xFF, 0x00, 0x00, 0xFF, 0x00, 0x00, 0x00, 0x00, 0x00, 0x80, 0x80, 
		0x00, 0x80, 0x80, 0x00, 0x80, 0x80, 0x00, 0x00, 0x00, 0x00, 0xC0, 0xC0, 0xC0, 0xFF, 0xFF, 0xFF, 
		0xFF, 0xFF, 0xFF, 0xFF, 0xFF, 0xFF, 0xFF, 0xFF, 0xFF, 0x80, 0x80, 0x80, 0x00, 0x00, 0x80, 0x00, 
		0x00, 0x80, 0x00, 0x00, 0x80, 0x00, 0x00, 0x80, 0x00, 0x00, 0x80, 0x00, 0x00, 0x80, 0xFF, 0x00, 
		0x00, 0xFF, 0x00, 0x00, 0x00, 0x00, 0x80, 0x00, 0x00, 0x80, 0x00, 0x00, 0x80, 0x00, 0x00, 0x80, 
		0x00, 0x00, 0x80, 0x00, 0x00, 0x80, 0x00, 0x00, 0x80, 0x00, 0x00, 0x80, 0xFF, 0x00, 0x00, 0xFF, 
		0x00, 0x00, 0xFF, 0x00, 0x00, 0xFF, 0x00, 0x00, 0x00, 0x00, 0x80, 0x00, 0x00, 0x80, 0x00, 0x00, 
		0x00, 0x80, 0x80, 0x00, 0x80, 0x80, 0x00, 0x80, 0x80, 0x80, 0x80, 0x80, 0x80, 0xFF, 0xFF, 0xFF, 
		0xFF, 0xFF, 0xFF, 0xFF, 0xFF, 0xFF, 0xFF, 0xFF, 0xFF, 0x80, 0x80, 0x80, 0x00, 0x00, 0x80, 0x00, 
		0x00, 0x80, 0x00, 0x00, 0x80, 0x00, 0x00, 0x80, 0xFF, 0x00, 0x00, 0xFF, 0x00, 0x00, 0xFF, 0x00, 
		0x00, 0x00, 0x00, 0x80, 0x00, 0x00, 0x80, 0x00, 0x00, 0x80, 0x00, 0x00, 0x80, 0x00, 0x00, 0x80, 
		0x00, 0x00, 0x80, 0x00, 0x00, 0x80, 0x00, 0x00, 0x80, 0x00, 0x00, 0x80, 0x00, 0x00, 0x80, 0xFF, 
		0x00, 0x00, 0xFF, 0x00, 0x00, 0xFF, 0x00, 0x00, 0x00, 0x00, 0x80, 0x00, 0x00, 0x80, 0x00, 0x00, 
		0x80, 0x00, 0x00, 0x00, 0x80, 0x80, 0x00, 0x80, 0x80, 0x00, 0x00, 0x00, 0x00, 0xFF, 0xFF, 0xFF, 
		0xFF, 0xFF, 0xFF, 0xFF, 0xFF, 0xFF, 0x80, 0x80, 0x80, 0x00, 0x00, 0x80, 0x00, 0x00, 0x80, 0x80, 
		0x80, 0x80, 0x80, 0x80, 0x80, 0xFF, 0x00, 0x00, 0xFF, 0x00, 0x00, 0xFF, 0x00, 0x00, 0x00, 0x00, 
		0x80, 0x00, 0x00, 0x80, 0x00, 0x00, 0x80, 0x00, 0x00, 0x80, 0x00, 0x00, 0x80, 0x00, 0x00, 0x80, 
		0x00, 0x00, 0x80, 0x00, 0x00, 0x80, 0x00, 0x00, 0x80, 0x00, 0x00, 0x80, 0x00, 0x00, 0x80, 0x00, 
		0x00, 0x80, 0xFF, 0x00, 0x00, 0xFF, 0x00, 0x00, 0xFF, 0x00, 0x00, 0xFF, 0x00, 0x00, 0x00, 0x00, 
		0x80, 0x00, 0x00, 0x80, 0x00, 0x00, 0x00, 0x80, 0x80, 0x00, 0x00, 0x00, 0x00, 0xC0, 0xC0, 0xC0, 
		0xFF, 0xFF, 0xFF, 0xC0, 0xC0, 0xC0, 0x80, 0x80, 0x80, 0x00, 0x00, 0x80, 0x00, 0x00, 0x80, 0xFF, 
		0x00, 0x00, 0xFF, 0x00, 0x00, 0xFF, 0x00, 0x00, 0xFF, 0x00, 0x00, 0x00, 0x00, 0x80, 0x00, 0x00, 
		0x80, 0x00, 0x00, 0x80, 0x00, 0x00, 0x80, 0x00, 0x00, 0x80, 0x00, 0x00, 0x80, 0x00, 0x00, 0x80, 
		0x00, 0x00, 0x80, 0x00, 0x00, 0x80, 0x00, 0x00, 0x80, 0x00, 0x00, 0x80, 0x00, 0x00, 0x80, 0x00, 
		0x00, 0x80, 0x00, 0x00, 0x80, 0x00, 0x00, 0x80, 0xFF, 0x00, 0x00, 0xFF, 0x00, 0x00, 0xFF, 0x00, 
		0x00, 0xFF, 0x00, 0x00, 0xFF, 0x00, 0x00, 0x00, 0x00, 0x00, 0x80, 0x80, 0x00, 0x00, 0x00, 0x00, 
		0xC0, 0xC0, 0xC0, 0x80, 0x80, 0x80, 0xFF, 0x00, 0x00, 0xFF, 0x00, 0x00, 0xFF, 0x00, 0x00, 0xFF, 
		0x00, 0x00, 0xFF, 0x00, 0x00, 0x00, 0x00, 0x80, 0x00, 0x00, 0x80, 0x80, 0x80, 0x80, 0x80, 0x80, 
		0x80, 0x00, 0x00, 0x80, 0x00, 0x00, 0x80, 0x00, 0x00, 0x80, 0x00, 0x00, 0x80, 0x00, 0x00, 0x80, 
		0x00, 0x00, 0x80, 0x00, 0x00, 0x80, 0x00, 0x00, 0x80, 0x00, 0x00, 0x80, 0x00, 0x00, 0x80, 0x00, 
		0x00, 0x80, 0x00, 0x00, 0x80, 0x00, 0x00, 0x80, 0x00, 0x00, 0x80, 0xFF, 0x00, 0x00, 0xFF, 0x00, 
		0x00, 0xFF, 0x00, 0x00, 0xFF, 0x00, 0x00, 0xFF, 0x00, 0x00, 0xFF, 0x00, 0x00, 0xFF, 0x00, 0x00, 
		0xFF, 0x00, 0x00, 0xFF, 0x00, 0x00, 0xFF, 0x00, 0x00, 0xFF, 0x00, 0x00, 0xFF, 0x00, 0x00, 0xFF, 
		0x00, 0x00, 0x00, 0x00, 0x80, 0x00, 0x00, 0x80, 0x00, 0x00, 0x80, 0x00, 0x00, 0x80, 0x00, 0x00, 
		0x80, 0x80, 0x80, 0x80, 0x00, 0x00, 0x80, 0x00, 0x00, 0x80, 0x00, 0x00, 0x80, 0x00, 0x00, 0x80, 
		0x00, 0x00, 0x80, 0x00, 0x00, 0x80, 0x00, 0x00, 0x80, 0x00, 0x00, 0x80, 0x00, 0x00, 0x80, 0x00, 
		0x00, 0x80, 0x00, 0x00, 0x80, 0x00, 0x00, 0x80, 0x00, 0x00, 0x80, 0x00, 0x00, 0x80, 0x00, 0x00, 
		0x80, 0x00, 0x00, 0x80, 0x00, 0x00, 0x80, 0xFF, 0x00, 0x00, 0xFF, 0x00, 0x00, 0xFF, 0x00, 0x00, 
		0xFF, 0x00, 0x00, 0xFF, 0x00, 0x00, 0x00, 0x00, 0x80, 0x00, 0x00, 0x80, 0x00, 0x00, 0x80, 0x00, 
		0x00, 0x80, 0x00, 0x00, 0x80, 0x00, 0x00, 0x80, 0x00, 0x00, 0x80, 0x00, 0x00, 0x80, 0x00, 0x00, 
		0x80, 0x00, 0x00, 0x80, 0x00, 0x00, 0x80, 0x00, 0x00, 0x80, 0x00, 0x00, 0x80, 0x00, 0x00, 0x80, 
		0x00, 0x00, 0x80, 0x00, 0x00, 0x80, 0x00, 0x00, 0x80, 0x00, 0x00, 0x80, 0x00, 0x00, 0x80, 0x00, 
		0x00, 0x80, 0x00, 0x00, 0x80, 0x00, 0x00, 0x80, 0x00, 0x00, 0x80, 0x00, 0x00, 0x80, 0x00, 0x00, 
		0x80, 0x00, 0x00, 0x80, 0x00, 0x00, 0x80, 0x00, 0x00, 0x80, 0x00, 0x00, 0x80, 0x00, 0x00, 0x80, 
		0x00, 0x00, 0x80, 0x00, 0x00, 0x80, 0x00, 0x00, 0x80, 0x00, 0x00, 0x80, 0x00, 0x00, 0x80, 0x00, 
		0x00, 0x80, 0x00, 0x00, 0x80, 0x00, 0x00, 0x80, 0x00, 0x00, 0x80, 0x00, 0x00, 0x80, 0x00, 0x00, 
		0x80, 0x00, 0x00, 0x80, 0x00, 0x00, 0x80, 0x00, 0x00, 0x80, 0x00, 0x00, 0x80, 0x00, 0x00, 0x80
	},
	.mask = {
		true , true , true , true , true , true , true , true , true , true , true , true , true , false, false, false, 
		false, false, true , true , true , true , true , true , true , true , true , true , true , true , true , true , 
		true , true , true , true , true , true , true , true , true , false, false, false, false, false, false, false, 
		false, false, false, false, false, false, true , true , true , true , true , false, true , true , true , true , 
		true , true , true , true , true , true , true , true , false, false, false, false, false, false, false, false, 
		false, false, false, false, false, false, false, true , true , false, false, true , true , true , true , true , 
		true , true , true , true , true , true , false, false, false, false, true , true , false, false, false, false, 
		false, false, false, true , true , true , false, false, false, true , true , true , true , true , true , true , 
		true , true , true , true , true , false, false, false, true , true , true , false, false, false, false, false, 
		false, false, false, true , true , false, false, false, false, false, true , true , true , true , true , true , 
		true , true , true , true , false, false, false, true , true , true , false, false, false, false, false, false, 
		false, false, false, false, true , true , true , false, false, false, false, true , true , true , true , true , 
		true , true , true , false, false, false, true , true , true , false, false, false, false, false, false, false, 
		false, false, false, false, true , true , false, false, false, true , false, false, true , true , true , true , 
		true , true , true , false, false, true , true , true , false, false, false, false, false, false, false, false, 
		false, false, false, false, true , false, false, false, false, true , false, false, true , true , false, true , 
		true , true , false, false, true , true , true , false, false, false, false, false, false, false, false, false, 
		false, false, false, false, false, false, false, false, true , true , true , false, false, false, true , true , 
		true , false, false, false, true , true , false, false, false, false, false, false, false, false, false, false, 
		false, false, false, false, false, false, false, true , false, false, false, true , false, false, true , true , 
		true , false, false, false, false, false, false, false, false, false, false, false, false, false, false, false, 
		false, false, false, false, false, false, true , false, true , true , true , true , false, false, true , true , 
		true , false, false, false, false, false, false, false, false, false, false, false, false, false, false, false, 
		false, false, false, false, false, true , true , true , true , true , true , true , false, false, true , true , 
		false, false, false, false, false, false, false, false, false, false, false, false, false, false, false, false, 
		false, false, false, false, false, true , true , true , true , true , true , true , false, false, true , true , 
		false, false, false, false, false, false, false, false, false, false, false, false, false, false, false, false, 
		false, false, false, false, false, true , true , true , true , true , true , true , true , false, false, true , 
		false, false, false, false, false, false, false, false, false, false, false, false, false, false, false, false, 
		false, false, false, false, false, true , true , true , true , true , true , true , true , false, false, true , 
		false, false, false, false, false, false, false, false, false, false, false, false, false, false, false, false, 
		false, false, false, false, false, true , true , false, false, false, false, false, false, false, false, false, 
		false, false, false, false, false, false, false, false, false, false, false, false, false, false, false, false, 
		false, false, false, false, false, true , true , true , true , true , true , true , true , false, false, true , 
		false, false, false, false, false, false, false, false, false, false, false, false, false, false, false, false, 
		false, false, false, false, false, true , true , true , true , true , true , true , true , false, false, true , 
		false, false, false, false, false, false, false, false, false, false, false, false, false, false, false, false, 
		false, false, false, false, false, true , true , true , true , true , true , true , false, false, true , true , 
		true , false, false, false, false, false, false, false, false, false, false, false, false, false, false, false, 
		false, false, false, false, false, true , true , true , true , true , true , true , false, false, true , true , 
		true , false, false, false, false, false, false, false, false, false, false, false, false, false, false, false, 
		false, false, false, false, false, true , true , false, true , true , true , true , false, false, true , true , 
		true , false, false, false, true , true , false, false, false, false, false, false, false, false, false, false, 
		false, false, false, false, false, true , true , true , false, false, false, true , false, false, true , true , 
		true , true , false, false, true , true , true , false, false, false, false, false, false, false, false, false, 
		false, false, false, false, true , true , true , true , true , true , true , false, false, false, true , true , 
		true , true , true , false, false, true , false, false, false, false, false, false, false, false, false, false, 
		false, false, false, false, true , true , true , true , true , true , false, false, true , true , false, true , 
		true , true , true , false, false, false, false, false, false, false, false, false, false, false, false, false, 
		false, false, false, false, true , true , true , true , true , true , false, false, true , true , true , true , 
		true , true , true , true , false, false, false, false, true , true , false, false, false, false, false, false, 
		false, false, false, false, true , true , true , true , false, false, false, true , true , true , true , true , 
		true , true , true , true , true , false, false, false, true , true , true , false, false, false, false, false, 
		false, false, false, true , true , false, false, false, false, false, true , true , true , true , true , true , 
		true , true , true , true , true , true , false, false, false, false, true , true , false, false, false, false, 
		false, false, false, true , true , false, false, false, false, true , true , true , true , true , true , true , 
		true , true , true , true , true , true , true , true , false, false, false, false, false, false, false, false, 
		false, false, false, false, false, false, false, true , true , false, false, true , true , true , true , true , 
		true , true , true , true , true , true , true , true , true , false, false, false, false, false, false, false, 
		false, false, false, false, false, false, true , true , true , true , true , false, true , true , true , true , 
		true , true , true , true , true , true , true , true , true , true , true , true , true , false, false, false, 
		false, false, true , true , true , true , true , true , true , true , true , true , true , true , true , true , 
		true , true , true , true , true , true , true , true , true , true , true , true , true , true , true , true , 
		true , true , true , true , true , true , true , true , true , true , true , true , true , true , true , true
	}
};

const pwder_style::icon32 clockicon PROGMEM = {
	.bitmap = {
		0x00, 0x00, 0x80, 0x00, 0x00, 0x80, 0x00, 0x00, 0x80, 0x00, 0x00, 0x80, 0x00, 0x00, 0x80, 0x00, 
		0x00, 0x80, 0x00, 0x00, 0x80, 0x00, 0x00, 0x80, 0x00, 0x00, 0x80, 0x00, 0x00, 0x80, 0x00, 0x00, 
		0x80, 0x00, 0x00, 0x80, 0x00, 0x00, 0x00, 0x00, 0x00, 0x00, 0x00, 0x00, 0x00, 0x00, 0x00, 0x00, 
		0x00, 0x00, 0x00, 0x00, 0x00, 0x00, 0x00, 0x00, 0x00, 0x00, 0x00, 0x00, 0x00, 0x00, 0x80, 0x00, 
		0x00, 0x80, 0x00, 0x00, 0x80, 0x00, 0x00, 0x80, 0x00, 0x00, 0x80, 0x00, 0x00, 0x80, 0x00, 0x00, 
		0x80, 0x00, 0x00, 0x80, 0x00, 0x00, 0x80, 0x00, 0x00, 0x80, 0x00, 0x00, 0x80, 0x00, 0x00, 0x80, 
		0x00, 0x00, 0x80, 0x00, 0x00, 0x80, 0x00, 0x00, 0x80, 0x00, 0x00, 0x80, 0x00, 0x00, 0x80, 0x00, 
		0x00, 0x80, 0x00, 0x00, 0x80, 0x00, 0x00, 0x80, 0x00, 0x00, 0x80, 0x00, 0x00, 0x00, 0x00, 0x00, 
		0x00, 0x00, 0x00, 0x00, 0xFF, 0x00, 0x00, 0xFF, 0x00, 0x00, 0xFF, 0x00, 0x00, 0xFF, 0x00, 0x00, 
		0xFF, 0x00, 0x00, 0xFF, 0x00, 0x00, 0xFF, 0x00, 0x00, 0xFF, 0x00, 0x00, 0x00, 0x00, 0x00, 0x00, 
		0x00, 0x00, 0x00, 0x00, 0x00, 0x00, 0x00, 0x80, 0x00, 0x00, 0x80, 0x00, 0x00, 0x80, 0x00, 0x00, 
		0x80, 0x00, 0x00, 0x80, 0x00, 0x00, 0x80, 0x00, 0x00, 0x80, 0x00, 0x00, 0x80, 0x00, 0x00, 0x80, 
		0x00, 0x00, 0x80, 0x00, 0x00, 0x80, 0x00, 0x00, 0x80, 0x00, 0x00, 0x80, 0x00, 0x00, 0x80, 0x00, 
		0x00, 0x80, 0x00, 0x00, 0x80, 0x00, 0x00, 0x00, 0x00, 0x00, 0x00, 0xFF, 0x00, 0x00, 0xFF, 0x00, 
		0x00, 0xFF, 0x00, 0x00, 0xFF, 0x00, 0x00, 0xFF, 0x00, 0x00, 0xFF, 0x00, 0x00, 0xFF, 0x00, 0x00, 
		0xFF, 0x00, 0x00, 0xFF, 0x00, 0x00, 0xFF, 0x00, 0x00, 0xFF, 0x00, 0x00, 0xFF, 0x00, 0x00, 0xFF, 
		0x00, 0x00, 0xFF, 0x00, 0x00, 0x00, 0x00, 0x00, 0x00, 0x00, 0x00, 0x00, 0x00, 0x80, 0x00, 0x00, 
		0x80, 0x00, 0x00, 0x80, 0x00, 0x00, 0x80, 0x00, 0x00, 0x80, 0x00, 0x00, 0x80, 0x00, 0x00, 0x80, 
		0x00, 0x00, 0x80, 0x00, 0x00, 0x80, 0x00, 0x00, 0x80, 0x00, 0x00, 0x80, 0x00, 0x00, 0x80, 0x00, 
		0x00, 0x80, 0x00, 0x00, 0x00, 0xFF, 0x00, 0x00, 0xFF, 0x00, 0x00, 0xFF, 0x00, 0x00, 0xFF, 0x00, 
		0x00, 0xFF, 0x00, 0x00, 0xFF, 0x00, 0x00, 0xFF, 0x00, 0x00, 0xFF, 0x00, 0x00, 0xFF, 0x00, 0x00, 
		0xFF, 0x00, 0x00, 0xFF, 0x00, 0x00, 0xFF, 0x00, 0x00, 0xFF, 0x00, 0x00, 0xFF, 0x00, 0x00, 0xFF, 
		0x00, 0x00, 0xFF, 0x00, 0x00, 0xFF, 0x00, 0x00, 0xFF, 0x00, 0x00, 0x00, 0x00, 0x00, 0x00, 0x00, 
		0x80, 0x00, 0x00, 0x80, 0x00, 0x00, 0x80, 0x00, 0x00, 0x80, 0x00, 0x00, 0x80, 0x00, 0x00, 0x80, 
		0x00, 0x00, 0x80, 0x00, 0x00, 0x80, 0x00, 0x00, 0x80, 0x00, 0x00, 0x80, 0x00, 0x00, 0x80, 0x00, 
		0x00, 0x00, 0xFF, 0x00, 0x00, 0xFF, 0x00, 0x00, 0xFF, 0x00, 0x00, 0xFF, 0x00, 0x00, 0xFF, 0x00, 
		0x00, 0x00, 0x00, 0x00, 0x00, 0x00, 0x00, 0x00, 0x00, 0x00, 0x00, 0x00, 0x00, 0x00, 0x00, 0x00, 
		0x00, 0x00, 0x00, 0x00, 0x00, 0x00, 0x00, 0x00, 0x00, 0x00, 0x00, 0x00, 0x00, 0x00, 0x00, 0xFF, 
		0x00, 0x00, 0xFF, 0x00, 0x00, 0xFF, 0x00, 0x00, 0xFF, 0x00, 0x00, 0xFF, 0x00, 0x00, 0x00, 0x00, 
		0x00, 0x00, 0x00, 0x80, 0x00, 0x00, 0x80, 0x00, 0x00, 0x80, 0x00, 0x00, 0x80, 0x00, 0x00, 0x80, 
		0x00, 0x00, 0x80, 0x00, 0x00, 0x80, 0x00, 0x00, 0x80, 0x00, 0x00, 0x80, 0x00, 0x00, 0x00, 0xFF, 
		0x00, 0x00, 0xFF, 0x00, 0x00, 0xFF, 0x00, 0x00, 0xFF, 0x00, 0x00, 0x00, 0x00, 0x00, 0x00, 0x00, 
		0x00, 0xFF, 0xFF, 0xFF, 0xFF, 0xFF, 0xFF, 0xFF, 0xFF, 0xFF, 0xFF, 0xFF, 0xFF, 0xFF, 0xFF, 0xFF, 
		0xFF, 0xFF, 0xFF, 0xFF, 0xFF, 0xFF, 0xFF, 0xFF, 0xFF, 0xFF, 0xFF, 0xFF, 0xFF, 0xFF, 0xFF, 0x00, 
		0x00, 0x00, 0x00, 0x00, 0x00, 0xFF, 0x00, 0x00, 0xFF, 0x00, 0x00, 0xFF, 0x00, 0x00, 0xFF, 0x00, 
		0x00, 0x00, 0x00, 0x00, 0x00, 0x00, 0x80, 0x00, 0x00, 0x80, 0x00, 0x00, 0x80, 0x00, 0x00, 0x80, 
		0x00, 0x00, 0x80, 0x00, 0x00, 0x80, 0x00, 0x00, 0x80, 0x00, 0x00, 0x00, 0xFF, 0x00, 0x00, 0xFF, 
		0x00, 0x00, 0xFF, 0x00, 0x00, 0xFF, 0x00, 0x00, 0x00, 0x00, 0x00, 0xFF, 0xFF, 0xFF, 0xFF, 0xFF, 
		0xFF, 0xFF, 0xFF, 0xFF, 0xFF, 0xFF, 0xFF, 0xFF, 0xFF, 0xFF, 0xFF, 0xFF, 0xFF, 0xFF, 0xFF, 0x00, 
		0x00, 0x00, 0x00, 0xFF, 0xFF, 0xFF, 0xFF, 0xFF, 0xFF, 0xFF, 0xFF, 0xFF, 0xFF, 0xFF, 0xFF, 0xFF, 
		0xFF, 0xFF, 0xFF, 0xFF, 0xFF, 0x00, 0x00, 0x00, 0xFF, 0x00, 0x00, 0xFF, 0x00, 0x00, 0xFF, 0x00, 
		0x00, 0xFF, 0x00, 0x00, 0x00, 0x00, 0x00, 0x00, 0x00, 0x80, 0x00, 0x00, 0x80, 0x00, 0x00, 0x80, 
		0x00, 0x00, 0x80, 0x00, 0x00, 0x80, 0x00, 0x00, 0x00, 0xFF, 0x00, 0x00, 0xFF, 0x00, 0x00, 0xFF, 
		0x00, 0x00, 0xFF, 0x00, 0x00, 0x00, 0x00, 0x00, 0xFF, 0xFF, 0xFF, 0xFF, 0xFF, 0xFF, 0xFF, 0xFF, 
		0xFF, 0xFF, 0xFF, 0xFF, 0xFF, 0xFF, 0xFF, 0xFF, 0xFF, 0xFF, 0xFF, 0xFF, 0xFF, 0x00, 0x00, 0x00, 
		0x00, 0x00, 0x00, 0xFF, 0xFF, 0xFF, 0xFF, 0xFF, 0xFF, 0xFF, 0xFF, 0xFF, 0xFF, 0xFF, 0xFF, 0xFF, 
		0xFF, 0xFF, 0xFF, 0xFF, 0xFF, 0xFF, 0xFF, 0xFF, 0x00, 0x00, 0x00, 0xFF, 0x00, 0x00, 0xFF, 0x00, 
		0x00, 0xFF, 0x00, 0x00, 0xFF, 0x00, 0x00, 0x00, 0x00, 0x00, 0x00, 0x00, 0x80, 0x00, 0x00, 0x80, 
		0x00, 0x00, 0x80, 0x00, 0x00, 0x80, 0x00, 0x00, 0x00, 0xFF, 0x00, 0x00, 0xFF, 0x00, 0x00, 0xFF, 
		0x00, 0x00, 0x00, 0x00, 0x00, 0xFF, 0xFF, 0xFF, 0xFF, 0xFF, 0xFF, 0xFF, 0xFF, 0xFF, 0xFF, 0xFF, 
		0x00, 0x00, 0x00, 0x00, 0xFF, 0xFF, 0xFF, 0xFF, 0xFF, 0xFF, 0xFF, 0xFF, 0xFF, 0xFF, 0xFF, 0xFF, 
		0xFF, 0xFF, 0xFF, 0xFF, 0xFF, 0xFF, 0xFF, 0xFF, 0xFF, 0xFF, 0xFF, 0xFF, 0xFF, 0xFF, 0x00, 0x00, 
		0x00, 0x00, 0xFF, 0xFF, 0xFF, 0xFF, 0xFF, 0xFF, 0xFF, 0xFF, 0xFF, 0x00, 0x00, 0x00, 0xFF, 0x00, 
		0x00, 0xFF, 0x00, 0x00, 0xFF, 0x00, 0x00, 0x00, 0x00, 0x00, 0x00, 0x00, 0x80, 0x00, 0x00, 0x80, 
		0x00, 0x00, 0x80, 0x00, 0x00, 0x00, 0xFF, 0x00, 0x00, 0xFF, 0x00, 0x00, 0xFF, 0x00, 0x00, 0xFF, 
		0x00, 0x00, 0x00, 0x00, 0x00, 0xFF, 0xFF, 0xFF, 0xFF, 0xFF, 0xFF, 0xFF, 0xFF, 0xFF, 0x00, 0x00, 
		0x00, 0x00, 0x00, 0x00, 0xFF, 0xFF, 0xFF, 0xFF, 0xFF, 0xFF, 0xFF, 0xFF, 0xFF, 0x00, 0x00, 0x80, 
		0x00, 0x00, 0x00, 0xFF, 0xFF, 0xFF, 0xFF, 0xFF, 0xFF, 0xFF, 0xFF, 0xFF, 0x00, 0x00, 0x00, 0x00, 
		0x00, 0x00, 0xFF, 0xFF, 0xFF, 0xFF, 0xFF, 0xFF, 0xFF, 0xFF, 0xFF, 0x00, 0x00, 0x00, 0xFF, 0x00, 
		0x00, 0xFF, 0x00, 0x00, 0xFF, 0x00, 0x00, 0xFF, 0x00, 0x00, 0x00, 0x00, 0x00, 0x00, 0x00, 0x80, 
		0x00, 0x00, 0x80, 0x00, 0x00, 0x00, 0xFF, 0x00, 0x00, 0xFF, 0x00, 0x00, 0xFF, 0x00, 0x00, 0x00, 
		0x00, 0x00, 0xFF, 0xFF, 0xFF, 0xFF, 0xFF, 0xFF, 0xFF, 0xFF, 0xFF, 0xFF, 0xFF, 0xFF, 0xFF, 0xFF, 
		0xFF, 0xFF, 0xFF, 0xFF, 0xFF, 0xFF, 0xFF, 0xFF, 0xFF, 0xFF, 0xFF, 0xFF, 0xFF, 0x00, 0x00, 0x80, 
		0x00, 0x00, 0x00, 0xFF, 0xFF, 0xFF, 0xFF, 0xFF, 0xFF, 0xFF, 0xFF, 0xFF, 0xFF, 0xFF, 0xFF, 0xFF, 
		0xFF, 0xFF, 0xFF, 0xFF, 0xFF, 0xFF, 0xFF, 0xFF, 0xFF, 0xFF, 0xFF, 0xFF, 0xFF, 0xFF, 0x00, 0x00, 
		0x00, 0xFF, 0x00, 0x00, 0xFF, 0x00, 0x00, 0xFF, 0x00, 0x00, 0x00, 0x00, 0x00, 0x00, 0x00, 0x80, 
		0x00, 0x00, 0x80, 0x00, 0x00, 0x00, 0xFF, 0x00, 0x00, 0xFF, 0x00, 0x00, 0xFF, 0x00, 0x00, 0x00, 
		0x00, 0x00, 0xFF, 0xFF, 0xFF, 0xFF, 0xFF, 0x00, 0x00, 0x00, 0x00, 0xFF, 0xFF, 0xFF, 0xFF, 0xFF, 
		0xFF, 0xFF, 0xFF, 0xFF, 0xFF, 0xFF, 0xFF, 0xFF, 0xFF, 0xFF, 0xFF, 0xFF, 0xFF, 0x00, 0x00, 0x80, 
		0x00, 0x00, 0x00, 0xFF, 0xFF, 0xFF, 0xFF, 0xFF, 0xFF, 0xFF, 0xFF, 0xFF, 0xFF, 0xFF, 0xFF, 0xFF, 
		0xFF, 0xFF, 0xFF, 0xFF, 0xFF, 0xFF, 0xFF, 0x00, 0x00, 0x00, 0x00, 0xFF, 0xFF, 0xFF, 0x00, 0x00, 
		0x00, 0xFF, 0x00, 0x00, 0xFF, 0x00, 0x00, 0xFF, 0x00, 0x00, 0x00, 0x00, 0x00, 0x00, 0x00, 0x80, 
		0x00, 0x00, 0x00, 0xFF, 0x00, 0x00, 0xFF, 0x00, 0x00, 0xFF, 0x00, 0x00, 0x00, 0x00, 0x00, 0xFF, 
		0xFF, 0xFF, 0xFF, 0xFF, 0xFF, 0x00, 0x00, 0x00, 0x00, 0x00, 0x00, 0xFF, 0xFF, 0xFF, 0xFF, 0xFF, 
		0xFF, 0xFF, 0xFF, 0xFF, 0xFF, 0xFF, 0xFF, 0xFF, 0xFF, 0xFF, 0xFF, 0xFF, 0xFF, 0x00, 0x00, 0x80, 
		0x00, 0x00, 0x00, 0xFF, 0xFF, 0xFF, 0xFF, 0xFF, 0xFF, 0xFF, 0xFF, 0xFF, 0xFF, 0xFF, 0xFF, 0xFF, 
		0xFF, 0xFF, 0xFF, 0xFF, 0xFF, 0x00, 0x00, 0x00, 0x00, 0x00, 0x00, 0xFF, 0xFF, 0xFF, 0xFF, 0xFF, 
		0xFF, 0x00, 0x00, 0x00, 0xFF, 0x00, 0x00, 0xFF, 0x00, 0x00, 0xFF, 0x00, 0x00, 0x00, 0x00, 0x00, 
		0x00, 0x00, 0x00, 0xFF, 0x00, 0x00, 0xFF, 0x00, 0x00, 0xFF, 0x00, 0x00, 0x00, 0x00, 0x00, 0xFF, 
		0xFF, 0xFF, 0xFF, 0xFF, 0xFF, 0xFF, 0xFF, 0xFF, 0xFF, 0xFF, 0xFF, 0xFF, 0xFF, 0xFF, 0xFF, 0xFF, 
		0xFF, 0xFF, 0xFF, 0xFF, 0xFF, 0xFF, 0xFF, 0xFF, 0xFF, 0xFF, 0xFF, 0xFF, 0xFF, 0x00, 0x00, 0x80, 
		0x00, 0x00, 0x00, 0xFF, 0xFF, 0xFF, 0xFF, 0xFF, 0xFF, 0xFF, 0xFF, 0xFF, 0xFF, 0xFF, 0xFF, 0xFF, 
		0xFF, 0xFF, 0xFF, 0xFF, 0xFF, 0xFF, 0xFF, 0xFF, 0xFF, 0xFF, 0xFF, 0xFF, 0xFF, 0xFF, 0xFF, 0xFF, 
		0xFF, 0x00, 0x00, 0x00, 0xFF, 0x00, 0x00, 0xFF, 0x00, 0x00, 0xFF, 0x00, 0x00, 0x00, 0x00, 0x00, 
		0x00, 0x00, 0x00, 0xFF, 0x00, 0x00, 0xFF, 0x00, 0x00, 0xFF, 0x00, 0x00, 0x00, 0x00, 0x00, 0xFF, 
		0xFF, 0xFF, 0xFF, 0xFF, 0xFF, 0xFF, 0xFF, 0xFF, 0xFF, 0xFF, 0xFF, 0xFF, 0xFF, 0xFF, 0xFF, 0xFF, 
		0xFF, 0xFF, 0xFF, 0xFF, 0xFF, 0xFF, 0xFF, 0xFF, 0xFF, 0xFF, 0xFF, 0xFF, 0xFF, 0x00, 0x00, 0x80, 
		0x00, 0x00, 0x00, 0xFF, 0xFF, 0xFF, 0xFF, 0xFF, 0xFF, 0xFF, 0xFF, 0xFF, 0xFF, 0xFF, 0xFF, 0xFF, 
		0xFF, 0xFF, 0xFF, 0xFF, 0xFF, 0xFF, 0xFF, 0xFF, 0xFF, 0xFF, 0xFF, 0xFF, 0xFF, 0xFF, 0xFF, 0xFF, 
		0xFF, 0x00, 0x00, 0x00, 0xFF, 0x00, 0x00, 0xFF, 0x00, 0x00, 0xFF, 0x00, 0x00, 0x00, 0x00, 0x00, 
		0x00, 0x00, 0x00, 0xFF, 0x00, 0x00, 0xFF, 0x00, 0x00, 0xFF, 0x00, 0x00, 0x00, 0x00, 0x00, 0xFF, 
		0xFF, 0xFF, 0xFF, 0xFF, 0x00, 0x00, 0x00, 0x00, 0xFF, 0xFF, 0xFF, 0xFF, 0xFF, 0xFF, 0xFF, 0xFF, 
		0xFF, 0xFF, 0xFF, 0xFF, 0xFF, 0xFF, 0xFF, 0x00, 0x00, 0x80, 0x00, 0x00, 0x80, 0x00, 0x00, 0x80, 
		0x00, 0x00, 0x80, 0x00, 0x00, 0x80, 0x00, 0x00, 0x80, 0x00, 0x00, 0x80, 0x00, 0x00, 0x80, 0x00, 
		0x00, 0x80, 0xFF, 0xFF, 0xFF, 0xFF, 0xFF, 0xFF, 0xFF, 0xFF, 0x00, 0x00, 0x00, 0x00, 0xFF, 0xFF, 
		0xFF, 0x00, 0x00, 0x00, 0xFF, 0x00, 0x00, 0xFF, 0x00, 0x00, 0xFF, 0x00, 0x00, 0x00, 0x00, 0x00, 
		0x00, 0x00, 0x00, 0xFF, 0x00, 0x00, 0xFF, 0x00, 0x00, 0xFF, 0x00, 0x00, 0x00, 0x00, 0x00, 0xFF, 
		0xFF, 0xFF, 0x00, 0x00, 0x00, 0x00, 0x00, 0x00, 0xFF, 0xFF, 0xFF, 0xFF, 0xFF, 0xFF, 0xFF, 0xFF, 
		0xFF, 0xFF, 0xFF, 0xFF, 0xFF, 0xFF, 0xFF, 0x00, 0x00, 0x00, 0x00, 0x00, 0x00, 0x00, 0x00, 0x80, 
		0x00, 0x00, 0x00, 0x00, 0x00, 0x00, 0x00, 0x00, 0x00, 0x00, 0x00, 0x00, 0x00, 0x00, 0x00, 0x00, 
		0x00, 0x00, 0xFF, 0xFF, 0xFF, 0xFF, 0xFF, 0xFF, 0x00, 0x00, 0x00, 0x00, 0x00, 0x00, 0xFF, 0xFF, 
		0xFF, 0x00, 0x00, 0x00, 0xFF, 0x00, 0x00, 0xFF, 0x00, 0x00, 0xFF, 0x00, 0x00, 0x00, 0x00, 0x00, 
		0x00, 0x00, 0x00, 0xFF, 0x00, 0x00, 0xFF, 0x00, 0x00, 0xFF, 0x00, 0x00, 0x00, 0x00, 0x00, 0xFF, 
		0xFF, 0xFF, 0xFF, 0xFF, 0xFF, 0xFF, 0xFF, 0xFF, 0xFF, 0xFF, 0xFF, 0xFF, 0xFF, 0xFF, 0xFF, 0xFF, 
		0xFF, 0xFF, 0xFF, 0xFF, 0xFF, 0xFF, 0xFF, 0xFF, 0xFF, 0xFF, 0xFF, 0xFF, 0xFF, 0x00, 0x00, 0x80, 
		0x00, 0x00, 0x00, 0xFF, 0xFF, 0xFF, 0xFF, 0xFF, 0xFF, 0xFF, 0xFF, 0xFF, 0xFF, 0xFF, 0xFF, 0xFF, 
		0xFF, 0xFF, 0xFF, 0xFF, 0xFF, 0xFF, 0xFF, 0xFF, 0xFF, 0xFF, 0xFF, 0xFF, 0xFF, 0xFF, 0xFF, 0xFF, 
		0xFF, 0x00, 0x00, 0x00, 0xFF, 0x00, 0x00, 0xFF, 0x00, 0x00, 0xFF, 0x00, 0x00, 0x00, 0x00, 0x00, 
		0x00, 0x00, 0x00, 0xFF, 0x00, 0x00, 0xFF, 0x00, 0x00, 0xFF, 0x00, 0x00, 0x00, 0x00, 0x00, 0xFF, 
		0xFF, 0xFF, 0xFF, 0xFF, 0xFF, 0xFF, 0xFF, 0xFF, 0xFF, 0xFF, 0xFF, 0xFF, 0xFF, 0xFF, 0xFF, 0xFF, 
		0xFF, 0xFF, 0xFF, 0xFF, 0xFF, 0xFF, 0xFF, 0xFF, 0xFF, 0xFF, 0x80, 0x80, 0x80, 0xFF, 0xFF, 0xFF, 
		0xFF, 0xFF, 0xFF, 0xFF, 0xFF, 0xFF, 0xFF, 0xFF, 0xFF, 0xFF, 0xFF, 0xFF, 0xFF, 0xFF, 0xFF, 0xFF, 
		0xFF, 0xFF, 0xFF, 0xFF, 0xFF, 0xFF, 0xFF, 0xFF, 0xFF, 0xFF, 0xFF, 0xFF, 0xFF, 0xFF, 0xFF, 0xFF, 
		0xFF, 0x00, 0x00, 0x00, 0xFF, 0x00, 0x00, 0xFF, 0x00, 0x00, 0xFF, 0x00, 0x00, 0x00, 0x00, 0x00, 
		0x00, 0x00, 0x00, 0xFF, 0x00, 0x00, 0xFF, 0x00, 0x00, 0xFF, 0x00, 0x00, 0x00, 0x00, 0x00, 0xFF, 
		0xFF, 0xFF, 0xFF, 0xFF, 0xFF, 0xFF, 0xFF, 0x00, 0x00, 0x00, 0x00, 0xFF, 0xFF, 0xFF, 0xFF, 0xFF, 
		0xFF, 0xFF, 0xFF, 0xFF, 0xFF, 0xFF, 0xFF, 0x80, 0x80, 0x80, 0xFF, 0xFF, 0xFF, 0xFF, 0xFF, 0xFF, 
		0xFF, 0xFF, 0xFF, 0xFF, 0xFF, 0xFF, 0xFF, 0xFF, 0xFF, 0xFF, 0xFF, 0xFF, 0xFF, 0xFF, 0xFF, 0xFF, 
		0xFF, 0xFF, 0xFF, 0xFF, 0xFF, 0xFF, 0xFF, 0x00, 0x00, 0x00, 0x00, 0xFF, 0xFF, 0xFF, 0xFF, 0xFF, 
		0xFF, 0x00, 0x00, 0x00, 0xFF, 0x00, 0x00, 0xFF, 0x00, 0x00, 0xFF, 0x00, 0x00, 0x00, 0x00, 0x00, 
		0x00, 0x00, 0x80, 0x00, 0x00, 0x00, 0xFF, 0x00, 0x00, 0xFF, 0x00, 0x00, 0xFF, 0x00, 0x00, 0x00, 
		0x00, 0x00, 0xFF, 0xFF, 0xFF, 0x00, 0x00, 0x00, 0x00, 0x00, 0x00, 0xFF, 0xFF, 0xFF, 0xFF, 0xFF, 
		0xFF, 0xFF, 0xFF, 0xFF, 0x80, 0x80, 0x80, 0xFF, 0xFF, 0xFF, 0xFF, 0xFF, 0xFF, 0xFF, 0xFF, 0xFF, 
		0xFF, 0xFF, 0xFF, 0xFF, 0xFF, 0xFF, 0xFF, 0xFF, 0xFF, 0xFF, 0xFF, 0xFF, 0xFF, 0xFF, 0xFF, 0xFF, 
		0xFF, 0xFF, 0xFF, 0xFF, 0xFF, 0x00, 0x00, 0x00, 0x00, 0x00, 0x00, 0xFF, 0xFF, 0xFF, 0x00, 0x00, 
		0x00, 0xFF, 0x00, 0x00, 0xFF, 0x00, 0x00, 0xFF, 0x00, 0x00, 0x00, 0x00, 0x00, 0x00, 0x00, 0x80, 
		0x00, 0x00, 0x80, 0x00, 0x00, 0x00, 0xFF, 0x00, 0x00, 0xFF, 0x00, 0x00, 0xFF, 0x00, 0x00, 0x00, 
		0x00, 0x00, 0xFF, 0xFF, 0xFF, 0xFF, 0xFF, 0xFF, 0xFF, 0xFF, 0xFF, 0xFF, 0xFF, 0xFF, 0xFF, 0xFF, 
		0xFF, 0xFF, 0xFF, 0xFF, 0xFF, 0xFF, 0xFF, 0xFF, 0xFF, 0xFF, 0xFF, 0xFF, 0xFF, 0xFF, 0xFF, 0xFF, 
		0xFF, 0xFF, 0xFF, 0xFF, 0xFF, 0xFF, 0xFF, 0xFF, 0xFF, 0xFF, 0xFF, 0xFF, 0xFF, 0xFF, 0xFF, 0xFF, 
		0xFF, 0xFF, 0xFF, 0xFF, 0xFF, 0xFF, 0xFF, 0xFF, 0xFF, 0xFF, 0xFF, 0xFF, 0xFF, 0xFF, 0x00, 0x00, 
		0x00, 0xFF, 0x00, 0x00, 0xFF, 0x00, 0x00, 0xFF, 0x00, 0x00, 0x00, 0x00, 0x00, 0x00, 0x00, 0x80, 
		0x00, 0x00, 0x80, 0x00, 0x00, 0x00, 0xFF, 0x00, 0x00, 0xFF, 0x00, 0x00, 0xFF, 0x00, 0x00, 0xFF, 
		0x00, 0x00, 0x00, 0x00, 0x00, 0xFF, 0xFF, 0xFF, 0xFF, 0xFF, 0xFF, 0xFF, 0xFF, 0xFF, 0xFF, 0xFF, 
		0x00, 0x00, 0x00, 0x00, 0xFF, 0xFF, 0xFF, 0xFF, 0xFF, 0xFF, 0xFF, 0xFF, 0xFF, 0xFF, 0xFF, 0xFF, 
		0xFF, 0xFF, 0xFF, 0xFF, 0xFF, 0xFF, 0xFF, 0xFF, 0xFF, 0xFF, 0xFF, 0xFF, 0xFF, 0xFF, 0x00, 0x00, 
		0x00, 0x00, 0xFF, 0xFF, 0xFF, 0xFF, 0xFF, 0xFF, 0xFF, 0xFF, 0xFF, 0x00, 0x00, 0x00, 0xFF, 0x00, 
		0x00, 0xFF, 0x00, 0x00, 0xFF, 0x00, 0x00, 0xFF, 0x00, 0x00, 0x00, 0x00, 0x00, 0x00, 0x00, 0x80, 
		0x00, 0x00, 0x80, 0x00, 0x00, 0x80, 0x00, 0x00, 0x00, 0xFF, 0x00, 0x00, 0xFF, 0x00, 0x00, 0xFF, 
		0x00, 0x00, 0xFF, 0x00, 0x00, 0x00, 0x00, 0x00, 0xFF, 0xFF, 0xFF, 0xFF, 0xFF, 0xFF, 0x00, 0x00, 
		0x00, 0x00, 0x00, 0x00, 0xFF, 0xFF, 0xFF, 0xFF, 0xFF, 0xFF, 0xFF, 0xFF, 0xFF, 0xFF, 0xFF, 0xFF, 
		0xFF, 0xFF, 0xFF, 0xFF, 0xFF, 0xFF, 0xFF, 0xFF, 0xFF, 0xFF, 0xFF, 0xFF, 0x00, 0x00, 0x00, 0x00, 
		0x00, 0x00, 0xFF, 0xFF, 0xFF, 0xFF, 0xFF, 0xFF, 0x00, 0x00, 0x00, 0xFF, 0x00, 0x00, 0xFF, 0x00, 
		0x00, 0xFF, 0x00, 0x00, 0xFF, 0x00, 0x00, 0x00, 0x00, 0x00, 0x00, 0x00, 0x80, 0x00, 0x00, 0x80, 
		0x00, 0x00, 0x80, 0x00, 0x00, 0x80, 0x00, 0x00, 0x00, 0xFF, 0x00, 0x00, 0xFF, 0x00, 0x00, 0xFF, 
		0x00, 0x00, 0xFF, 0x00, 0x00, 0xFF, 0x00, 0x00, 0x00, 0x00, 0x00, 0xFF, 0xFF, 0xFF, 0xFF, 0xFF, 
		0xFF, 0xFF, 0xFF, 0xFF, 0xFF, 0xFF, 0xFF, 0xFF, 0xFF, 0xFF, 0xFF, 0xFF, 0xFF, 0xFF, 0xFF, 0x00, 
		0x00, 0x00, 0x00, 0xFF, 0xFF, 0xFF, 0xFF, 0xFF, 0xFF, 0xFF, 0xFF, 0xFF, 0xFF, 0xFF, 0xFF, 0xFF, 
		0xFF, 0xFF, 0xFF, 0xFF, 0xFF, 0x00, 0x00, 0x00, 0xFF, 0x00, 0x00, 0xFF, 0x00, 0x00, 0xFF, 0x00, 
		0x00, 0xFF, 0x00, 0x00, 0xFF, 0x00, 0x00, 0x00, 0x00, 0x00, 0x00, 0x00, 0x80, 0x00, 0x00, 0x80, 
		0x00, 0x00, 0x80, 0x00, 0x00, 0x80, 0x00, 0x00, 0x80, 0x00, 0x00, 0x00, 0xFF, 0x00, 0x00, 0xFF, 
		0x00, 0x00, 0xFF, 0x00, 0x00, 0xFF, 0x00, 0x00, 0xFF, 0x00, 0x00, 0x00, 0x00, 0x00, 0xFF, 0xFF, 
		0xFF, 0xFF, 0xFF, 0xFF, 0xFF, 0xFF, 0xFF, 0xFF, 0xFF, 0xFF, 0xFF, 0xFF, 0xFF, 0x00, 0x00, 0x00, 
		0x00, 0x00, 0x00, 0xFF, 0xFF, 0xFF, 0xFF, 0xFF, 0xFF, 0xFF, 0xFF, 0xFF, 0xFF, 0xFF, 0xFF, 0xFF, 
		0xFF, 0xFF, 0x00, 0x00, 0x00, 0xFF, 0x00, 0x00, 0xFF, 0x00, 0x00, 0xFF, 0x00, 0x00, 0xFF, 0x00, 
		0x00, 0xFF, 0x00, 0x00, 0x00, 0x00, 0x00, 0x00, 0x00, 0x80, 0x00, 0x00, 0x80, 0x00, 0x00, 0x80, 
		0x00, 0x00, 0x80, 0x00, 0x00, 0x80, 0x00, 0x00, 0x80, 0x00, 0x00, 0x80, 0x00, 0x00, 0x00, 0xFF, 
		0x00, 0x00, 0xFF, 0x00, 0x00, 0xFF, 0x00, 0x00, 0xFF, 0x00, 0x00, 0xFF, 0x00, 0x00, 0x00, 0x00, 
		0x00, 0x00, 0x00, 0x00, 0xFF, 0xFF, 0xFF, 0xFF, 0xFF, 0xFF, 0xFF, 0xFF, 0xFF, 0xFF, 0xFF, 0xFF, 
		0xFF, 0xFF, 0xFF, 0xFF, 0xFF, 0xFF, 0xFF, 0xFF, 0xFF, 0xFF, 0xFF, 0xFF, 0x00, 0x00, 0x00, 0x00, 
		0x00, 0x00, 0xFF, 0x00, 0x00, 0xFF, 0x00, 0x00, 0xFF, 0x00, 0x00, 0xFF, 0x00, 0x00, 0xFF, 0x00, 
		0x00, 0x00, 0x00, 0x00, 0x00, 0x00, 0x80, 0x00, 0x00, 0x80, 0x00, 0x00, 0x80, 0x00, 0x00, 0x80, 
		0x00, 0x00, 0x80, 0x00, 0x00, 0x80, 0x00, 0x00, 0x80, 0x00, 0x00, 0x80, 0x00, 0x00, 0x80, 0x00, 
		0x00, 0x00, 0xFF, 0x00, 0x00, 0xFF, 0x00, 0x00, 0xFF, 0x00, 0x00, 0xFF, 0x00, 0x00, 0xFF, 0x00, 
		0x00, 0xFF, 0x00, 0x00, 0x00, 0x00, 0x00, 0x00, 0x00, 0x00, 0x00, 0x00, 0x00, 0x00, 0x00, 0x00, 
		0x00, 0x00, 0x00, 0x00, 0x00, 0x00, 0x00, 0x00, 0x00, 0x00, 0x00, 0x00, 0xFF, 0x00, 0x00, 0xFF, 
		0x00, 0x00, 0xFF, 0x00, 0x00, 0xFF, 0x00, 0x00, 0xFF, 0x00, 0x00, 0xFF, 0x00, 0x00, 0x00, 0x00, 
		0x00, 0x00, 0x00, 0x80, 0x00, 0x00, 0x80, 0x00, 0x00, 0x80, 0x00, 0x00, 0x80, 0x00, 0x00, 0x80, 
		0x00, 0x00, 0x80, 0x00, 0x00, 0x80, 0x00, 0x00, 0x80, 0x00, 0x00, 0x80, 0x00, 0x00, 0x80, 0x00, 
		0x00, 0x80, 0x00, 0x00, 0x00, 0xFF, 0x00, 0x00, 0xFF, 0x00, 0x00, 0xFF, 0x00, 0x00, 0xFF, 0x00, 
		0x00, 0xFF, 0x00, 0x00, 0xFF, 0x00, 0x00, 0xFF, 0x00, 0x00, 0xFF, 0x00, 0x00, 0xFF, 0x00, 0x00, 
		0xFF, 0x00, 0x00, 0xFF, 0x00, 0x00, 0xFF, 0x00, 0x00, 0xFF, 0x00, 0x00, 0xFF, 0x00, 0x00, 0xFF, 
		0x00, 0x00, 0xFF, 0x00, 0x00, 0xFF, 0x00, 0x00, 0xFF, 0x00, 0x00, 0x00, 0x00, 0x00, 0x00, 0x00, 
		0x80, 0x00, 0x00, 0x80, 0x00, 0x00, 0x80, 0x00, 0x00, 0x80, 0x00, 0x00, 0x80, 0x00, 0x00, 0x80, 
		0x00, 0x00, 0x80, 0x00, 0x00, 0x80, 0x00, 0x00, 0x80, 0x00, 0x00, 0x80, 0x00, 0x00, 0x80, 0x00, 
		0x00, 0x80, 0x00, 0x00, 0x80, 0x00, 0x00, 0x00, 0x00, 0x00, 0x00, 0xFF, 0x00, 0x00, 0xFF, 0x00, 
		0x00, 0xFF, 0x00, 0x00, 0xFF, 0x00, 0x00, 0xFF, 0x00, 0x00, 0xFF, 0x00, 0x00, 0xFF, 0x00, 0x00, 
		0xFF, 0x00, 0x00, 0xFF, 0x00, 0x00, 0xFF, 0x00, 0x00, 0xFF, 0x00, 0x00, 0xFF, 0x00, 0x00, 0xFF, 
		0x00, 0x00, 0xFF, 0x00, 0x00, 0x00, 0x00, 0x00, 0x00, 0x00, 0x00, 0x00, 0x00, 0x80, 0x00, 0x00, 
		0x80, 0x00, 0x00, 0x80, 0x00, 0x00, 0x80, 0x00, 0x00, 0x80, 0x00, 0x00, 0x80, 0x00, 0x00, 0x80, 
		0x00, 0x00, 0x80, 0x00, 0x00, 0x80, 0x00, 0x00, 0x80, 0x00, 0x00, 0x80, 0x00, 0x00, 0x80, 0x00, 
		0x00, 0x80, 0x00, 0x00, 0x80, 0x00, 0x00, 0x80, 0x00, 0x00, 0x80, 0x00, 0x00, 0x00, 0x00, 0x00, 
		0x00, 0x00, 0x00, 0x00, 0xFF, 0x00, 0x00, 0xFF, 0x00, 0x00, 0xFF, 0x00, 0x00, 0xFF, 0x00, 0x00, 
		0xFF, 0x00, 0x00, 0xFF, 0x00, 0x00, 0xFF, 0x00, 0x00, 0xFF, 0x00, 0x00, 0x00, 0x00, 0x00, 0x00, 
		0x00, 0x00, 0x00, 0x00, 0x00, 0x00, 0x00, 0x80, 0x00, 0x00, 0x80, 0x00, 0x00, 0x80, 0x00, 0x00, 
		0x80, 0x00, 0x00, 0x80, 0x00, 0x00, 0x80, 0x00, 0x00, 0x80, 0x00, 0x00, 0x80, 0x00, 0x00, 0x80, 
		0x00, 0x00, 0x80, 0x00, 0x00, 0x80, 0x00, 0x00, 0x80, 0x00, 0x00, 0x80, 0x00, 0x00, 0x80, 0x00, 
		0x00, 0x80, 0x00, 0x00, 0x80, 0x00, 0x00, 0x80, 0x00, 0x00, 0x80, 0x00, 0x00, 0x80, 0x00, 0x00, 
		0x80, 0x00, 0x00, 0x80, 0x00, 0x00, 0x00, 0x00, 0x00, 0x00, 0x00, 0x00, 0x00, 0x00, 0x00, 0x00, 
		0x00, 0x00, 0x00, 0x00, 0x00, 0x00, 0x00, 0x00, 0x00, 0x00, 0x00, 0x00, 0x00, 0x00, 0x80, 0x00, 
		0x00, 0x80, 0x00, 0x00, 0x80, 0x00, 0x00, 0x80, 0x00, 0x00, 0x80, 0x00, 0x00, 0x80, 0x00, 0x00, 
		0x80, 0x00, 0x00, 0x80, 0x00, 0x00, 0x80, 0x00, 0x00, 0x80, 0x00, 0x00, 0x80, 0x00, 0x00, 0x80
	},
	.mask = {
		true , true , true , true , true , true , true , true , true , true , true , true , false, false, false, false, 
		false, false, false, false, true , true , true , true , true , true , true , true , true , true , true , true , 
		true , true , true , true , true , true , true , true , true , false, false, false, false, false, false, false, 
		false, false, false, false, false, false, false, true , true , true , true , true , true , true , true , true , 
		true , true , true , true , true , true , true , false, false, false, false, false, false, false, false, false, 
		false, false, false, false, false, false, false, false, false, true , true , true , true , true , true , true , 
		true , true , true , true , true , true , false, false, false, false, false, false, false, false, false, false, 
		false, false, false, false, false, false, false, false, false, false, true , true , true , true , true , true , 
		true , true , true , true , true , false, false, false, false, false, false, false, false, false, false, false, 
		false, false, false, false, false, false, false, false, false, false, false, true , true , true , true , true , 
		true , true , true , true , false, false, false, false, false, false, false, false, false, false, false, false, 
		false, false, false, false, false, false, false, false, false, false, false, false, true , true , true , true , 
		true , true , true , false, false, false, false, false, false, false, false, false, false, false, false, false, 
		false, false, false, false, false, false, false, false, false, false, false, false, false, true , true , true , 
		true , true , false, false, false, false, false, false, false, false, false, false, false, false, false, false, 
		false, false, false, false, false, false, false, false, false, false, false, false, false, false, true , true , 
		true , true , false, false, false, false, false, false, false, false, false, false, false, false, false, false, 
		false, false, false, false, false, false, false, false, false, false, false, false, false, false, true , true , 
		true , false, false, false, false, false, false, false, false, false, false, false, false, false, false, false, 
		false, false, false, false, false, false, false, false, false, false, false, false, false, false, false, true , 
		true , false, false, false, false, false, false, false, false, false, false, false, false, false, false, false, 
		false, false, false, false, false, false, false, false, false, false, false, false, false, false, false, true , 
		true , false, false, false, false, false, false, false, false, false, false, false, false, false, false, false, 
		false, false, false, false, false, false, false, false, false, false, false, false, false, false, false, true , 
		false, false, false, false, false, false, false, false, false, false, false, false, false, false, false, false, 
		false, false, false, false, false, false, false, false, false, false, false, false, false, false, false, false, 
		false, false, false, false, false, false, false, false, false, false, false, false, false, false, false, false, 
		false, false, false, false, false, false, false, false, false, false, false, false, false, false, false, false, 
		false, false, false, false, false, false, false, false, false, false, false, false, false, false, false, false, 
		false, false, false, false, false, false, false, false, false, false, false, false, false, false, false, false, 
		false, false, false, false, false, false, false, false, false, false, false, false, false, false, false, false, 
		false, false, false, false, false, false, false, false, false, false, false, false, false, false, false, false, 
		false, false, false, false, false, false, false, false, false, false, false, false, false, false, false, false, 
		false, false, false, false, false, false, false, false, false, false, false, false, false, false, false, false, 
		false, false, false, false, false, false, false, false, false, false, false, false, false, false, false, false, 
		false, false, false, false, false, false, false, false, false, false, false, false, false, false, false, false, 
		false, false, false, false, false, false, false, false, false, false, false, false, false, false, false, false, 
		false, false, false, false, false, false, false, false, false, false, false, false, false, false, false, false, 
		false, false, false, false, false, false, false, false, false, false, false, false, false, false, false, false, 
		false, false, false, false, false, false, false, false, false, false, false, false, false, false, false, false, 
		true , false, false, false, false, false, false, false, false, false, false, false, false, false, false, false, 
		false, false, false, false, false, false, false, false, false, false, false, false, false, false, false, true , 
		true , false, false, false, false, false, false, false, false, false, false, false, false, false, false, false, 
		false, false, false, false, false, false, false, false, false, false, false, false, false, false, false, true , 
		true , false, false, false, false, false, false, false, false, false, false, false, false, false, false, false, 
		false, false, false, false, false, false, false, false, false, false, false, false, false, false, false, true , 
		true , true , false, false, false, false, false, false, false, false, false, false, false, false, false, false, 
		false, false, false, false, false, false, false, false, false, false, false, false, false, false, true , true , 
		true , true , false, false, false, false, false, false, false, false, false, false, false, false, false, false, 
		false, false, false, false, false, false, false, false, false, false, false, false, false, false, true , true , 
		true , true , true , false, false, false, false, false, false, false, false, false, false, false, false, false, 
		false, false, false, false, false, false, false, false, false, false, false, false, false, true , true , true , 
		true , true , true , true , false, false, false, false, false, false, false, false, false, false, false, false, 
		false, false, false, false, false, false, false, false, false, false, false, false, true , true , true , true , 
		true , true , true , true , true , false, false, false, false, false, false, false, false, false, false, false, 
		false, false, false, false, false, false, false, false, false, false, false, true , true , true , true , true , 
		true , true , true , true , true , true , false, false, false, false, false, false, false, false, false, false, 
		false, false, false, false, false, false, false, false, false, false, true , true , true , true , true , true , 
		true , true , true , true , true , true , true , false, false, false, false, false, false, false, false, false, 
		false, false, false, false, false, false, false, false, false, true , true , true , true , true , true , true , 
		true , true , true , true , true , true , true , true , true , false, false, false, false, false, false, false, 
		false, false, false, false, false, false, false, true , true , true , true , true , true , true , true , true , 
		true , true , true , true , true , true , true , true , true , true , true , true , false, false, false, false, 
		false, false, false, false, true , true , true , true , true , true , true , true , true , true , true , true
	}
};

const pwder_style::icon32 bluetooth PROGMEM = {
	.bitmap = {
        0x00, 0x00, 0x80, 0x00, 0x00, 0x80, 0x00, 0x00, 0x80, 0x00, 0x00, 0x80, 0x00, 0x00, 0x80, 0x00, 
        0x00, 0x80, 0x00, 0x00, 0x80, 0x00, 0x00, 0x80, 0x00, 0x00, 0x80, 0x00, 0x00, 0x80, 0x00, 0x00, 
        0x00, 0x00, 0x00, 0x00, 0x00, 0x00, 0x00, 0x00, 0x00, 0x00, 0x00, 0x00, 0x00, 0x00, 0x00, 0x00, 
        0x00, 0x00, 0x00, 0x00, 0x00, 0x00, 0x00, 0x00, 0x00, 0x00, 0x00, 0x00, 0x00, 0x00, 0x00, 0x00, 
        0x00, 0x80, 0x00, 0x00, 0x80, 0x00, 0x00, 0x80, 0x00, 0x00, 0x80, 0x00, 0x00, 0x80, 0x00, 0x00, 
        0x80, 0x00, 0x00, 0x80, 0x00, 0x00, 0x80, 0x00, 0x00, 0x80, 0x00, 0x00, 0x80, 0x00, 0x00, 0x80, 
        0x00, 0x00, 0x80, 0x00, 0x00, 0x80, 0x00, 0x00, 0x80, 0x00, 0x00, 0x80, 0x00, 0x00, 0x80, 0x00, 
        0x00, 0x80, 0x00, 0x00, 0x80, 0x00, 0x00, 0x80, 0x00, 0x06, 0x81, 0x00, 0x00, 0x00, 0x00, 0x00, 
        0x00, 0x0A, 0x3D, 0x91, 0x0A, 0x3D, 0x91, 0x0A, 0x3D, 0x91, 0x0A, 0x3D, 0x91, 0x0A, 0x3D, 0x91, 
        0x0A, 0x3D, 0x91, 0x0A, 0x3D, 0x91, 0x0A, 0x3D, 0x91, 0x0A, 0x3D, 0x91, 0x00, 0x00, 0x00, 0x00, 
        0x00, 0x00, 0x00, 0x06, 0x81, 0x00, 0x00, 0x80, 0x00, 0x00, 0x80, 0x00, 0x00, 0x80, 0x00, 0x00, 
        0x80, 0x00, 0x00, 0x80, 0x00, 0x00, 0x80, 0x00, 0x00, 0x80, 0x00, 0x00, 0x80, 0x00, 0x00, 0x80, 
        0x00, 0x00, 0x80, 0x00, 0x00, 0x80, 0x00, 0x00, 0x80, 0x00, 0x00, 0x80, 0x00, 0x00, 0x80, 0x00, 
        0x00, 0x80, 0x00, 0x00, 0x80, 0x00, 0x00, 0x80, 0x00, 0x00, 0x00, 0x00, 0x00, 0x00, 0x0A, 0x3D, 
        0x91, 0x0A, 0x3D, 0x91, 0x0A, 0x3D, 0x91, 0x0A, 0x3D, 0x91, 0x0A, 0x3D, 0x91, 0x0A, 0x3D, 0x91, 
        0x0A, 0x3D, 0x91, 0x0A, 0x3D, 0x91, 0x0A, 0x3D, 0x91, 0x0A, 0x3D, 0x91, 0x0A, 0x3D, 0x91, 0x00, 
        0x00, 0x00, 0x00, 0x00, 0x00, 0x00, 0x00, 0x80, 0x00, 0x00, 0x80, 0x00, 0x00, 0x80, 0x00, 0x00, 
        0x80, 0x00, 0x00, 0x80, 0x00, 0x00, 0x80, 0x00, 0x00, 0x80, 0x00, 0x00, 0x80, 0x00, 0x00, 0x80, 
        0x00, 0x00, 0x80, 0x00, 0x00, 0x80, 0x00, 0x00, 0x80, 0x00, 0x00, 0x80, 0x00, 0x00, 0x80, 0x00, 
        0x00, 0x80, 0x00, 0x02, 0x80, 0x00, 0x00, 0x00, 0x00, 0x00, 0x00, 0x0A, 0x3D, 0x91, 0x0A, 0x3D, 
        0x91, 0x0A, 0x3D, 0x91, 0x0A, 0x3D, 0x91, 0x0A, 0x3D, 0x91, 0x21, 0x4F, 0x9B, 0x0A, 0x3D, 0x91, 
        0x0A, 0x3D, 0x91, 0x0A, 0x3D, 0x91, 0x0A, 0x3D, 0x91, 0x0A, 0x3D, 0x91, 0x0A, 0x3D, 0x91, 0x0A, 
        0x3D, 0x91, 0x00, 0x00, 0x00, 0x00, 0x00, 0x00, 0x00, 0x00, 0x80, 0x00, 0x00, 0x80, 0x00, 0x00, 
        0x80, 0x00, 0x00, 0x80, 0x00, 0x00, 0x80, 0x00, 0x00, 0x80, 0x00, 0x00, 0x80, 0x00, 0x00, 0x80, 
        0x00, 0x00, 0x80, 0x00, 0x00, 0x80, 0x00, 0x00, 0x80, 0x00, 0x00, 0x80, 0x00, 0x00, 0x80, 0x00, 
        0x00, 0x80, 0x00, 0x00, 0x00, 0x00, 0x00, 0x00, 0x0A, 0x3D, 0x91, 0x0A, 0x3D, 0x91, 0x0A, 0x3D, 
        0x91, 0x0A, 0x3D, 0x91, 0x0A, 0x3D, 0x91, 0x0A, 0x3D, 0x91, 0x8B, 0xA3, 0xCB, 0x58, 0x7B, 0xB4, 
        0x0A, 0x3D, 0x91, 0x0A, 0x3D, 0x91, 0x0A, 0x3D, 0x91, 0x0A, 0x3D, 0x91, 0x0A, 0x3D, 0x91, 0x0A, 
        0x3D, 0x91, 0x0A, 0x3D, 0x91, 0x00, 0x00, 0x00, 0x00, 0x00, 0x00, 0x00, 0x00, 0x80, 0x00, 0x00, 
        0x80, 0x00, 0x00, 0x80, 0x00, 0x00, 0x80, 0x00, 0x00, 0x80, 0x00, 0x00, 0x80, 0x00, 0x00, 0x80, 
        0x00, 0x00, 0x80, 0x00, 0x00, 0x80, 0x00, 0x00, 0x80, 0x00, 0x00, 0x80, 0x00, 0x00, 0x80, 0x00, 
        0x00, 0x80, 0x00, 0x00, 0x00, 0x0A, 0x3D, 0x91, 0x0A, 0x3D, 0x91, 0x0A, 0x3D, 0x91, 0x0A, 0x3D, 
        0x91, 0x0A, 0x3D, 0x91, 0x0A, 0x3D, 0x91, 0x0A, 0x3D, 0x91, 0x8D, 0xA4, 0xCC, 0xF5, 0xF7, 0xFB, 
        0x3D, 0x65, 0xA8, 0x0A, 0x3D, 0x91, 0x0A, 0x3D, 0x91, 0x0A, 0x3D, 0x91, 0x0A, 0x3D, 0x91, 0x0A, 
        0x3D, 0x91, 0x0A, 0x3D, 0x91, 0x0A, 0x3D, 0x91, 0x00, 0x00, 0x00, 0x00, 0x00, 0x80, 0x00, 0x00, 
        0x80, 0x00, 0x00, 0x80, 0x00, 0x00, 0x80, 0x00, 0x00, 0x80, 0x00, 0x00, 0x80, 0x00, 0x00, 0x80, 
        0x00, 0x00, 0x80, 0x00, 0x00, 0x80, 0x00, 0x00, 0x80, 0x00, 0x00, 0x80, 0x00, 0x00, 0x80, 0x00, 
        0x00, 0x00, 0x00, 0x00, 0x00, 0x0A, 0x3D, 0x91, 0x0A, 0x3D, 0x91, 0x0A, 0x3D, 0x91, 0x0A, 0x3D, 
        0x91, 0x0A, 0x3D, 0x91, 0x0A, 0x3D, 0x91, 0x0A, 0x3D, 0x91, 0x8D, 0xA4, 0xCC, 0xFF, 0xFF, 0xFF, 
        0xE8, 0xED, 0xF5, 0x29, 0x55, 0x9F, 0x0A, 0x3D, 0x91, 0x0A, 0x3D, 0x91, 0x0A, 0x3D, 0x91, 0x0A, 
        0x3D, 0x91, 0x0A, 0x3D, 0x91, 0x0A, 0x3D, 0x91, 0x00, 0x00, 0x00, 0x00, 0x00, 0x00, 0x00, 0x00, 
        0x80, 0x00, 0x00, 0x80, 0x00, 0x00, 0x80, 0x00, 0x00, 0x80, 0x00, 0x00, 0x80, 0x00, 0x00, 0x80, 
        0x00, 0x00, 0x80, 0x00, 0x00, 0x80, 0x00, 0x00, 0x80, 0x00, 0x00, 0x80, 0x00, 0x00, 0x80, 0x00, 
        0x00, 0x00, 0x0A, 0x3D, 0x91, 0x0A, 0x3D, 0x91, 0x0A, 0x3D, 0x91, 0x0A, 0x3D, 0x91, 0x0A, 0x3D, 
        0x91, 0x0A, 0x3D, 0x91, 0x0A, 0x3D, 0x91, 0x0A, 0x3D, 0x91, 0x8D, 0xA4, 0xCC, 0xFF, 0xFF, 0xFF, 
        0xFF, 0xFF, 0xFF, 0xD8, 0xE0, 0xED, 0x1A, 0x4A, 0x98, 0x0A, 0x3D, 0x91, 0x0A, 0x3D, 0x91, 0x0A, 
        0x3D, 0x91, 0x0A, 0x3D, 0x91, 0x0A, 0x3D, 0x91, 0x0A, 0x3D, 0x91, 0x00, 0x00, 0x00, 0x00, 0x00, 
        0x80, 0x00, 0x00, 0x80, 0x00, 0x00, 0x80, 0x00, 0x00, 0x80, 0x00, 0x00, 0x80, 0x00, 0x00, 0x80, 
        0x00, 0x00, 0x80, 0x00, 0x00, 0x80, 0x00, 0x00, 0x80, 0x00, 0x00, 0x80, 0x00, 0x00, 0x80, 0x00, 
        0x00, 0x00, 0x0A, 0x3D, 0x91, 0x0A, 0x3D, 0x91, 0x0A, 0x3D, 0x91, 0x0A, 0x3D, 0x91, 0x0A, 0x3D, 
        0x91, 0x0A, 0x3D, 0x91, 0x0A, 0x3D, 0x91, 0x0A, 0x3D, 0x91, 0x8D, 0xA4, 0xCC, 0xFF, 0xFF, 0xFF, 
        0xBB, 0xC9, 0xE0, 0xFF, 0xFF, 0xFF, 0xC0, 0xCD, 0xE3, 0x10, 0x42, 0x94, 0x0A, 0x3D, 0x91, 0x0A, 
        0x3D, 0x91, 0x0A, 0x3D, 0x91, 0x0A, 0x3D, 0x91, 0x0A, 0x3D, 0x91, 0x00, 0x00, 0x00, 0x00, 0x00, 
        0x80, 0x00, 0x00, 0x80, 0x00, 0x00, 0x80, 0x00, 0x00, 0x80, 0x00, 0x00, 0x80, 0x00, 0x00, 0x80, 
        0x00, 0x00, 0x80, 0x00, 0x00, 0x80, 0x00, 0x00, 0x80, 0x00, 0x00, 0x80, 0x00, 0x00, 0x80, 0x00, 
        0x00, 0x00, 0x0A, 0x3D, 0x91, 0x0A, 0x3D, 0x91, 0x0A, 0x3D, 0x91, 0x0A, 0x3D, 0x91, 0x0A, 0x3D, 
        0x91, 0x0A, 0x3D, 0x91, 0x0A, 0x3D, 0x91, 0x0A, 0x3D, 0x91, 0x8D, 0xA4, 0xCC, 0xFF, 0xFF, 0xFF, 
        0x3E, 0x66, 0xA8, 0xA8, 0xBA, 0xD8, 0xFF, 0xFF, 0xFF, 0xA9, 0xBB, 0xD9, 0x0B, 0x3E, 0x91, 0x0A, 
        0x3D, 0x91, 0x0A, 0x3D, 0x91, 0x0A, 0x3D, 0x91, 0x0A, 0x3D, 0x91, 0x00, 0x00, 0x00, 0x00, 0x00, 
        0x80, 0x00, 0x00, 0x80, 0x00, 0x00, 0x80, 0x00, 0x00, 0x80, 0x00, 0x00, 0x80, 0x00, 0x00, 0x80, 
        0x00, 0x00, 0x80, 0x00, 0x00, 0x80, 0x00, 0x00, 0x80, 0x00, 0x00, 0x80, 0x00, 0x00, 0x80, 0x00, 
        0x00, 0x00, 0x0A, 0x3D, 0x91, 0x0A, 0x3D, 0x91, 0x0A, 0x3D, 0x91, 0x0A, 0x3D, 0x91, 0x7E, 0x99, 
        0xC5, 0x30, 0x5B, 0xA2, 0x0A, 0x3D, 0x91, 0x0A, 0x3D, 0x91, 0x8D, 0xA4, 0xCC, 0xFF, 0xFF, 0xFF, 
        0x3D, 0x65, 0xA8, 0x12, 0x43, 0x94, 0xC6, 0xD2, 0xE6, 0xFF, 0xFF, 0xFF, 0x83, 0x9D, 0xC7, 0x0A, 
        0x3D, 0x91, 0x0A, 0x3D, 0x91, 0x0A, 0x3D, 0x91, 0x0A, 0x3D, 0x91, 0x00, 0x00, 0x00, 0x00, 0x00, 
        0x80, 0x00, 0x00, 0x80, 0x00, 0x00, 0x80, 0x00, 0x00, 0x80, 0x00, 0x00, 0x80, 0x00, 0x00, 0x80, 
        0x00, 0x00, 0x80, 0x00, 0x00, 0x80, 0x00, 0x00, 0x80, 0x00, 0x00, 0x80, 0x00, 0x00, 0x80, 0x00, 
        0x00, 0x00, 0x0A, 0x3D, 0x91, 0x0A, 0x3D, 0x91, 0x0A, 0x3D, 0x91, 0x3F, 0x67, 0xA9, 0xFE, 0xFE, 
        0xFF, 0xE7, 0xEC, 0xF4, 0x2F, 0x5B, 0xA2, 0x0A, 0x3D, 0x91, 0x8D, 0xA4, 0xCC, 0xFF, 0xFF, 0xFF, 
        0x3D, 0x65, 0xA8, 0x0A, 0x3D, 0x91, 0x50, 0x75, 0xB0, 0xFF, 0xFF, 0xFF, 0xFB, 0xFC, 0xFD, 0x2B, 
        0x57, 0xA0, 0x0A, 0x3D, 0x91, 0x0A, 0x3D, 0x91, 0x0A, 0x3D, 0x91, 0x00, 0x00, 0x00, 0x00, 0x00, 
        0x80, 0x00, 0x00, 0x80, 0x00, 0x00, 0x80, 0x00, 0x00, 0x80, 0x00, 0x00, 0x80, 0x00, 0x00, 0x80, 
        0x00, 0x00, 0x80, 0x00, 0x00, 0x80, 0x00, 0x00, 0x80, 0x00, 0x00, 0x80, 0x00, 0x00, 0x80, 0x00, 
        0x00, 0x00, 0x0A, 0x3D, 0x91, 0x0A, 0x3D, 0x91, 0x0A, 0x3D, 0x91, 0x0A, 0x3D, 0x91, 0x6A, 0x89, 
        0xBC, 0xFD, 0xFD, 0xFE, 0xE9, 0xED, 0xF5, 0x32, 0x5D, 0xA3, 0x8D, 0xA4, 0xCC, 0xFF, 0xFF, 0xFF, 
        0x3D, 0x65, 0xA8, 0x3C, 0x65, 0xA7, 0xEE, 0xF1, 0xF7, 0xFC, 0xFD, 0xFE, 0x62, 0x83, 0xB9, 0x0A, 
        0x3D, 0x91, 0x0A, 0x3D, 0x91, 0x0A, 0x3D, 0x91, 0x0A, 0x3D, 0x91, 0x00, 0x00, 0x00, 0x00, 0x00, 
        0x80, 0x00, 0x00, 0x80, 0x00, 0x00, 0x80, 0x00, 0x00, 0x80, 0x00, 0x00, 0x80, 0x00, 0x00, 0x80, 
        0x00, 0x00, 0x80, 0x00, 0x00, 0x80, 0x00, 0x00, 0x80, 0x00, 0x00, 0x80, 0x00, 0x00, 0x80, 0x00, 
        0x00, 0x00, 0x0A, 0x3D, 0x91, 0x0A, 0x3D, 0x91, 0x0A, 0x3D, 0x91, 0x0A, 0x3D, 0x91, 0x0A, 0x3D, 
        0x91, 0x70, 0x8E, 0xBF, 0xFE, 0xFE, 0xFF, 0xE6, 0xEB, 0xF4, 0xB0, 0xC1, 0xDC, 0xFF, 0xFF, 0xFF, 
        0x77, 0x93, 0xC2, 0xF3, 0xF5, 0xF9, 0xFA, 0xFB, 0xFD, 0x59, 0x7B, 0xB4, 0x0A, 0x3D, 0x91, 0x0A, 
        0x3D, 0x91, 0x0A, 0x3D, 0x91, 0x0A, 0x3D, 0x91, 0x0A, 0x3D, 0x91, 0x00, 0x00, 0x00, 0x00, 0x00, 
        0x80, 0x00, 0x00, 0x80, 0x00, 0x00, 0x80, 0x00, 0x00, 0x80, 0x00, 0x00, 0x80, 0x00, 0x00, 0x80, 
        0x00, 0x00, 0x80, 0x00, 0x00, 0x80, 0x00, 0x00, 0x80, 0x00, 0x00, 0x80, 0x00, 0x00, 0x80, 0x00, 
        0x00, 0x00, 0x0A, 0x3D, 0x91, 0x0A, 0x3D, 0x91, 0x0A, 0x3D, 0x91, 0x0A, 0x3D, 0x91, 0x0A, 0x3D, 
        0x91, 0x0A, 0x3D, 0x91, 0x71, 0x8E, 0xBF, 0xFE, 0xFE, 0xFF, 0xFF, 0xFF, 0xFF, 0xFF, 0xFF, 0xFF, 
        0xFE, 0xFE, 0xFF, 0xF9, 0xFA, 0xFC, 0x55, 0x78, 0xB3, 0x0A, 0x3D, 0x91, 0x0A, 0x3D, 0x91, 0x0A, 
        0x3D, 0x91, 0x0A, 0x3D, 0x91, 0x0A, 0x3D, 0x91, 0x0A, 0x3D, 0x91, 0x00, 0x00, 0x00, 0x00, 0x00, 
        0x80, 0x00, 0x00, 0x80, 0x00, 0x00, 0x80, 0x00, 0x00, 0x80, 0x00, 0x00, 0x80, 0x00, 0x00, 0x80, 
        0x00, 0x00, 0x80, 0x00, 0x00, 0x80, 0x00, 0x00, 0x80, 0x00, 0x00, 0x80, 0x00, 0x00, 0x80, 0x00, 
        0x00, 0x00, 0x0A, 0x3D, 0x91, 0x0A, 0x3D, 0x91, 0x0A, 0x3D, 0x91, 0x0A, 0x3D, 0x91, 0x0A, 0x3D, 
        0x91, 0x0A, 0x3D, 0x91, 0x0A, 0x3D, 0x91, 0x72, 0x8F, 0xC0, 0xFE, 0xFE, 0xFF, 0xFF, 0xFF, 0xFF, 
        0xF7, 0xF9, 0xFC, 0x51, 0x75, 0xB1, 0x0A, 0x3D, 0x91, 0x0A, 0x3D, 0x91, 0x0A, 0x3D, 0x91, 0x0A, 
        0x3D, 0x91, 0x0A, 0x3D, 0x91, 0x0A, 0x3D, 0x91, 0x0A, 0x3D, 0x91, 0x00, 0x00, 0x00, 0x00, 0x00, 
        0x80, 0x00, 0x00, 0x80, 0x00, 0x00, 0x80, 0x00, 0x00, 0x80, 0x00, 0x00, 0x80, 0x00, 0x00, 0x80, 
        0x00, 0x00, 0x80, 0x00, 0x00, 0x80, 0x00, 0x00, 0x80, 0x00, 0x00, 0x80, 0x00, 0x00, 0x80, 0x00, 
        0x00, 0x00, 0x0A, 0x3D, 0x91, 0x0A, 0x3D, 0x91, 0x0A, 0x3D, 0x91, 0x0A, 0x3D, 0x91, 0x0A, 0x3D, 
        0x91, 0x0A, 0x3D, 0x91, 0x0A, 0x3D, 0x91, 0x4F, 0x74, 0xB0, 0xF8, 0xFA, 0xFC, 0xFF, 0xFF, 0xFF, 
        0xE7, 0xEC, 0xF4, 0x2C, 0x58, 0xA0, 0x0A, 0x3D, 0x91, 0x0A, 0x3D, 0x91, 0x0A, 0x3D, 0x91, 0x0A, 
        0x3D, 0x91, 0x0A, 0x3D, 0x91, 0x0A, 0x3D, 0x91, 0x0A, 0x3D, 0x91, 0x00, 0x00, 0x00, 0x00, 0x00, 
        0x80, 0x00, 0x00, 0x80, 0x00, 0x00, 0x80, 0x00, 0x00, 0x80, 0x00, 0x00, 0x80, 0x00, 0x00, 0x80, 
        0x00, 0x00, 0x80, 0x00, 0x00, 0x80, 0x00, 0x00, 0x80, 0x00, 0x00, 0x80, 0x00, 0x00, 0x80, 0x00, 
        0x00, 0x00, 0x0A, 0x3D, 0x91, 0x0A, 0x3D, 0x91, 0x0A, 0x3D, 0x91, 0x0A, 0x3D, 0x91, 0x0A, 0x3D, 
        0x91, 0x0A, 0x3D, 0x91, 0x52, 0x76, 0xB1, 0xF8, 0xFA, 0xFC, 0xFF, 0xFF, 0xFF, 0xFF, 0xFF, 0xFF, 
        0xFF, 0xFF, 0xFF, 0xE3, 0xE9, 0xF2, 0x2C, 0x58, 0xA0, 0x0A, 0x3D, 0x91, 0x0A, 0x3D, 0x91, 0x0A, 
        0x3D, 0x91, 0x0A, 0x3D, 0x91, 0x0A, 0x3D, 0x91, 0x0A, 0x3D, 0x91, 0x00, 0x00, 0x00, 0x00, 0x00, 
        0x80, 0x00, 0x00, 0x80, 0x00, 0x00, 0x80, 0x00, 0x00, 0x80, 0x00, 0x00, 0x80, 0x00, 0x00, 0x80, 
        0x00, 0x00, 0x80, 0x00, 0x00, 0x80, 0x00, 0x00, 0x80, 0x00, 0x00, 0x80, 0x00, 0x00, 0x80, 0x00, 
        0x00, 0x00, 0x0A, 0x3D, 0x91, 0x0A, 0x3D, 0x91, 0x0A, 0x3D, 0x91, 0x0A, 0x3D, 0x91, 0x0A, 0x3D, 
        0x91, 0x57, 0x7A, 0xB4, 0xF9, 0xFA, 0xFC, 0xF3, 0xF6, 0xFA, 0xC2, 0xCF, 0xE4, 0xFF, 0xFF, 0xFF, 
        0xA7, 0xB9, 0xD7, 0xFF, 0xFF, 0xFF, 0xE2, 0xE8, 0xF2, 0x2B, 0x57, 0xA0, 0x0A, 0x3D, 0x91, 0x0A, 
        0x3D, 0x91, 0x0A, 0x3D, 0x91, 0x0A, 0x3D, 0x91, 0x0A, 0x3D, 0x91, 0x00, 0x00, 0x00, 0x00, 0x00, 
        0x80, 0x00, 0x00, 0x80, 0x00, 0x00, 0x80, 0x00, 0x00, 0x80, 0x00, 0x00, 0x80, 0x00, 0x00, 0x80, 
        0x00, 0x00, 0x80, 0x00, 0x00, 0x80, 0x00, 0x00, 0x80, 0x00, 0x00, 0x80, 0x00, 0x00, 0x80, 0x00, 
        0x00, 0x00, 0x0A, 0x3D, 0x91, 0x0A, 0x3D, 0x91, 0x0A, 0x3D, 0x91, 0x0A, 0x3D, 0x91, 0x5B, 0x7D, 
        0xB5, 0xFA, 0xFB, 0xFD, 0xF4, 0xF7, 0xFA, 0x47, 0x6E, 0xAD, 0x8D, 0xA4, 0xCC, 0xFF, 0xFF, 0xFF, 
        0x3D, 0x65, 0xA8, 0x76, 0x92, 0xC1, 0xFF, 0xFF, 0xFF, 0xE3, 0xE9, 0xF2, 0x2C, 0x58, 0xA0, 0x0A, 
        0x3D, 0x91, 0x0A, 0x3D, 0x91, 0x0A, 0x3D, 0x91, 0x0A, 0x3D, 0x91, 0x00, 0x00, 0x00, 0x00, 0x00, 
        0x80, 0x00, 0x00, 0x80, 0x00, 0x00, 0x80, 0x00, 0x00, 0x80, 0x00, 0x00, 0x80, 0x00, 0x00, 0x80, 
        0x00, 0x00, 0x80, 0x00, 0x00, 0x80, 0x00, 0x00, 0x80, 0x00, 0x00, 0x80, 0x00, 0x00, 0x80, 0x00, 
        0x00, 0x00, 0x0A, 0x3D, 0x91, 0x0A, 0x3D, 0x91, 0x0A, 0x3D, 0x91, 0x3C, 0x65, 0xA7, 0xFB, 0xFC, 
        0xFD, 0xF0, 0xF3, 0xF8, 0x40, 0x68, 0xA9, 0x0A, 0x3D, 0x91, 0x8D, 0xA4, 0xCC, 0xFF, 0xFF, 0xFF, 
        0x3D, 0x65, 0xA8, 0x0A, 0x3D, 0x91, 0x79, 0x95, 0xC3, 0xFF, 0xFF, 0xFF, 0xE1, 0xE7, 0xF2, 0x23, 
        0x51, 0x9C, 0x0A, 0x3D, 0x91, 0x0A, 0x3D, 0x91, 0x0A, 0x3D, 0x91, 0x00, 0x00, 0x00, 0x00, 0x00, 
        0x80, 0x00, 0x00, 0x80, 0x00, 0x00, 0x80, 0x00, 0x00, 0x80, 0x00, 0x00, 0x80, 0x00, 0x00, 0x80, 
        0x00, 0x00, 0x80, 0x00, 0x00, 0x80, 0x00, 0x00, 0x80, 0x00, 0x00, 0x80, 0x00, 0x00, 0x80, 0x00, 
        0x00, 0x00, 0x0A, 0x3D, 0x91, 0x0A, 0x3D, 0x91, 0x0A, 0x3D, 0x91, 0x0B, 0x3E, 0x91, 0x90, 0xA7, 
        0xCD, 0x3C, 0x65, 0xA7, 0x0A, 0x3D, 0x91, 0x0A, 0x3D, 0x91, 0x8D, 0xA4, 0xCC, 0xFF, 0xFF, 0xFF, 
        0x3D, 0x65, 0xA8, 0x0A, 0x3D, 0x91, 0x7F, 0x9A, 0xC6, 0xFF, 0xFF, 0xFF, 0xC4, 0xD1, 0xE5, 0x10, 
        0x42, 0x94, 0x0A, 0x3D, 0x91, 0x0A, 0x3D, 0x91, 0x0A, 0x3D, 0x91, 0x00, 0x00, 0x00, 0x00, 0x00, 
        0x80, 0x00, 0x00, 0x80, 0x00, 0x00, 0x80, 0x00, 0x00, 0x80, 0x00, 0x00, 0x80, 0x00, 0x00, 0x80, 
        0x00, 0x00, 0x80, 0x00, 0x00, 0x80, 0x00, 0x00, 0x80, 0x00, 0x00, 0x80, 0x00, 0x00, 0x80, 0x00, 
        0x00, 0x00, 0x0A, 0x3D, 0x91, 0x0A, 0x3D, 0x91, 0x0A, 0x3D, 0x91, 0x0A, 0x3D, 0x91, 0x0A, 0x3D, 
        0x91, 0x0A, 0x3D, 0x91, 0x0A, 0x3D, 0x91, 0x0A, 0x3D, 0x91, 0x8D, 0xA4, 0xCC, 0xFF, 0xFF, 0xFF, 
        0x3D, 0x65, 0xA8, 0x56, 0x79, 0xB3, 0xFD, 0xFD, 0xFE, 0xE1, 0xE7, 0xF2, 0x1F, 0x4E, 0x9A, 0x0A, 
        0x3D, 0x91, 0x0A, 0x3D, 0x91, 0x0A, 0x3D, 0x91, 0x0A, 0x3D, 0x91, 0x00, 0x00, 0x00, 0x00, 0x00, 
        0x80, 0x00, 0x00, 0x80, 0x00, 0x00, 0x80, 0x00, 0x00, 0x80, 0x00, 0x00, 0x80, 0x00, 0x00, 0x80, 
        0x00, 0x00, 0x80, 0x00, 0x00, 0x80, 0x00, 0x00, 0x80, 0x00, 0x00, 0x80, 0x00, 0x00, 0x80, 0x00, 
        0x00, 0x00, 0x0A, 0x3D, 0x91, 0x0A, 0x3D, 0x91, 0x0A, 0x3D, 0x91, 0x0A, 0x3D, 0x91, 0x0A, 0x3D, 
        0x91, 0x0A, 0x3D, 0x91, 0x0A, 0x3D, 0x91, 0x0A, 0x3D, 0x91, 0x8D, 0xA4, 0xCC, 0xFF, 0xFF, 0xFF, 
        0x65, 0x85, 0xBA, 0xF2, 0xF4, 0xF9, 0xF3, 0xF6, 0xFA, 0x36, 0x60, 0xA5, 0x0A, 0x3D, 0x91, 0x0A, 
        0x3D, 0x91, 0x0A, 0x3D, 0x91, 0x0A, 0x3D, 0x91, 0x0A, 0x3D, 0x91, 0x00, 0x00, 0x00, 0x00, 0x00, 
        0x80, 0x00, 0x00, 0x80, 0x00, 0x00, 0x80, 0x00, 0x00, 0x80, 0x00, 0x00, 0x80, 0x00, 0x00, 0x80, 
        0x00, 0x00, 0x80, 0x00, 0x00, 0x80, 0x00, 0x00, 0x80, 0x00, 0x00, 0x80, 0x00, 0x00, 0x80, 0x00, 
        0x00, 0x00, 0x0A, 0x3D, 0x91, 0x0A, 0x3D, 0x91, 0x0A, 0x3D, 0x91, 0x0A, 0x3D, 0x91, 0x0A, 0x3D, 
        0x91, 0x0A, 0x3D, 0x91, 0x0A, 0x3D, 0x91, 0x0A, 0x3D, 0x91, 0x8D, 0xA4, 0xCC, 0xFF, 0xFF, 0xFF, 
        0xF6, 0xF8, 0xFB, 0xFD, 0xFD, 0xFE, 0x56, 0x79, 0xB3, 0x0A, 0x3D, 0x91, 0x0A, 0x3D, 0x91, 0x0A, 
        0x3D, 0x91, 0x0A, 0x3D, 0x91, 0x0A, 0x3D, 0x91, 0x0A, 0x3D, 0x91, 0x00, 0x00, 0x00, 0x00, 0x00, 
        0x80, 0x00, 0x00, 0x80, 0x00, 0x00, 0x80, 0x00, 0x00, 0x80, 0x00, 0x00, 0x80, 0x00, 0x00, 0x80, 
        0x00, 0x00, 0x80, 0x00, 0x00, 0x80, 0x00, 0x00, 0x80, 0x00, 0x00, 0x80, 0x00, 0x00, 0x80, 0x00, 
        0x00, 0x00, 0x00, 0x00, 0x00, 0x0A, 0x3D, 0x91, 0x0A, 0x3D, 0x91, 0x0A, 0x3D, 0x91, 0x0A, 0x3D, 
        0x91, 0x0A, 0x3D, 0x91, 0x0A, 0x3D, 0x91, 0x0A, 0x3D, 0x91, 0x8D, 0xA4, 0xCC, 0xFF, 0xFF, 0xFF, 
        0xFF, 0xFF, 0xFF, 0x7F, 0x9A, 0xC6, 0x0A, 0x3D, 0x91, 0x0A, 0x3D, 0x91, 0x0A, 0x3D, 0x91, 0x0A, 
        0x3D, 0x91, 0x0A, 0x3D, 0x91, 0x0A, 0x3D, 0x91, 0x00, 0x00, 0x00, 0x00, 0x00, 0x00, 0x00, 0x00, 
        0x80, 0x00, 0x00, 0x80, 0x00, 0x00, 0x80, 0x00, 0x00, 0x80, 0x00, 0x00, 0x80, 0x00, 0x00, 0x80, 
        0x00, 0x00, 0x80, 0x00, 0x00, 0x80, 0x00, 0x00, 0x80, 0x00, 0x00, 0x80, 0x00, 0x00, 0x80, 0x00, 
        0x00, 0x80, 0x00, 0x00, 0x00, 0x0A, 0x3D, 0x91, 0x0A, 0x3D, 0x91, 0x0A, 0x3D, 0x91, 0x0A, 0x3D, 
        0x91, 0x0A, 0x3D, 0x91, 0x0A, 0x3D, 0x91, 0x0A, 0x3D, 0x91, 0x8D, 0xA4, 0xCC, 0xFF, 0xFF, 0xFF, 
        0xA9, 0xBB, 0xD8, 0x0B, 0x3E, 0x91, 0x0A, 0x3D, 0x91, 0x0A, 0x3D, 0x91, 0x0A, 0x3D, 0x91, 0x0A, 
        0x3D, 0x91, 0x0A, 0x3D, 0x91, 0x0A, 0x3D, 0x91, 0x00, 0x00, 0x00, 0x01, 0x0E, 0x82, 0x00, 0x00, 
        0x80, 0x00, 0x00, 0x80, 0x00, 0x00, 0x80, 0x00, 0x00, 0x80, 0x00, 0x00, 0x80, 0x00, 0x00, 0x80, 
        0x00, 0x00, 0x80, 0x00, 0x00, 0x80, 0x00, 0x00, 0x80, 0x00, 0x00, 0x80, 0x00, 0x00, 0x80, 0x00, 
        0x00, 0x80, 0x00, 0x00, 0x00, 0x00, 0x00, 0x00, 0x0A, 0x3D, 0x91, 0x0A, 0x3D, 0x91, 0x0A, 0x3D, 
        0x91, 0x0A, 0x3D, 0x91, 0x0A, 0x3D, 0x91, 0x0A, 0x3D, 0x91, 0x8D, 0xA4, 0xCC, 0xCF, 0xD9, 0xE9, 
        0x14, 0x45, 0x95, 0x0A, 0x3D, 0x91, 0x0A, 0x3D, 0x91, 0x0A, 0x3D, 0x91, 0x0A, 0x3D, 0x91, 0x0A, 
        0x3D, 0x91, 0x0A, 0x3D, 0x91, 0x00, 0x00, 0x00, 0x00, 0x00, 0x00, 0x00, 0x00, 0x80, 0x00, 0x00, 
        0x80, 0x00, 0x00, 0x80, 0x00, 0x00, 0x80, 0x00, 0x00, 0x80, 0x00, 0x00, 0x80, 0x00, 0x00, 0x80, 
        0x00, 0x00, 0x80, 0x00, 0x00, 0x80, 0x00, 0x00, 0x80, 0x00, 0x00, 0x80, 0x00, 0x00, 0x80, 0x00, 
        0x00, 0x80, 0x00, 0x02, 0x81, 0x00, 0x00, 0x00, 0x00, 0x00, 0x00, 0x0A, 0x3D, 0x91, 0x0A, 0x3D, 
        0x91, 0x0A, 0x3D, 0x91, 0x0A, 0x3D, 0x91, 0x0A, 0x3D, 0x91, 0x76, 0x92, 0xC1, 0x25, 0x52, 0x9D, 
        0x0A, 0x3D, 0x91, 0x0A, 0x3D, 0x91, 0x0A, 0x3D, 0x91, 0x0A, 0x3D, 0x91, 0x0A, 0x3D, 0x91, 0x0A, 
        0x3D, 0x91, 0x00, 0x00, 0x00, 0x00, 0x00, 0x00, 0x00, 0x00, 0x80, 0x00, 0x00, 0x80, 0x00, 0x00, 
        0x80, 0x00, 0x00, 0x80, 0x00, 0x00, 0x80, 0x00, 0x00, 0x80, 0x00, 0x00, 0x80, 0x00, 0x00, 0x80, 
        0x00, 0x00, 0x80, 0x00, 0x00, 0x80, 0x00, 0x00, 0x80, 0x00, 0x00, 0x80, 0x00, 0x00, 0x80, 0x00, 
        0x00, 0x80, 0x00, 0x00, 0x80, 0x00, 0x00, 0x80, 0x00, 0x00, 0x00, 0x00, 0x00, 0x00, 0x0A, 0x3D, 
        0x91, 0x0A, 0x3D, 0x91, 0x0A, 0x3D, 0x91, 0x0A, 0x3D, 0x91, 0x0C, 0x3F, 0x92, 0x0A, 0x3D, 0x91, 
        0x0A, 0x3D, 0x91, 0x0A, 0x3D, 0x91, 0x0A, 0x3D, 0x91, 0x0A, 0x3D, 0x91, 0x0A, 0x3D, 0x91, 0x00, 
        0x00, 0x00, 0x00, 0x00, 0x00, 0x00, 0x00, 0x80, 0x00, 0x00, 0x80, 0x00, 0x00, 0x80, 0x00, 0x00, 
        0x80, 0x00, 0x00, 0x80, 0x00, 0x00, 0x80, 0x00, 0x00, 0x80, 0x00, 0x00, 0x80, 0x00, 0x00, 0x80, 
        0x00, 0x00, 0x80, 0x00, 0x00, 0x80, 0x00, 0x00, 0x80, 0x00, 0x00, 0x80, 0x00, 0x00, 0x80, 0x00, 
        0x00, 0x80, 0x00, 0x00, 0x80, 0x00, 0x00, 0x80, 0x00, 0x02, 0x80, 0x00, 0x00, 0x00, 0x00, 0x00, 
        0x00, 0x0A, 0x3D, 0x91, 0x0A, 0x3D, 0x91, 0x0A, 0x3D, 0x91, 0x0A, 0x3D, 0x91, 0x0A, 0x3D, 0x91, 
        0x0A, 0x3D, 0x91, 0x0A, 0x3D, 0x91, 0x0A, 0x3D, 0x91, 0x0A, 0x3D, 0x91, 0x00, 0x00, 0x00, 0x00, 
        0x00, 0x00, 0x00, 0x00, 0x80, 0x00, 0x00, 0x80, 0x00, 0x00, 0x80, 0x00, 0x00, 0x80, 0x00, 0x00, 
        0x80, 0x00, 0x00, 0x80, 0x00, 0x00, 0x80, 0x00, 0x00, 0x80, 0x00, 0x00, 0x80, 0x00, 0x00, 0x80, 
        0x00, 0x00, 0x80, 0x00, 0x00, 0x80, 0x00, 0x00, 0x80, 0x00, 0x00, 0x80, 0x00, 0x00, 0x80, 0x00, 
        0x00, 0x80, 0x00, 0x00, 0x80, 0x00, 0x00, 0x80, 0x00, 0x00, 0x80, 0x00, 0x00, 0x80, 0x00, 0x00, 
        0x00, 0x00, 0x00, 0x00, 0x00, 0x00, 0x00, 0x00, 0x00, 0x00, 0x00, 0x00, 0x00, 0x00, 0x00, 0x00, 
        0x00, 0x00, 0x00, 0x00, 0x00, 0x00, 0x00, 0x00, 0x00, 0x00, 0x00, 0x00, 0x00, 0x00, 0x00, 0x00, 
        0x00, 0x80, 0x00, 0x00, 0x80, 0x00, 0x00, 0x80, 0x00, 0x00, 0x80, 0x00, 0x00, 0x80, 0x00, 0x00, 
        0x80, 0x00, 0x00, 0x80, 0x00, 0x00, 0x80, 0x00, 0x00, 0x80, 0x00, 0x00, 0x80, 0x00, 0x00, 0x80
	},
	.mask = {
		true , true , true , true , true , true , true , true , true , true , false, false, false, false, false, false, 
		false, false, false, false, false, true , true , true , true , true , true , true , true , true , true , true , 
		true , true , true , true , true , true , true , true , true , false, false, false, false, false, false, false, 
		false, false, false, false, false, false, true , true , true , true , true , true , true , true , true , true , 
		true , true , true , true , true , true , true , true , false, false, false, false, false, false, false, false, 
		false, false, false, false, false, false, false, true , true , true , true , true , true , true , true , true , 
		true , true , true , true , true , true , true , false, false, false, false, false, false, false, false, false, 
		false, false, false, false, false, false, false, false, true , true , true , true , true , true , true , true , 
		true , true , true , true , true , true , false, false, false, false, false, false, false, false, false, false, 
		false, false, false, false, false, false, false, false, false, true , true , true , true , true , true , true , 
		true , true , true , true , true , true , false, false, false, false, false, false, false, false, false, false, 
		false, false, false, false, false, false, false, false, false, true , true , true , true , true , true , true , 
		true , true , true , true , true , false, false, false, false, false, false, false, false, false, false, false, 
		false, false, false, false, false, false, false, false, false, false, true , true , true , true , true , true , 
		true , true , true , true , true , false, false, false, false, false, false, false, false, false, false, false, 
		false, false, false, false, false, false, false, false, false, false, true , true , true , true , true , true , 
		true , true , true , true , true , false, false, false, false, false, false, false, false, false, false, false, 
		false, false, false, false, false, false, false, false, false, false, true , true , true , true , true , true , 
		true , true , true , true , true , false, false, false, false, false, false, false, false, false, false, false, 
		false, false, false, false, false, false, false, false, false, false, true , true , true , true , true , true , 
		true , true , true , true , true , false, false, false, false, false, false, false, false, false, false, false, 
		false, false, false, false, false, false, false, false, false, false, true , true , true , true , true , true , 
		true , true , true , true , true , false, false, false, false, false, false, false, false, false, false, false, 
		false, false, false, false, false, false, false, false, false, false, true , true , true , true , true , true , 
		true , true , true , true , true , false, false, false, false, false, false, false, false, false, false, false, 
		false, false, false, false, false, false, false, false, false, false, true , true , true , true , true , true , 
		true , true , true , true , true , false, false, false, false, false, false, false, false, false, false, false, 
		false, false, false, false, false, false, false, false, false, false, true , true , true , true , true , true , 
		true , true , true , true , true , false, false, false, false, false, false, false, false, false, false, false, 
		false, false, false, false, false, false, false, false, false, false, true , true , true , true , true , true , 
		true , true , true , true , true , false, false, false, false, false, false, false, false, false, false, false, 
		false, false, false, false, false, false, false, false, false, false, true , true , true , true , true , true , 
		true , true , true , true , true , false, false, false, false, false, false, false, false, false, false, false, 
		false, false, false, false, false, false, false, false, false, false, true , true , true , true , true , true , 
		true , true , true , true , true , false, false, false, false, false, false, false, false, false, false, false, 
		false, false, false, false, false, false, false, false, false, false, true , true , true , true , true , true , 
		true , true , true , true , true , false, false, false, false, false, false, false, false, false, false, false, 
		false, false, false, false, false, false, false, false, false, false, true , true , true , true , true , true , 
		true , true , true , true , true , false, false, false, false, false, false, false, false, false, false, false, 
		false, false, false, false, false, false, false, false, false, false, true , true , true , true , true , true , 
		true , true , true , true , true , false, false, false, false, false, false, false, false, false, false, false, 
		false, false, false, false, false, false, false, false, false, false, true , true , true , true , true , true , 
		true , true , true , true , true , false, false, false, false, false, false, false, false, false, false, false, 
		false, false, false, false, false, false, false, false, false, false, true , true , true , true , true , true , 
		true , true , true , true , true , false, false, false, false, false, false, false, false, false, false, false, 
		false, false, false, false, false, false, false, false, false, false, true , true , true , true , true , true , 
		true , true , true , true , true , false, false, false, false, false, false, false, false, false, false, false, 
		false, false, false, false, false, false, false, false, false, false, true , true , true , true , true , true , 
		true , true , true , true , true , false, false, false, false, false, false, false, false, false, false, false, 
		false, false, false, false, false, false, false, false, false, false, true , true , true , true , true , true , 
		true , true , true , true , true , false, false, false, false, false, false, false, false, false, false, false, 
		false, false, false, false, false, false, false, false, false, false, true , true , true , true , true , true , 
		true , true , true , true , true , true , false, false, false, false, false, false, false, false, false, false, 
		false, false, false, false, false, false, false, false, false, true , true , true , true , true , true , true , 
		true , true , true , true , true , true , false, false, false, false, false, false, false, false, false, false, 
		false, false, false, false, false, false, false, false, false, true , true , true , true , true , true , true , 
		true , true , true , true , true , true , true , false, false, false, false, false, false, false, false, false, 
		false, false, false, false, false, false, false, false, true , true , true , true , true , true , true , true , 
		true , true , true , true , true , true , true , true , false, false, false, false, false, false, false, false, 
		false, false, false, false, false, false, false, true , true , true , true , true , true , true , true , true , 
		true , true , true , true , true , true , true , true , true , false, false, false, false, false, false, false, 
		false, false, false, false, false, false, true , true , true , true , true , true , true , true , true , true , 
		true , true , true , true , true , true , true , true , true , true , false, false, false, false, false, false, 
		false, false, false, false, false, true , true , true , true , true , true , true , true , true , true , true
	}
};

const pwder_style::icon32 battery PROGMEM = {
	.bitmap = {
		0x00, 0x00, 0x7F, 0x00, 0x00, 0x7F, 0x00, 0x00, 0x7F, 0x00, 0x00, 0x7F, 0x00, 0x00, 0x7F, 0x00, 
		0x00, 0x7F, 0x00, 0x00, 0x7F, 0x00, 0x00, 0x7F, 0x00, 0x00, 0x7F, 0x00, 0x00, 0x7F, 0x00, 0x00, 
		0x7F, 0x00, 0x00, 0x7F, 0x00, 0x00, 0x7F, 0x00, 0x00, 0x7F, 0x00, 0x00, 0x7F, 0x00, 0x00, 0x7F, 
		0x00, 0x00, 0x7F, 0x00, 0x00, 0x7F, 0x00, 0x00, 0x7F, 0x00, 0x00, 0x7F, 0x00, 0x00, 0x7F, 0x00, 
		0x00, 0x7F, 0x00, 0x00, 0x7F, 0x00, 0x00, 0x7F, 0x00, 0x00, 0x7F, 0x00, 0x00, 0x7F, 0x00, 0x00, 
		0x7F, 0x00, 0x00, 0x7F, 0x00, 0x00, 0x7F, 0x00, 0x00, 0x7F, 0x00, 0x00, 0x7F, 0x00, 0x00, 0x7F, 
		0x00, 0x00, 0x7F, 0x00, 0x00, 0x7F, 0x00, 0x00, 0x7F, 0x00, 0x00, 0x7F, 0x00, 0x00, 0x7F, 0x00, 
		0x00, 0x7F, 0x00, 0x00, 0x7F, 0x00, 0x00, 0x7F, 0x00, 0x00, 0x7F, 0x00, 0x00, 0x7F, 0x00, 0x00, 
		0x7F, 0x00, 0x00, 0x7F, 0x00, 0x00, 0x7F, 0x00, 0x00, 0x7F, 0x00, 0x00, 0x7F, 0x00, 0x00, 0x7F, 
		0x00, 0x00, 0x7F, 0x00, 0x00, 0x7F, 0x00, 0x00, 0x7F, 0x00, 0x00, 0x7F, 0x00, 0x00, 0x7F, 0x00, 
		0x00, 0x7F, 0x00, 0x00, 0x7F, 0x00, 0x00, 0x7F, 0x00, 0x00, 0x7F, 0x00, 0x00, 0x7F, 0x00, 0x00, 
		0x7F, 0x00, 0x00, 0x7F, 0x00, 0x00, 0x7F, 0x00, 0x00, 0x7F, 0x00, 0x00, 0x7F, 0x00, 0x00, 0x7F, 
		0x00, 0x00, 0x7F, 0x00, 0x00, 0x7F, 0x00, 0x00, 0x7F, 0x00, 0x00, 0x7F, 0x00, 0x00, 0x7F, 0x00, 
		0x00, 0x7F, 0x00, 0x00, 0x7F, 0x00, 0x00, 0x7F, 0x00, 0x00, 0x7F, 0x00, 0x00, 0x7F, 0x00, 0x00, 
		0x7F, 0x00, 0x00, 0x7F, 0x00, 0x00, 0x7F, 0x00, 0x00, 0x7F, 0x00, 0x00, 0x7F, 0x00, 0x00, 0x7F, 
		0x00, 0x00, 0x7F, 0x00, 0x00, 0x7F, 0x00, 0x00, 0x7F, 0x00, 0x00, 0x7F, 0x00, 0x00, 0x7F, 0x00, 
		0x00, 0x7F, 0x00, 0x00, 0x7F, 0x00, 0x00, 0x7F, 0x00, 0x00, 0x7F, 0x00, 0x00, 0x7F, 0x00, 0x00, 
		0x7F, 0x00, 0x00, 0x7F, 0x00, 0x00, 0x7F, 0x00, 0x00, 0x7F, 0x00, 0x00, 0x7F, 0x00, 0x00, 0x7F, 
		0x00, 0x00, 0x7F, 0x00, 0x00, 0x7F, 0x00, 0x00, 0x7F, 0x00, 0x00, 0x7F, 0x00, 0x00, 0x7F, 0x00, 
		0x00, 0x7F, 0x00, 0x00, 0x7F, 0x00, 0x00, 0x7F, 0x00, 0x00, 0x7F, 0x00, 0x00, 0x7F, 0x00, 0x00, 
		0x7F, 0x00, 0x00, 0x7F, 0x00, 0x00, 0x7F, 0x00, 0x00, 0x7F, 0x00, 0x00, 0x7F, 0x00, 0x00, 0x00, 
		0x00, 0x00, 0x00, 0x00, 0x00, 0x7F, 0x00, 0x00, 0x7F, 0x00, 0x00, 0x7F, 0x00, 0x00, 0x7F, 0x00, 
		0x00, 0x7F, 0x00, 0x00, 0x7F, 0x00, 0x00, 0x7F, 0x00, 0x00, 0x7F, 0x00, 0x00, 0x7F, 0x00, 0x00, 
		0x7F, 0x00, 0x00, 0x7F, 0x00, 0x00, 0x7F, 0x00, 0x00, 0x7F, 0x00, 0x00, 0x7F, 0x00, 0x00, 0x7F, 
		0x00, 0x00, 0x7F, 0x00, 0x00, 0x7F, 0x00, 0x00, 0x7F, 0x00, 0x00, 0x7F, 0x00, 0x00, 0x7F, 0x00, 
		0x00, 0x7F, 0x00, 0x00, 0x7F, 0x00, 0x00, 0x7F, 0x00, 0x00, 0x7F, 0x00, 0x00, 0x7F, 0x00, 0x00, 
		0x7F, 0x00, 0x00, 0x7F, 0x00, 0x00, 0x00, 0x00, 0x00, 0x00, 0x00, 0x00, 0x00, 0xFF, 0xFF, 0xFF, 
		0xFF, 0xFF, 0xFF, 0x00, 0x00, 0x00, 0x00, 0x00, 0x00, 0x00, 0x00, 0x00, 0x00, 0x00, 0x7F, 0x00, 
		0x00, 0x7F, 0x00, 0x00, 0x7F, 0x00, 0x00, 0x7F, 0x00, 0x00, 0x7F, 0x00, 0x00, 0x7F, 0x00, 0x00, 
		0x7F, 0x00, 0x00, 0x7F, 0x00, 0x00, 0x7F, 0x00, 0x00, 0x7F, 0x00, 0x00, 0x7F, 0x00, 0x00, 0x7F, 
		0x00, 0x00, 0x7F, 0x00, 0x00, 0x7F, 0x00, 0x00, 0x7F, 0x00, 0x00, 0x7F, 0x00, 0x00, 0x7F, 0x00, 
		0x00, 0x7F, 0x00, 0x00, 0x7F, 0x00, 0x00, 0x7F, 0x00, 0x00, 0x7F, 0x00, 0x00, 0x7F, 0x00, 0x00, 
		0x00, 0x00, 0x00, 0x00, 0xBF, 0xBF, 0xBF, 0xBF, 0xBF, 0xBF, 0x7F, 0x7F, 0x7F, 0xFF, 0xFF, 0xFF, 
		0xBF, 0xBF, 0xBF, 0x00, 0x00, 0x00, 0x7F, 0x7F, 0x7F, 0x7F, 0x7F, 0x7F, 0x00, 0x00, 0x00, 0x00, 
		0x00, 0x00, 0x00, 0x00, 0x7F, 0x00, 0x00, 0x7F, 0x00, 0x00, 0x7F, 0x00, 0x00, 0x7F, 0x00, 0x00, 
		0x7F, 0x00, 0x00, 0x7F, 0x00, 0x00, 0x7F, 0x00, 0x00, 0x7F, 0x00, 0x00, 0x7F, 0x00, 0x00, 0x7F, 
		0x00, 0x00, 0x7F, 0x00, 0x00, 0x7F, 0x00, 0x00, 0x7F, 0x00, 0x00, 0x7F, 0x00, 0x00, 0x7F, 0x00, 
		0x00, 0x7F, 0x00, 0x00, 0x7F, 0x00, 0x00, 0x7F, 0x00, 0x00, 0x7F, 0x00, 0x00, 0x00, 0xFF, 0xFF, 
		0xFF, 0x7F, 0x7F, 0x7F, 0x7F, 0x7F, 0x7F, 0xBF, 0xBF, 0xBF, 0xBF, 0xBF, 0xBF, 0x7F, 0x7F, 0x7F, 
		0x7F, 0x7F, 0x7F, 0x7F, 0x7F, 0x7F, 0x7F, 0x7F, 0x7F, 0x7F, 0x7F, 0x7F, 0x7F, 0x7F, 0x7F, 0xFF, 
		0xFF, 0xFF, 0x00, 0x00, 0x00, 0x00, 0x00, 0x7F, 0x00, 0x00, 0x7F, 0x00, 0x00, 0x7F, 0x00, 0x00, 
		0x7F, 0x00, 0x00, 0x7F, 0x00, 0x00, 0x7F, 0x00, 0x00, 0x7F, 0x00, 0x00, 0x7F, 0x00, 0x00, 0x7F, 
		0x00, 0x00, 0x7F, 0x00, 0x00, 0x7F, 0x00, 0x00, 0x7F, 0x00, 0x00, 0x7F, 0x00, 0x00, 0x7F, 0x00, 
		0x00, 0x7F, 0x00, 0x00, 0x7F, 0x00, 0x00, 0x7F, 0x00, 0x00, 0x7F, 0x00, 0x00, 0x00, 0xBF, 0xBF, 
		0xBF, 0xFF, 0xFF, 0xFF, 0xFF, 0xFF, 0xFF, 0x7F, 0x7F, 0x7F, 0x7F, 0x7F, 0x7F, 0xBF, 0xBF, 0xBF, 
		0xBF, 0xBF, 0xBF, 0xBF, 0xBF, 0xBF, 0xBF, 0xBF, 0xBF, 0xFF, 0xFF, 0xFF, 0xFF, 0xFF, 0xFF, 0x7F, 
		0x7F, 0x00, 0x00, 0x00, 0x00, 0x00, 0x00, 0x7F, 0x00, 0x00, 0x7F, 0x00, 0x00, 0x7F, 0x00, 0x00, 
		0x7F, 0x00, 0x00, 0x7F, 0x00, 0x00, 0x7F, 0x00, 0x00, 0x7F, 0x00, 0x00, 0x7F, 0x00, 0x00, 0x7F, 
		0x00, 0x00, 0x7F, 0x00, 0x00, 0x7F, 0x00, 0x00, 0x7F, 0x00, 0x00, 0x7F, 0x00, 0x00, 0x7F, 0x00, 
		0x00, 0x7F, 0x00, 0x00, 0x7F, 0x00, 0x00, 0x7F, 0x00, 0x00, 0x7F, 0x00, 0x00, 0x00, 0xFF, 0xFF, 
		0x00, 0xBF, 0xBF, 0xBF, 0xFF, 0xFF, 0xFF, 0xFF, 0xFF, 0xFF, 0xFF, 0xFF, 0xFF, 0xFF, 0xFF, 0xFF, 
		0xFF, 0xFF, 0xFF, 0xFF, 0xFF, 0xFF, 0xFF, 0xFF, 0xFF, 0xBF, 0xBF, 0xBF, 0x7F, 0x7F, 0x00, 0x7F, 
		0x7F, 0x00, 0x00, 0x00, 0x00, 0x00, 0x00, 0x7F, 0x00, 0x00, 0x7F, 0x00, 0x00, 0x7F, 0x00, 0x00, 
		0x7F, 0x00, 0x00, 0x7F, 0x00, 0x00, 0x7F, 0x00, 0x00, 0x7F, 0x00, 0x00, 0x7F, 0x00, 0x00, 0x7F, 
		0x00, 0x00, 0x7F, 0x00, 0x00, 0x7F, 0x00, 0x00, 0x7F, 0x00, 0x00, 0x7F, 0x00, 0x00, 0x7F, 0x00, 
		0x00, 0x7F, 0x00, 0x00, 0x7F, 0x00, 0x00, 0x7F, 0x00, 0x00, 0x7F, 0x00, 0x00, 0x00, 0xBF, 0xBF, 
		0xBF, 0xFF, 0xFF, 0x00, 0xFF, 0xFF, 0xFF, 0xFF, 0xFF, 0x00, 0xBF, 0xBF, 0xBF, 0xFF, 0xFF, 0x00, 
		0xFF, 0x00, 0x00, 0xFF, 0xFF, 0x00, 0xBF, 0xBF, 0xBF, 0xBF, 0xBF, 0xBF, 0x7F, 0x7F, 0x00, 0x7F, 
		0x7F, 0x00, 0x00, 0x00, 0x00, 0x00, 0x00, 0x7F, 0x00, 0x00, 0x7F, 0x00, 0x00, 0x7F, 0x00, 0x00, 
		0x7F, 0x00, 0x00, 0x7F, 0x00, 0x00, 0x7F, 0x00, 0x00, 0x7F, 0x00, 0x00, 0x7F, 0x00, 0x00, 0x7F, 
		0x00, 0x00, 0x7F, 0x00, 0x00, 0x7F, 0x00, 0x00, 0x7F, 0x00, 0x00, 0x7F, 0x00, 0x00, 0x7F, 0x00, 
		0x00, 0x7F, 0x00, 0x00, 0x7F, 0x00, 0x00, 0x7F, 0x00, 0x00, 0x7F, 0x00, 0x00, 0x00, 0xFF, 0xFF, 
		0x00, 0xBF, 0xBF, 0xBF, 0xFF, 0xFF, 0xFF, 0xFF, 0xFF, 0xFF, 0xFF, 0xFF, 0x00, 0xBF, 0xBF, 0xBF, 
		0xFF, 0x00, 0x00, 0xBF, 0xBF, 0xBF, 0xBF, 0xBF, 0xBF, 0xBF, 0xBF, 0xBF, 0x7F, 0x7F, 0x00, 0x7F, 
		0x7F, 0x00, 0x00, 0x00, 0x00, 0x00, 0x00, 0x7F, 0x00, 0x00, 0x7F, 0x00, 0x00, 0x7F, 0x00, 0x00, 
		0x7F, 0x00, 0x00, 0x7F, 0x00, 0x00, 0x7F, 0x00, 0x00, 0x7F, 0x00, 0x00, 0x7F, 0x00, 0x00, 0x7F, 
		0x00, 0x00, 0x7F, 0x00, 0x00, 0x7F, 0x00, 0x00, 0x7F, 0x00, 0x00, 0x7F, 0x00, 0x00, 0x7F, 0x00, 
		0x00, 0x7F, 0x00, 0x00, 0x7F, 0x00, 0x00, 0x7F, 0x00, 0x00, 0x7F, 0x00, 0x00, 0x00, 0xBF, 0xBF, 
		0xBF, 0xFF, 0xFF, 0x00, 0xFF, 0xFF, 0xFF, 0xFF, 0xFF, 0x00, 0xFF, 0x00, 0x00, 0xFF, 0x00, 0x00, 
		0xFF, 0x00, 0x00, 0xFF, 0x00, 0x00, 0xFF, 0x00, 0x00, 0xBF, 0xBF, 0xBF, 0x7F, 0x7F, 0x00, 0x7F, 
		0x7F, 0x00, 0x00, 0x00, 0x00, 0x00, 0x00, 0x7F, 0x00, 0x00, 0x7F, 0x00, 0x00, 0x7F, 0x00, 0x00, 
		0x7F, 0x00, 0x00, 0x7F, 0x00, 0x00, 0x7F, 0x00, 0x00, 0x7F, 0x00, 0x00, 0x7F, 0x00, 0x00, 0x7F, 
		0x00, 0x00, 0x7F, 0x00, 0x00, 0x7F, 0x00, 0x00, 0x7F, 0x00, 0x00, 0x7F, 0x00, 0x00, 0x7F, 0x00, 
		0x00, 0x7F, 0x00, 0x00, 0x7F, 0x00, 0x00, 0x7F, 0x00, 0x00, 0x7F, 0x00, 0x00, 0x00, 0xFF, 0xFF, 
		0x00, 0xBF, 0xBF, 0xBF, 0xFF, 0xFF, 0xFF, 0xFF, 0xFF, 0xFF, 0xFF, 0xFF, 0x00, 0xBF, 0xBF, 0xBF, 
		0xFF, 0x00, 0x00, 0xBF, 0xBF, 0xBF, 0xBF, 0xBF, 0xBF, 0xBF, 0xBF, 0xBF, 0x7F, 0x7F, 0x00, 0x7F, 
		0x7F, 0x00, 0x00, 0x00, 0x00, 0x00, 0x00, 0x7F, 0x00, 0x00, 0x7F, 0x00, 0x00, 0x7F, 0x00, 0x00, 
		0x7F, 0x00, 0x00, 0x7F, 0x00, 0x00, 0x7F, 0x00, 0x00, 0x7F, 0x00, 0x00, 0x7F, 0x00, 0x00, 0x7F, 
		0x00, 0x00, 0x7F, 0x00, 0x00, 0x7F, 0x00, 0x00, 0x7F, 0x00, 0x00, 0x7F, 0x00, 0x00, 0x7F, 0x00, 
		0x00, 0x7F, 0x00, 0x00, 0x7F, 0x00, 0x00, 0x7F, 0x00, 0x00, 0x7F, 0x00, 0x00, 0x00, 0xBF, 0xBF, 
		0xBF, 0xFF, 0xFF, 0x00, 0xFF, 0xFF, 0xFF, 0xFF, 0xFF, 0x00, 0xFF, 0xFF, 0xFF, 0xFF, 0xFF, 0x00, 
		0xFF, 0x00, 0x00, 0xFF, 0xFF, 0x00, 0xBF, 0xBF, 0xBF, 0xBF, 0xBF, 0xBF, 0x7F, 0x7F, 0x00, 0x00, 
		0x00, 0x00, 0x00, 0x00, 0x00, 0x00, 0x00, 0x7F, 0x00, 0x00, 0x7F, 0x00, 0x00, 0x7F, 0x00, 0x00, 
		0x7F, 0x00, 0x00, 0x7F, 0x00, 0x00, 0x7F, 0x00, 0x00, 0x7F, 0x00, 0x00, 0x7F, 0x00, 0x00, 0x7F, 
		0x00, 0x00, 0x7F, 0x00, 0x00, 0x7F, 0x00, 0x00, 0x7F, 0x00, 0x00, 0x7F, 0x00, 0x00, 0x7F, 0x00, 
		0x00, 0x7F, 0x00, 0x00, 0x7F, 0x00, 0x00, 0x7F, 0x00, 0x00, 0x7F, 0x00, 0x00, 0x00, 0x7F, 0x7F, 
		0x7F, 0xBF, 0xBF, 0xBF, 0xBF, 0xBF, 0xBF, 0xFF, 0xFF, 0xFF, 0xFF, 0xFF, 0x00, 0xBF, 0xBF, 0xBF, 
		0xFF, 0xFF, 0x00, 0xBF, 0xBF, 0xBF, 0xBF, 0xBF, 0xBF, 0x7F, 0x7F, 0x7F, 0x00, 0x00, 0x00, 0x7F, 
		0x7F, 0x7F, 0x00, 0x00, 0x00, 0x00, 0x00, 0x7F, 0x00, 0x00, 0x7F, 0x00, 0x00, 0x7F, 0x00, 0x00, 
		0x7F, 0x00, 0x00, 0x7F, 0x00, 0x00, 0x7F, 0x00, 0x00, 0x7F, 0x00, 0x00, 0x7F, 0x00, 0x00, 0x7F, 
		0x00, 0x00, 0x7F, 0x00, 0x00, 0x7F, 0x00, 0x00, 0x7F, 0x00, 0x00, 0x7F, 0x00, 0x00, 0x7F, 0x00, 
		0x00, 0x7F, 0x00, 0x00, 0x7F, 0x00, 0x00, 0x7F, 0x00, 0x00, 0x7F, 0x00, 0x00, 0x00, 0x7F, 0x7F, 
		0x7F, 0x7F, 0x7F, 0x7F, 0xBF, 0xBF, 0xBF, 0x7F, 0x7F, 0x7F, 0xBF, 0xBF, 0xBF, 0x7F, 0x7F, 0x7F, 
		0x7F, 0x7F, 0x7F, 0x7F, 0x7F, 0x7F, 0x7F, 0x7F, 0x7F, 0x7F, 0x7F, 0x7F, 0x7F, 0x7F, 0x7F, 0x00, 
		0x00, 0x00, 0x00, 0x00, 0x00, 0x00, 0x00, 0x7F, 0x00, 0x00, 0x7F, 0x00, 0x00, 0x7F, 0x00, 0x00, 
		0x7F, 0x00, 0x00, 0x7F, 0x00, 0x00, 0x7F, 0x00, 0x00, 0x7F, 0x00, 0x00, 0x7F, 0x00, 0x00, 0x7F, 
		0x00, 0x00, 0x7F, 0x00, 0x00, 0x7F, 0x00, 0x00, 0x7F, 0x00, 0x00, 0x7F, 0x00, 0x00, 0x7F, 0x00, 
		0x00, 0x7F, 0x00, 0x00, 0x7F, 0x00, 0x00, 0x7F, 0x00, 0x00, 0x7F, 0x00, 0x00, 0x00, 0x7F, 0x7F, 
		0x7F, 0xBF, 0xBF, 0xBF, 0xBF, 0xBF, 0xBF, 0xBF, 0xBF, 0xBF, 0x7F, 0x7F, 0x7F, 0x7F, 0x7F, 0x7F, 
		0x7F, 0x7F, 0x7F, 0x7F, 0x7F, 0x7F, 0x7F, 0x7F, 0x7F, 0x7F, 0x7F, 0x7F, 0x00, 0x00, 0x00, 0x7F, 
		0x7F, 0x7F, 0x00, 0x00, 0x00, 0x00, 0x00, 0x7F, 0x00, 0x00, 0x7F, 0x00, 0x00, 0x7F, 0x00, 0x00, 
		0x7F, 0x00, 0x00, 0x7F, 0x00, 0x00, 0x7F, 0x00, 0x00, 0x7F, 0x00, 0x00, 0x7F, 0x00, 0x00, 0x7F, 
		0x00, 0x00, 0x7F, 0x00, 0x00, 0x7F, 0x00, 0x00, 0x7F, 0x00, 0x00, 0x7F, 0x00, 0x00, 0x7F, 0x00, 
		0x00, 0x7F, 0x00, 0x00, 0x7F, 0x00, 0x00, 0x7F, 0x00, 0x00, 0x7F, 0x00, 0x00, 0x00, 0x7F, 0x7F, 
		0x7F, 0x7F, 0x7F, 0x7F, 0xBF, 0xBF, 0xBF, 0x7F, 0x7F, 0x7F, 0xBF, 0xBF, 0xBF, 0x7F, 0x7F, 0x7F, 
		0x7F, 0x7F, 0x7F, 0x7F, 0x7F, 0x7F, 0x7F, 0x7F, 0x7F, 0x7F, 0x7F, 0x7F, 0x7F, 0x7F, 0x7F, 0x00, 
		0x00, 0x00, 0x00, 0x00, 0x00, 0x00, 0x00, 0x7F, 0x00, 0x00, 0x7F, 0x00, 0x00, 0x7F, 0x00, 0x00, 
		0x7F, 0x00, 0x00, 0x7F, 0x00, 0x00, 0x7F, 0x00, 0x00, 0x7F, 0x00, 0x00, 0x7F, 0x00, 0x00, 0x7F, 
		0x00, 0x00, 0x7F, 0x00, 0x00, 0x7F, 0x00, 0x00, 0x7F, 0x00, 0x00, 0x7F, 0x00, 0x00, 0x7F, 0x00, 
		0x00, 0x7F, 0x00, 0x00, 0x7F, 0x00, 0x00, 0x7F, 0x00, 0x00, 0x7F, 0x00, 0x00, 0x00, 0x7F, 0x7F, 
		0x7F, 0xBF, 0xBF, 0xBF, 0xBF, 0xBF, 0xBF, 0xBF, 0xBF, 0xBF, 0x7F, 0x7F, 0x7F, 0x7F, 0x7F, 0x7F, 
		0x7F, 0x7F, 0x7F, 0x7F, 0x7F, 0x7F, 0x7F, 0x7F, 0x7F, 0x7F, 0x7F, 0x7F, 0x00, 0x00, 0x00, 0x7F, 
		0x7F, 0x7F, 0x00, 0x00, 0x00, 0x00, 0x00, 0x7F, 0x00, 0x00, 0x7F, 0x00, 0x00, 0x7F, 0x00, 0x00, 
		0x7F, 0x00, 0x00, 0x7F, 0x00, 0x00, 0x7F, 0x00, 0x00, 0x7F, 0x00, 0x00, 0x7F, 0x00, 0x00, 0x7F, 
		0x00, 0x00, 0x7F, 0x00, 0x00, 0x7F, 0x00, 0x00, 0x7F, 0x00, 0x00, 0x7F, 0x00, 0x00, 0x7F, 0x00, 
		0x00, 0x7F, 0x00, 0x00, 0x7F, 0x00, 0x00, 0x7F, 0x00, 0x00, 0x7F, 0x00, 0x00, 0x00, 0x7F, 0x7F, 
		0x7F, 0x7F, 0x7F, 0x7F, 0xBF, 0xBF, 0xBF, 0x7F, 0x7F, 0x7F, 0xBF, 0xBF, 0xBF, 0x7F, 0x7F, 0x7F, 
		0x7F, 0x7F, 0x7F, 0x7F, 0x7F, 0x7F, 0x7F, 0x7F, 0x7F, 0x7F, 0x7F, 0x7F, 0x7F, 0x7F, 0x7F, 0x00, 
		0x00, 0x00, 0x00, 0x00, 0x00, 0x00, 0x00, 0x7F, 0x00, 0x00, 0x7F, 0x00, 0x00, 0x7F, 0x00, 0x00, 
		0x7F, 0x00, 0x00, 0x7F, 0x00, 0x00, 0x7F, 0x00, 0x00, 0x7F, 0x00, 0x00, 0x7F, 0x00, 0x00, 0x7F, 
		0x00, 0x00, 0x7F, 0x00, 0x00, 0x7F, 0x00, 0x00, 0x7F, 0x00, 0x00, 0x7F, 0x00, 0x00, 0x7F, 0x00, 
		0x00, 0x7F, 0x00, 0x00, 0x7F, 0x00, 0x00, 0x7F, 0x00, 0x00, 0x7F, 0x00, 0x00, 0x00, 0x7F, 0x7F, 
		0x7F, 0xBF, 0xBF, 0xBF, 0xBF, 0xBF, 0xBF, 0xBF, 0xBF, 0xBF, 0x7F, 0x7F, 0x7F, 0x7F, 0x7F, 0x7F, 
		0x7F, 0x7F, 0x7F, 0x7F, 0x7F, 0x7F, 0x7F, 0x7F, 0x7F, 0x7F, 0x7F, 0x7F, 0x00, 0x00, 0x00, 0x7F, 
		0x7F, 0x7F, 0x00, 0x00, 0x00, 0x00, 0x00, 0x7F, 0x00, 0x00, 0x7F, 0x00, 0x00, 0x7F, 0x00, 0x00, 
		0x7F, 0x00, 0x00, 0x7F, 0x00, 0x00, 0x7F, 0x00, 0x00, 0x7F, 0x00, 0x00, 0x7F, 0x00, 0x00, 0x7F, 
		0x00, 0x00, 0x7F, 0x00, 0x00, 0x7F, 0x00, 0x00, 0x7F, 0x00, 0x00, 0x7F, 0x00, 0x00, 0x7F, 0x00, 
		0x00, 0x7F, 0x00, 0x00, 0x7F, 0x00, 0x00, 0x7F, 0x00, 0x00, 0x7F, 0x00, 0x00, 0x00, 0x7F, 0x7F, 
		0x7F, 0x7F, 0x7F, 0x7F, 0xBF, 0xBF, 0xBF, 0x7F, 0x7F, 0x7F, 0xBF, 0xBF, 0xBF, 0x7F, 0x7F, 0x7F, 
		0x7F, 0x7F, 0x7F, 0x7F, 0x7F, 0x7F, 0x7F, 0x7F, 0x7F, 0x7F, 0x7F, 0x7F, 0x7F, 0x7F, 0x7F, 0x00, 
		0x00, 0x00, 0x00, 0x00, 0x00, 0x00, 0x00, 0x7F, 0x00, 0x00, 0x7F, 0x00, 0x00, 0x7F, 0x00, 0x00, 
		0x7F, 0x00, 0x00, 0x7F, 0x00, 0x00, 0x7F, 0x00, 0x00, 0x7F, 0x00, 0x00, 0x7F, 0x00, 0x00, 0x7F, 
		0x00, 0x00, 0x7F, 0x00, 0x00, 0x7F, 0x00, 0x00, 0x7F, 0x00, 0x00, 0x7F, 0x00, 0x00, 0x7F, 0x00, 
		0x00, 0x7F, 0x00, 0x00, 0x7F, 0x00, 0x00, 0x7F, 0x00, 0x00, 0x7F, 0x00, 0x00, 0x00, 0x7F, 0x7F, 
		0x7F, 0xBF, 0xBF, 0xBF, 0xBF, 0xBF, 0xBF, 0xBF, 0xBF, 0xBF, 0x7F, 0x7F, 0x7F, 0x7F, 0x7F, 0x7F, 
		0x7F, 0x7F, 0x7F, 0x7F, 0x7F, 0x7F, 0x7F, 0x7F, 0x7F, 0x7F, 0x7F, 0x7F, 0x00, 0x00, 0x00, 0x7F, 
		0x7F, 0x7F, 0x00, 0x00, 0x00, 0x00, 0x00, 0x7F, 0x00, 0x00, 0x7F, 0x00, 0x00, 0x7F, 0x00, 0x00, 
		0x7F, 0x00, 0x00, 0x7F, 0x00, 0x00, 0x7F, 0x00, 0x00, 0x7F, 0x00, 0x00, 0x7F, 0x00, 0x00, 0x7F, 
		0x00, 0x00, 0x7F, 0x00, 0x00, 0x7F, 0x00, 0x00, 0x7F, 0x00, 0x00, 0x7F, 0x00, 0x00, 0x7F, 0x00, 
		0x00, 0x7F, 0x00, 0x00, 0x7F, 0x00, 0x00, 0x7F, 0x00, 0x00, 0x7F, 0x00, 0x00, 0x00, 0x7F, 0x7F, 
		0x7F, 0x7F, 0x7F, 0x7F, 0xBF, 0xBF, 0xBF, 0x7F, 0x7F, 0x7F, 0x00, 0x00, 0x00, 0x00, 0x00, 0x00, 
		0x00, 0x00, 0x00, 0x00, 0x00, 0x00, 0x00, 0x00, 0x00, 0x7F, 0x7F, 0x7F, 0x7F, 0x7F, 0x7F, 0x00, 
		0x00, 0x00, 0x00, 0x00, 0x00, 0x00, 0x00, 0x7F, 0x00, 0x00, 0x7F, 0x00, 0x00, 0x7F, 0x00, 0x00, 
		0x7F, 0x00, 0x00, 0x7F, 0x00, 0x00, 0x7F, 0x00, 0x00, 0x7F, 0x00, 0x00, 0x7F, 0x00, 0x00, 0x7F, 
		0x00, 0x00, 0x7F, 0x00, 0x00, 0x7F, 0x00, 0x00, 0x7F, 0x00, 0x00, 0x7F, 0x00, 0x00, 0x7F, 0x00, 
		0x00, 0x7F, 0x00, 0x00, 0x7F, 0x00, 0x00, 0x7F, 0x00, 0x00, 0x7F, 0x00, 0x00, 0x00, 0x7F, 0x7F, 
		0x7F, 0xBF, 0xBF, 0xBF, 0xBF, 0xBF, 0xBF, 0xBF, 0xBF, 0xBF, 0x7F, 0x7F, 0x7F, 0x7F, 0x7F, 0x7F, 
		0x7F, 0x7F, 0x7F, 0x7F, 0x7F, 0x7F, 0x7F, 0x7F, 0x7F, 0x7F, 0x7F, 0x7F, 0x00, 0x00, 0x00, 0x7F, 
		0x7F, 0x7F, 0x00, 0x00, 0x00, 0x00, 0x00, 0x7F, 0x00, 0x00, 0x7F, 0x00, 0x00, 0x7F, 0x00, 0x00, 
		0x7F, 0x00, 0x00, 0x7F, 0x00, 0x00, 0x7F, 0x00, 0x00, 0x7F, 0x00, 0x00, 0x7F, 0x00, 0x00, 0x7F, 
		0x00, 0x00, 0x7F, 0x00, 0x00, 0x7F, 0x00, 0x00, 0x7F, 0x00, 0x00, 0x7F, 0x00, 0x00, 0x7F, 0x00, 
		0x00, 0x7F, 0x00, 0x00, 0x7F, 0x00, 0x00, 0x7F, 0x00, 0x00, 0x7F, 0x00, 0x00, 0x7F, 0x00, 0x00, 
		0x00, 0x7F, 0x7F, 0x7F, 0xBF, 0xBF, 0xBF, 0x7F, 0x7F, 0x7F, 0xBF, 0xBF, 0xBF, 0x7F, 0x7F, 0x7F, 
		0x7F, 0x7F, 0x7F, 0x7F, 0x7F, 0x7F, 0x7F, 0x7F, 0x7F, 0x7F, 0x7F, 0x7F, 0x7F, 0x7F, 0x7F, 0x00, 
		0x00, 0x00, 0x00, 0x00, 0x7F, 0x00, 0x00, 0x7F, 0x00, 0x00, 0x7F, 0x00, 0x00, 0x7F, 0x00, 0x00, 
		0x7F, 0x00, 0x00, 0x7F, 0x00, 0x00, 0x7F, 0x00, 0x00, 0x7F, 0x00, 0x00, 0x7F, 0x00, 0x00, 0x7F, 
		0x00, 0x00, 0x7F, 0x00, 0x00, 0x7F, 0x00, 0x00, 0x7F, 0x00, 0x00, 0x7F, 0x00, 0x00, 0x7F, 0x00, 
		0x00, 0x7F, 0x00, 0x00, 0x7F, 0x00, 0x00, 0x7F, 0x00, 0x00, 0x7F, 0x00, 0x00, 0x7F, 0x00, 0x00, 
		0x7F, 0x00, 0x00, 0x00, 0x00, 0x00, 0x00, 0xBF, 0xBF, 0xBF, 0x7F, 0x7F, 0x7F, 0x7F, 0x7F, 0x7F, 
		0x7F, 0x7F, 0x7F, 0x7F, 0x7F, 0x7F, 0x7F, 0x7F, 0x7F, 0x00, 0x00, 0x00, 0x00, 0x00, 0x00, 0x00, 
		0x00, 0x7F, 0x00, 0x00, 0x7F, 0x00, 0x00, 0x7F, 0x00, 0x00, 0x7F, 0x00, 0x00, 0x7F, 0x00, 0x00, 
		0x7F, 0x00, 0x00, 0x7F, 0x00, 0x00, 0x7F, 0x00, 0x00, 0x7F, 0x00, 0x00, 0x7F, 0x00, 0x00, 0x7F, 
		0x00, 0x00, 0x7F, 0x00, 0x00, 0x7F, 0x00, 0x00, 0x7F, 0x00, 0x00, 0x7F, 0x00, 0x00, 0x7F, 0x00, 
		0x00, 0x7F, 0x00, 0x00, 0x7F, 0x00, 0x00, 0x7F, 0x00, 0x00, 0x7F, 0x00, 0x00, 0x7F, 0x00, 0x00, 
		0x7F, 0x00, 0x00, 0x7F, 0x00, 0x00, 0x7F, 0x00, 0x00, 0x00, 0x00, 0x00, 0x00, 0x00, 0x00, 0x00, 
		0x00, 0x00, 0x00, 0x00, 0x00, 0x00, 0x00, 0x00, 0x00, 0x00, 0x00, 0x7F, 0x00, 0x00, 0x7F, 0x00, 
		0x00, 0x7F, 0x00, 0x00, 0x7F, 0x00, 0x00, 0x7F, 0x00, 0x00, 0x7F, 0x00, 0x00, 0x7F, 0x00, 0x00, 
		0x7F, 0x00, 0x00, 0x7F, 0x00, 0x00, 0x7F, 0x00, 0x00, 0x7F, 0x00, 0x00, 0x7F, 0x00, 0x00, 0x7F, 
		0x00, 0x00, 0x7F, 0x00, 0x00, 0x7F, 0x00, 0x00, 0x7F, 0x00, 0x00, 0x7F, 0x00, 0x00, 0x7F, 0x00, 
		0x00, 0x7F, 0x00, 0x00, 0x7F, 0x00, 0x00, 0x7F, 0x00, 0x00, 0x7F, 0x00, 0x00, 0x7F, 0x00, 0x00, 
		0x7F, 0x00, 0x00, 0x7F, 0x00, 0x00, 0x7F, 0x00, 0x00, 0x7F, 0x00, 0x00, 0x7F, 0x00, 0x00, 0x7F, 
		0x00, 0x00, 0x7F, 0x00, 0x00, 0x7F, 0x00, 0x00, 0x7F, 0x00, 0x00, 0x7F, 0x00, 0x00, 0x7F, 0x00, 
		0x00, 0x7F, 0x00, 0x00, 0x7F, 0x00, 0x00, 0x7F, 0x00, 0x00, 0x7F, 0x00, 0x00, 0x7F, 0x00, 0x00, 
		0x7F, 0x00, 0x00, 0x7F, 0x00, 0x00, 0x7F, 0x00, 0x00, 0x7F, 0x00, 0x00, 0x7F, 0x00, 0x00, 0x7F, 
		0x00, 0x00, 0x7F, 0x00, 0x00, 0x7F, 0x00, 0x00, 0x7F, 0x00, 0x00, 0x7F, 0x00, 0x00, 0x7F, 0x00, 
		0x00, 0x7F, 0x00, 0x00, 0x7F, 0x00, 0x00, 0x7F, 0x00, 0x00, 0x7F, 0x00, 0x00, 0x7F, 0x00, 0x00, 
		0x7F, 0x00, 0x00, 0x7F, 0x00, 0x00, 0x7F, 0x00, 0x00, 0x7F, 0x00, 0x00, 0x7F, 0x00, 0x00, 0x7F, 
		0x00, 0x00, 0x7F, 0x00, 0x00, 0x7F, 0x00, 0x00, 0x7F, 0x00, 0x00, 0x7F, 0x00, 0x00, 0x7F, 0x00, 
		0x00, 0x7F, 0x00, 0x00, 0x7F, 0x00, 0x00, 0x7F, 0x00, 0x00, 0x7F, 0x00, 0x00, 0x7F, 0x00, 0x00, 
		0x7F, 0x00, 0x00, 0x7F, 0x00, 0x00, 0x7F, 0x00, 0x00, 0x7F, 0x00, 0x00, 0x7F, 0x00, 0x00, 0x7F, 
		0x00, 0x00, 0x7F, 0x00, 0x00, 0x7F, 0x00, 0x00, 0x7F, 0x00, 0x00, 0x7F, 0x00, 0x00, 0x7F, 0x00, 
		0x00, 0x7F, 0x00, 0x00, 0x7F, 0x00, 0x00, 0x7F, 0x00, 0x00, 0x7F, 0x00, 0x00, 0x7F, 0x00, 0x00, 
		0x7F, 0x00, 0x00, 0x7F, 0x00, 0x00, 0x7F, 0x00, 0x00, 0x7F, 0x00, 0x00, 0x7F, 0x00, 0x00, 0x7F, 
		0x00, 0x00, 0x7F, 0x00, 0x00, 0x7F, 0x00, 0x00, 0x7F, 0x00, 0x00, 0x7F, 0x00, 0x00, 0x7F, 0x00, 
		0x00, 0x7F, 0x00, 0x00, 0x7F, 0x00, 0x00, 0x7F, 0x00, 0x00, 0x7F, 0x00, 0x00, 0x7F, 0x00, 0x00, 
		0x7F, 0x00, 0x00, 0x7F, 0x00, 0x00, 0x7F, 0x00, 0x00, 0x7F, 0x00, 0x00, 0x7F, 0x00, 0x00, 0x7F, 
		0x00, 0x00, 0x7F, 0x00, 0x00, 0x7F, 0x00, 0x00, 0x7F, 0x00, 0x00, 0x7F, 0x00, 0x00, 0x7F, 0x00, 
		0x00, 0x7F, 0x00, 0x00, 0x7F, 0x00, 0x00, 0x7F, 0x00, 0x00, 0x7F, 0x00, 0x00, 0x7F, 0x00, 0x00, 
		0x7F, 0x00, 0x00, 0x7F, 0x00, 0x00, 0x7F, 0x00, 0x00, 0x7F, 0x00, 0x00, 0x7F, 0x00, 0x00, 0x7F, 
		0x00, 0x00, 0x7F, 0x00, 0x00, 0x7F, 0x00, 0x00, 0x7F, 0x00, 0x00, 0x7F, 0x00, 0x00, 0x7F, 0x00, 
		0x00, 0x7F, 0x00, 0x00, 0x7F, 0x00, 0x00, 0x7F, 0x00, 0x00, 0x7F, 0x00, 0x00, 0x7F, 0x00, 0x00, 
		0x7F, 0x00, 0x00, 0x7F, 0x00, 0x00, 0x7F, 0x00, 0x00, 0x7F, 0x00, 0x00, 0x7F, 0x00, 0x00, 0x7F
	},
	.mask = {
		true , true , true , true , true , true , true , true , true , true , true , true , true , true , true , true , 
		true , true , true , true , true , true , true , true , true , true , true , true , true , true , true , true , 
		true , true , true , true , true , true , true , true , true , true , true , true , true , true , true , true , 
		true , true , true , true , true , true , true , true , true , true , true , true , true , true , true , true , 
		true , true , true , true , true , true , true , true , true , true , true , true , true , true , true , true , 
		true , true , true , true , true , true , true , true , true , true , true , true , true , true , true , true , 
		true , true , true , true , true , true , true , true , true , true , true , true , true , true , true , false, 
		false, true , true , true , true , true , true , true , true , true , true , true , true , true , true , true , 
		true , true , true , true , true , true , true , true , true , true , true , true , false, false, false, false, 
		false, false, false, false, true , true , true , true , true , true , true , true , true , true , true , true , 
		true , true , true , true , true , true , true , true , true , true , false, false, false, false, false, false, 
		false, false, false, false, false, false, true , true , true , true , true , true , true , true , true , true , 
		true , true , true , true , true , true , true , true , true , false, false, false, false, false, false, false, 
		false, false, false, false, false, false, false, true , true , true , true , true , true , true , true , true , 
		true , true , true , true , true , true , true , true , true , false, false, false, false, false, false, false, 
		false, false, false, false, false, false, false, true , true , true , true , true , true , true , true , true , 
		true , true , true , true , true , true , true , true , true , false, false, false, false, false, false, false, 
		false, false, false, false, false, false, false, true , true , true , true , true , true , true , true , true , 
		true , true , true , true , true , true , true , true , true , false, false, false, false, false, false, false, 
		false, false, false, false, false, false, false, true , true , true , true , true , true , true , true , true , 
		true , true , true , true , true , true , true , true , true , false, false, false, false, false, false, false, 
		false, false, false, false, false, false, false, true , true , true , true , true , true , true , true , true , 
		true , true , true , true , true , true , true , true , true , false, false, false, false, false, false, false, 
		false, false, false, false, false, false, false, true , true , true , true , true , true , true , true , true , 
		true , true , true , true , true , true , true , true , true , false, false, false, false, false, false, false, 
		false, false, false, false, false, false, false, true , true , true , true , true , true , true , true , true , 
		true , true , true , true , true , true , true , true , true , false, false, false, false, false, false, false, 
		false, false, false, false, false, false, false, true , true , true , true , true , true , true , true , true , 
		true , true , true , true , true , true , true , true , true , false, false, false, false, false, false, false, 
		false, false, false, false, false, false, false, true , true , true , true , true , true , true , true , true , 
		true , true , true , true , true , true , true , true , true , false, false, false, false, false, false, false, 
		false, false, false, false, false, false, false, true , true , true , true , true , true , true , true , true , 
		true , true , true , true , true , true , true , true , true , false, false, false, false, false, false, false, 
		false, false, false, false, false, false, false, true , true , true , true , true , true , true , true , true , 
		true , true , true , true , true , true , true , true , true , false, false, false, false, false, false, false, 
		false, false, false, false, false, false, false, true , true , true , true , true , true , true , true , true , 
		true , true , true , true , true , true , true , true , true , false, false, false, false, false, false, false, 
		false, false, false, false, false, false, false, true , true , true , true , true , true , true , true , true , 
		true , true , true , true , true , true , true , true , true , false, false, false, false, false, false, false, 
		false, false, false, false, false, false, false, true , true , true , true , true , true , true , true , true , 
		true , true , true , true , true , true , true , true , true , false, false, false, false, false, false, false, 
		false, false, false, false, false, false, false, true , true , true , true , true , true , true , true , true , 
		true , true , true , true , true , true , true , true , true , false, false, false, false, false, false, false, 
		false, false, false, false, false, false, false, true , true , true , true , true , true , true , true , true , 
		true , true , true , true , true , true , true , true , true , false, false, false, false, false, false, false, 
		false, false, false, false, false, false, false, true , true , true , true , true , true , true , true , true , 
		true , true , true , true , true , true , true , true , true , false, false, false, false, false, false, false, 
		false, false, false, false, false, false, false, true , true , true , true , true , true , true , true , true , 
		true , true , true , true , true , true , true , true , true , false, false, false, false, false, false, false, 
		false, false, false, false, false, false, false, true , true , true , true , true , true , true , true , true , 
		true , true , true , true , true , true , true , true , true , true , false, false, false, false, false, false, 
		false, false, false, false, false, false, true , true , true , true , true , true , true , true , true , true , 
		true , true , true , true , true , true , true , true , true , true , true , false, false, false, false, false, 
		false, false, false, false, false, true , true , true , true , true , true , true , true , true , true , true , 
		true , true , true , true , true , true , true , true , true , true , true , true , true , false, false, false, 
		false, false, false, true , true , true , true , true , true , true , true , true , true , true , true , true , 
		true , true , true , true , true , true , true , true , true , true , true , true , true , true , true , true , 
		true , true , true , true , true , true , true , true , true , true , true , true , true , true , true , true , 
		true , true , true , true , true , true , true , true , true , true , true , true , true , true , true , true , 
		true , true , true , true , true , true , true , true , true , true , true , true , true , true , true , true , 
		true , true , true , true , true , true , true , true , true , true , true , true , true , true , true , true , 
		true , true , true , true , true , true , true , true , true , true , true , true , true , true , true , true , 
		true , true , true , true , true , true , true , true , true , true , true , true , true , true , true , true , 
		true , true , true , true , true , true , true , true , true , true , true , true , true , true , true , true
	}
};

const pwder_style::icon32 options PROGMEM = {
	.bitmap = {
		0x00, 0x00, 0x80, 0x00, 0x00, 0x80, 0x00, 0x00, 0x80, 0x00, 0x00, 0x80, 0x00, 0x00, 0x80, 0x00, 
		0x00, 0x80, 0x00, 0x00, 0x80, 0x00, 0x00, 0x80, 0x00, 0x00, 0x80, 0x00, 0x00, 0x80, 0x00, 0x00, 
		0x80, 0x00, 0x00, 0x80, 0x00, 0x00, 0x80, 0x00, 0x00, 0x80, 0x00, 0x00, 0x80, 0x00, 0x00, 0x80, 
		0x00, 0x00, 0x80, 0x00, 0x00, 0x80, 0x00, 0x00, 0x80, 0x00, 0x00, 0x80, 0x00, 0x00, 0x80, 0x00, 
		0x00, 0x80, 0x00, 0x00, 0x80, 0x00, 0x00, 0x80, 0x00, 0x00, 0x80, 0x00, 0x00, 0x80, 0x00, 0x00, 
		0x80, 0x00, 0x00, 0x80, 0x00, 0x00, 0x80, 0x00, 0x00, 0x80, 0x00, 0x00, 0x80, 0x00, 0x00, 0x80, 
		0x00, 0x00, 0x80, 0x00, 0x00, 0x80, 0x00, 0x00, 0x80, 0x00, 0x00, 0x80, 0x00, 0x00, 0x80, 0x00, 
		0x00, 0x80, 0x00, 0x00, 0x80, 0x00, 0x00, 0x80, 0x00, 0x00, 0x80, 0x00, 0x00, 0x80, 0x00, 0x00, 
		0x80, 0x00, 0x00, 0x80, 0x00, 0x00, 0x80, 0x00, 0x00, 0x80, 0x00, 0x00, 0x80, 0x00, 0x00, 0x80, 
		0x00, 0x00, 0x80, 0x00, 0x00, 0x80, 0x00, 0x00, 0x80, 0x00, 0x00, 0x80, 0x00, 0x00, 0x80, 0x00, 
		0x00, 0x80, 0x00, 0x00, 0x80, 0x00, 0x00, 0x80, 0x00, 0x00, 0x80, 0x00, 0x00, 0x80, 0x00, 0x00, 
		0x80, 0x00, 0x00, 0x80, 0x00, 0x00, 0x80, 0x00, 0x00, 0x80, 0x00, 0x00, 0x80, 0x00, 0x00, 0x80, 
		0x00, 0x00, 0x80, 0x00, 0x00, 0x80, 0x00, 0x00, 0x80, 0x00, 0x00, 0x80, 0x00, 0x00, 0x80, 0x00, 
		0x00, 0x80, 0x00, 0x00, 0x80, 0x00, 0x00, 0x80, 0x00, 0x00, 0x80, 0x00, 0x00, 0x80, 0x00, 0x00, 
		0x80, 0x00, 0x00, 0x80, 0x00, 0x00, 0x80, 0x00, 0x00, 0x80, 0x00, 0x00, 0x80, 0x00, 0x00, 0x80, 
		0x00, 0x00, 0x80, 0x00, 0x00, 0x80, 0x00, 0x00, 0x80, 0x00, 0x00, 0x80, 0x00, 0x00, 0x80, 0x00, 
		0x00, 0x80, 0x00, 0x00, 0x80, 0x00, 0x00, 0x80, 0x00, 0x00, 0x80, 0x00, 0x00, 0x80, 0x00, 0x00, 
		0x80, 0x00, 0x00, 0x80, 0x00, 0x00, 0x80, 0x00, 0x00, 0x80, 0x00, 0x00, 0x80, 0x00, 0x00, 0x80, 
		0x00, 0x00, 0x80, 0x00, 0x00, 0x80, 0x00, 0x00, 0x80, 0x00, 0x00, 0x80, 0x00, 0x00, 0x80, 0x00, 
		0x00, 0x80, 0x00, 0x00, 0x80, 0x00, 0x00, 0x80, 0x00, 0x00, 0x80, 0x00, 0x00, 0x80, 0xFF, 0xFF, 
		0xFF, 0xFF, 0xFF, 0xFF, 0xC0, 0xC0, 0xC0, 0xC0, 0xC0, 0xC0, 0x00, 0x00, 0x80, 0x00, 0x00, 0x80, 
		0x00, 0x00, 0x80, 0x00, 0x00, 0x80, 0x00, 0x00, 0x80, 0x00, 0x00, 0x80, 0x00, 0x00, 0x80, 0x00, 
		0x00, 0x80, 0x00, 0x00, 0x80, 0x00, 0x00, 0x80, 0x00, 0x00, 0x80, 0x00, 0x00, 0x80, 0x00, 0x00, 
		0x80, 0x00, 0x00, 0x80, 0x00, 0x00, 0x80, 0x00, 0x00, 0x80, 0x00, 0x00, 0x80, 0x00, 0x00, 0x80, 
		0x00, 0x00, 0x80, 0x00, 0x00, 0x80, 0x00, 0x00, 0x80, 0x00, 0x00, 0x80, 0x00, 0x00, 0x80, 0x00, 
		0x00, 0x80, 0x00, 0x00, 0x80, 0x00, 0x00, 0x80, 0x00, 0x00, 0x80, 0x00, 0x00, 0x80, 0x80, 0x80, 
		0x80, 0xC0, 0xC0, 0xC0, 0xC0, 0xC0, 0xC0, 0x80, 0x80, 0x80, 0x00, 0x00, 0x80, 0x00, 0x00, 0x80, 
		0x00, 0x00, 0x80, 0x00, 0x00, 0x80, 0x00, 0x00, 0x80, 0x00, 0x00, 0x80, 0x00, 0x00, 0x80, 0x00, 
		0x00, 0x80, 0x00, 0x00, 0x80, 0x00, 0x00, 0x80, 0x00, 0x00, 0x80, 0x00, 0x00, 0x80, 0x00, 0x00, 
		0x80, 0x00, 0x00, 0x80, 0x00, 0x00, 0x80, 0x00, 0x00, 0x80, 0x00, 0x00, 0x80, 0x00, 0x00, 0x80, 
		0x00, 0x00, 0x80, 0x00, 0x00, 0x80, 0x00, 0x00, 0x80, 0x00, 0x00, 0x80, 0x00, 0x00, 0x80, 0x00, 
		0x00, 0x80, 0x00, 0x00, 0x80, 0x00, 0x00, 0x80, 0x00, 0x00, 0x80, 0x00, 0x00, 0x80, 0x80, 0x80, 
		0x80, 0x00, 0x00, 0x80, 0x00, 0x00, 0x80, 0x80, 0x80, 0x80, 0x00, 0x00, 0x80, 0x00, 0x00, 0x80, 
		0x00, 0x00, 0x80, 0x00, 0x00, 0x80, 0x00, 0x00, 0x80, 0x00, 0x00, 0x80, 0x00, 0x00, 0x80, 0x00, 
		0x00, 0x80, 0x00, 0x00, 0x80, 0x00, 0x00, 0x80, 0x00, 0x00, 0x80, 0x00, 0x00, 0x80, 0x00, 0x00, 
		0x80, 0x00, 0x00, 0x80, 0x00, 0x00, 0x80, 0x00, 0x00, 0x80, 0x00, 0x00, 0x80, 0x00, 0x00, 0x80, 
		0x00, 0x00, 0x80, 0x00, 0x00, 0x80, 0x00, 0x00, 0x80, 0x00, 0x00, 0x80, 0x00, 0x00, 0x80, 0xC0, 
		0xC0, 0xC0, 0xC0, 0xC0, 0xC0, 0x00, 0x00, 0x80, 0x00, 0x00, 0x80, 0x00, 0x00, 0x80, 0xFF, 0xFF, 
		0xFF, 0xC0, 0xC0, 0xC0, 0x80, 0x80, 0x80, 0x80, 0x80, 0x80, 0x00, 0x00, 0x80, 0x00, 0x00, 0x80, 
		0x00, 0x00, 0x80, 0xC0, 0xC0, 0xC0, 0xC0, 0xC0, 0xC0, 0x00, 0x00, 0x80, 0x00, 0x00, 0x80, 0x00, 
		0x00, 0x80, 0x00, 0x00, 0x80, 0x00, 0x00, 0x80, 0x00, 0x00, 0x80, 0x00, 0x00, 0x80, 0x00, 0x00, 
		0x80, 0x00, 0x00, 0x80, 0x00, 0x00, 0x80, 0x00, 0x00, 0x80, 0x00, 0x00, 0x80, 0x00, 0x00, 0x80, 
		0x00, 0x00, 0x80, 0x00, 0x00, 0x80, 0x00, 0x00, 0x80, 0x00, 0x00, 0x80, 0x00, 0x00, 0x80, 0xC0, 
		0xC0, 0xC0, 0xC0, 0xC0, 0xC0, 0xC0, 0xC0, 0xC0, 0xC0, 0xC0, 0xC0, 0x00, 0x00, 0x80, 0xFF, 0xFF, 
		0xFF, 0xC0, 0xC0, 0xC0, 0x80, 0x80, 0x80, 0x80, 0x80, 0x80, 0x00, 0x00, 0x80, 0xC0, 0xC0, 0xC0, 
		0xC0, 0xC0, 0xC0, 0xC0, 0xC0, 0xC0, 0xC0, 0xC0, 0xC0, 0x00, 0x00, 0x80, 0x00, 0x00, 0x80, 0x00, 
		0x00, 0x80, 0x00, 0x00, 0x80, 0x00, 0x00, 0x80, 0x00, 0x00, 0x80, 0x00, 0x00, 0x80, 0x00, 0x00, 
		0x80, 0x00, 0x00, 0x80, 0x00, 0x00, 0x80, 0x00, 0x00, 0x80, 0x00, 0x00, 0x80, 0x00, 0x00, 0x80, 
		0x00, 0x00, 0x80, 0x00, 0x00, 0x80, 0x00, 0x00, 0x80, 0x00, 0x00, 0x80, 0x00, 0x00, 0x80, 0x00, 
		0x00, 0x80, 0xC0, 0xC0, 0xC0, 0xC0, 0xC0, 0xC0, 0xC0, 0xC0, 0xC0, 0x00, 0x00, 0x80, 0xFF, 0xFF, 
		0xFF, 0xC0, 0xC0, 0xC0, 0x80, 0x80, 0x80, 0x80, 0x80, 0x80, 0x00, 0x00, 0x80, 0xC0, 0xC0, 0xC0, 
		0xC0, 0xC0, 0xC0, 0xC0, 0xC0, 0xC0, 0x00, 0x00, 0x80, 0x00, 0x00, 0x80, 0x00, 0x00, 0x80, 0x00, 
		0x00, 0x80, 0x00, 0x00, 0x80, 0x00, 0x00, 0x80, 0x00, 0x00, 0x80, 0x00, 0x00, 0x80, 0x00, 0x00, 
		0x80, 0x00, 0x00, 0x80, 0x00, 0x00, 0x80, 0x00, 0x00, 0x80, 0x00, 0x00, 0x80, 0x00, 0x00, 0x80, 
		0x00, 0x00, 0x80, 0x00, 0x00, 0x80, 0x00, 0x00, 0x80, 0x00, 0x00, 0x80, 0x00, 0x00, 0x80, 0x00, 
		0x00, 0x80, 0xC0, 0xC0, 0xC0, 0xC0, 0xC0, 0xC0, 0x00, 0x00, 0x80, 0x00, 0x00, 0x80, 0xFF, 0xFF, 
		0xFF, 0xC0, 0xC0, 0xC0, 0x80, 0x80, 0x80, 0x80, 0x80, 0x80, 0x00, 0x00, 0x80, 0x00, 0x00, 0x80, 
		0xC0, 0xC0, 0xC0, 0xC0, 0xC0, 0xC0, 0x00, 0x00, 0x80, 0x00, 0x00, 0x80, 0x00, 0x00, 0x80, 0x00, 
		0x00, 0x80, 0x00, 0x00, 0x80, 0x00, 0x00, 0x80, 0x00, 0x00, 0x80, 0x00, 0x00, 0x80, 0x00, 0x00, 
		0x80, 0x00, 0x00, 0x80, 0x00, 0x00, 0x80, 0x00, 0x00, 0x80, 0x00, 0x00, 0x80, 0x00, 0x00, 0x80, 
		0x00, 0x00, 0x80, 0x00, 0x00, 0x80, 0x00, 0x00, 0x80, 0x00, 0x00, 0x80, 0x00, 0x00, 0x80, 0xC0, 
		0xC0, 0xC0, 0xC0, 0xC0, 0xC0, 0x00, 0x00, 0x80, 0xFF, 0xFF, 0xFF, 0x00, 0x00, 0x80, 0xFF, 0xFF, 
		0xFF, 0xC0, 0xC0, 0xC0, 0x80, 0x80, 0x80, 0x80, 0x80, 0x80, 0x00, 0x00, 0x80, 0xFF, 0xFF, 0xFF, 
		0x00, 0x00, 0x80, 0xC0, 0xC0, 0xC0, 0xC0, 0xC0, 0xC0, 0x00, 0x00, 0x80, 0x00, 0x00, 0x80, 0x00, 
		0x00, 0x80, 0x00, 0x00, 0x80, 0x00, 0x00, 0x80, 0x00, 0x00, 0x80, 0x00, 0x00, 0x80, 0x00, 0x00, 
		0x80, 0x00, 0x00, 0x80, 0x00, 0x00, 0x80, 0x00, 0x00, 0x80, 0x00, 0x00, 0x80, 0x00, 0x00, 0x80, 
		0x00, 0x00, 0x80, 0x00, 0x00, 0x80, 0xC0, 0xC0, 0xC0, 0xC0, 0xC0, 0xC0, 0xC0, 0xC0, 0xC0, 0xC0, 
		0xC0, 0xC0, 0xC0, 0xC0, 0xC0, 0xC0, 0xC0, 0xC0, 0x00, 0x00, 0x80, 0x00, 0x00, 0x80, 0xFF, 0xFF, 
		0xFF, 0xC0, 0xC0, 0xC0, 0x80, 0x80, 0x80, 0x80, 0x80, 0x80, 0x00, 0x00, 0x80, 0x00, 0x00, 0x80, 
		0xC0, 0xC0, 0xC0, 0xC0, 0xC0, 0xC0, 0xC0, 0xC0, 0xC0, 0xC0, 0xC0, 0xC0, 0xC0, 0xC0, 0xC0, 0xC0, 
		0xC0, 0xC0, 0x00, 0x00, 0x80, 0x00, 0x00, 0x80, 0x00, 0x00, 0x80, 0x00, 0x00, 0x80, 0x00, 0x00, 
		0x80, 0x00, 0x00, 0x80, 0x00, 0x00, 0x80, 0x00, 0x00, 0x80, 0x00, 0x00, 0x80, 0x00, 0x00, 0x80, 
		0x00, 0x00, 0x80, 0x00, 0x00, 0x80, 0x00, 0x00, 0x80, 0x00, 0x00, 0x80, 0x00, 0x00, 0x80, 0xC0, 
		0xC0, 0xC0, 0xC0, 0xC0, 0xC0, 0xC0, 0xC0, 0xC0, 0xC0, 0xC0, 0xC0, 0x00, 0x00, 0x80, 0x00, 0x00, 
		0x80, 0x00, 0x00, 0x80, 0x00, 0x00, 0x80, 0x00, 0x00, 0x80, 0x00, 0x00, 0x80, 0xC0, 0xC0, 0xC0, 
		0xC0, 0xC0, 0xC0, 0xC0, 0xC0, 0xC0, 0xC0, 0xC0, 0xC0, 0x00, 0x00, 0x80, 0x00, 0x00, 0x80, 0x00, 
		0x00, 0x80, 0x00, 0x00, 0x80, 0x00, 0x00, 0x80, 0x00, 0x00, 0x80, 0x00, 0x00, 0x80, 0x00, 0x00, 
		0x80, 0x00, 0x00, 0x80, 0x00, 0x00, 0x80, 0x00, 0x00, 0x80, 0x00, 0x00, 0x80, 0x00, 0x00, 0x80, 
		0x00, 0x00, 0x80, 0x00, 0x00, 0x80, 0x80, 0x80, 0x80, 0x80, 0x80, 0x80, 0x00, 0x00, 0x80, 0xC0, 
		0xC0, 0xC0, 0xC0, 0xC0, 0xC0, 0xC0, 0xC0, 0xC0, 0xC0, 0xC0, 0xC0, 0xC0, 0xC0, 0xC0, 0xC0, 0xC0, 
		0xC0, 0xC0, 0xC0, 0xC0, 0xC0, 0xC0, 0xC0, 0xC0, 0xC0, 0xC0, 0xC0, 0xC0, 0xC0, 0xC0, 0xC0, 0xC0, 
		0xC0, 0xC0, 0xC0, 0xC0, 0xC0, 0xC0, 0x00, 0x00, 0x80, 0xFF, 0xFF, 0xFF, 0xFF, 0xFF, 0xFF, 0xC0, 
		0xC0, 0xC0, 0xC0, 0xC0, 0xC0, 0x00, 0x00, 0x80, 0x00, 0x00, 0x80, 0x00, 0x00, 0x80, 0x00, 0x00, 
		0x80, 0x00, 0x00, 0x80, 0x00, 0x00, 0x80, 0x00, 0x00, 0x80, 0x00, 0x00, 0x80, 0x00, 0x00, 0x80, 
		0x00, 0x00, 0x80, 0x00, 0x00, 0x80, 0x00, 0x00, 0x80, 0x00, 0x00, 0x80, 0x00, 0x00, 0x80, 0xC0, 
		0xC0, 0xC0, 0xC0, 0xC0, 0xC0, 0xC0, 0xC0, 0xC0, 0x00, 0x00, 0x80, 0x00, 0x00, 0x80, 0xC0, 0xC0, 
		0xC0, 0xC0, 0xC0, 0xC0, 0xC0, 0xC0, 0xC0, 0xC0, 0xC0, 0xC0, 0x00, 0x00, 0x80, 0x00, 0x00, 0x80, 
		0xC0, 0xC0, 0xC0, 0xC0, 0xC0, 0xC0, 0x00, 0x00, 0x80, 0x80, 0x80, 0x80, 0xC0, 0xC0, 0xC0, 0xC0, 
		0xC0, 0xC0, 0x80, 0x80, 0x80, 0x00, 0x00, 0x80, 0x00, 0x00, 0x80, 0x00, 0x00, 0x80, 0x00, 0x00, 
		0x80, 0x00, 0x00, 0x80, 0x00, 0x00, 0x80, 0x00, 0x00, 0x80, 0x00, 0x00, 0x80, 0x00, 0x00, 0x80, 
		0x00, 0x00, 0x80, 0x00, 0x00, 0x80, 0x00, 0x00, 0x80, 0x80, 0x80, 0x80, 0x00, 0x00, 0x80, 0x00, 
		0x00, 0x80, 0xC0, 0xC0, 0xC0, 0x00, 0x00, 0x80, 0x80, 0x80, 0x80, 0x80, 0x80, 0x80, 0x00, 0x00, 
		0x80, 0xC0, 0xC0, 0xC0, 0xC0, 0xC0, 0xC0, 0x00, 0x00, 0x80, 0xFF, 0xFF, 0x00, 0xFF, 0xFF, 0xFF, 
		0x00, 0x00, 0x80, 0x00, 0x00, 0x80, 0x00, 0x00, 0x80, 0x80, 0x80, 0x80, 0x00, 0x00, 0x80, 0x00, 
		0x00, 0x80, 0x80, 0x80, 0x80, 0x00, 0x00, 0x80, 0x00, 0x00, 0x80, 0x00, 0x00, 0x80, 0xFF, 0xFF, 
		0x00, 0xFF, 0xFF, 0xFF, 0x00, 0x00, 0x80, 0x00, 0x00, 0x80, 0x00, 0x00, 0x80, 0x00, 0x00, 0x80, 
		0x00, 0x00, 0x80, 0x00, 0x00, 0x80, 0x00, 0x00, 0x80, 0x00, 0x00, 0x80, 0x00, 0x00, 0x80, 0x80, 
		0x80, 0x80, 0x00, 0x00, 0x80, 0x80, 0x80, 0x80, 0x00, 0x00, 0x80, 0x80, 0x80, 0x80, 0x00, 0x00, 
		0x80, 0xC0, 0xC0, 0xC0, 0xC0, 0xC0, 0xC0, 0x00, 0x00, 0x80, 0xFF, 0xFF, 0xFF, 0xFF, 0xFF, 0x00, 
		0xFF, 0xFF, 0xFF, 0xFF, 0xFF, 0x00, 0x00, 0x00, 0x80, 0xFF, 0xFF, 0xFF, 0xC0, 0xC0, 0xC0, 0x80, 
		0x80, 0x80, 0x80, 0x80, 0x80, 0x00, 0x00, 0x80, 0xFF, 0xFF, 0xFF, 0xFF, 0xFF, 0x00, 0xFF, 0xFF, 
		0xFF, 0xFF, 0xFF, 0x00, 0x00, 0x00, 0x80, 0x00, 0x00, 0x80, 0x00, 0x00, 0x80, 0x00, 0x00, 0x80, 
		0x00, 0x00, 0x80, 0x00, 0x00, 0x80, 0x00, 0x00, 0x80, 0x00, 0x00, 0x80, 0x00, 0x00, 0x80, 0x80, 
		0x80, 0x80, 0x00, 0x00, 0x80, 0x00, 0x00, 0x80, 0x00, 0x00, 0x80, 0x00, 0x00, 0x80, 0x00, 0x00, 
		0x80, 0x00, 0x00, 0x80, 0x00, 0x00, 0x80, 0x00, 0x00, 0x80, 0x00, 0x00, 0x80, 0xFF, 0xFF, 0xFF, 
		0xFF, 0xFF, 0x00, 0xFF, 0xFF, 0xFF, 0x00, 0x00, 0x80, 0xFF, 0xFF, 0xFF, 0xC0, 0xC0, 0xC0, 0x80, 
		0x80, 0x80, 0x80, 0x80, 0x80, 0x00, 0x00, 0x80, 0xFF, 0xFF, 0x00, 0xFF, 0xFF, 0xFF, 0xFF, 0xFF, 
		0x00, 0x00, 0x00, 0x80, 0x00, 0x00, 0x80, 0x00, 0x00, 0x80, 0x00, 0x00, 0x80, 0x00, 0x00, 0x80, 
		0x00, 0x00, 0x80, 0x00, 0x00, 0x80, 0x00, 0x00, 0x80, 0x00, 0x00, 0x80, 0x00, 0x00, 0x80, 0x00, 
		0x00, 0x80, 0x00, 0x00, 0x80, 0x00, 0x00, 0x80, 0x00, 0x00, 0x80, 0x00, 0x00, 0x80, 0x00, 0x00, 
		0x80, 0x80, 0x80, 0x80, 0x80, 0x80, 0x80, 0x00, 0x00, 0x80, 0x00, 0x00, 0x80, 0xFF, 0xFF, 0x00, 
		0xFF, 0xFF, 0xFF, 0x00, 0x00, 0x80, 0x00, 0x00, 0x80, 0xFF, 0xFF, 0xFF, 0xC0, 0xC0, 0xC0, 0x80, 
		0x80, 0x80, 0x80, 0x80, 0x80, 0x00, 0x00, 0x80, 0x00, 0x00, 0x80, 0xFF, 0xFF, 0x00, 0xFF, 0xFF, 
		0xFF, 0x00, 0x00, 0x80, 0x00, 0x00, 0x80, 0x00, 0x00, 0x80, 0x00, 0x00, 0x80, 0x00, 0x00, 0x80, 
		0x00, 0x00, 0x80, 0x00, 0x00, 0x80, 0x00, 0x00, 0x80, 0x00, 0x00, 0x80, 0x00, 0x00, 0x80, 0x00, 
		0x00, 0x80, 0x00, 0x00, 0x80, 0x00, 0x00, 0x80, 0x00, 0x00, 0x80, 0x00, 0x00, 0x80, 0x00, 0x00, 
		0x80, 0x00, 0x00, 0x80, 0x00, 0x00, 0x80, 0x00, 0x00, 0x80, 0xFF, 0xFF, 0x00, 0xFF, 0xFF, 0xFF, 
		0x00, 0x00, 0x80, 0xFF, 0xFF, 0xFF, 0x00, 0x00, 0x80, 0xFF, 0xFF, 0xFF, 0xC0, 0xC0, 0xC0, 0x80, 
		0x80, 0x80, 0x80, 0x80, 0x80, 0x00, 0x00, 0x80, 0xFF, 0xFF, 0xFF, 0x00, 0x00, 0x80, 0xFF, 0xFF, 
		0x00, 0xFF, 0xFF, 0xFF, 0x00, 0x00, 0x80, 0x00, 0x00, 0x80, 0x00, 0x00, 0x80, 0x00, 0x00, 0x80, 
		0x00, 0x00, 0x80, 0x00, 0x00, 0x80, 0x00, 0x00, 0x80, 0x00, 0x00, 0x80, 0x00, 0x00, 0x80, 0x00, 
		0x00, 0x80, 0x00, 0x00, 0x80, 0x00, 0x00, 0x80, 0x00, 0x00, 0x80, 0x00, 0x00, 0x80, 0x00, 0x00, 
		0x80, 0xFF, 0xFF, 0x00, 0xFF, 0xFF, 0xFF, 0xFF, 0xFF, 0x00, 0xFF, 0xFF, 0xFF, 0xFF, 0xFF, 0x00, 
		0xFF, 0xFF, 0xFF, 0x00, 0x00, 0x80, 0x00, 0x00, 0x80, 0xFF, 0xFF, 0xFF, 0xC0, 0xC0, 0xC0, 0x80, 
		0x80, 0x80, 0x80, 0x80, 0x80, 0x00, 0x00, 0x80, 0x00, 0x00, 0x80, 0xFF, 0xFF, 0x00, 0xFF, 0xFF, 
		0xFF, 0xFF, 0xFF, 0x00, 0xFF, 0xFF, 0xFF, 0xFF, 0xFF, 0x00, 0xFF, 0xFF, 0xFF, 0x00, 0x00, 0x80, 
		0x00, 0x00, 0x80, 0x00, 0x00, 0x80, 0x00, 0x00, 0x80, 0x00, 0x00, 0x80, 0x00, 0x00, 0x80, 0x00, 
		0x00, 0x80, 0x00, 0x00, 0x80, 0x00, 0x00, 0x80, 0x00, 0x00, 0x80, 0x00, 0x00, 0x80, 0x00, 0x00, 
		0x80, 0x00, 0x00, 0x80, 0x00, 0x00, 0x80, 0x00, 0x00, 0x80, 0xFF, 0xFF, 0x00, 0xFF, 0xFF, 0xFF, 
		0xFF, 0xFF, 0x00, 0xFF, 0xFF, 0xFF, 0x00, 0x00, 0x80, 0x00, 0x00, 0x80, 0x00, 0x00, 0x80, 0x00, 
		0x00, 0x80, 0x00, 0x00, 0x80, 0x00, 0x00, 0x80, 0xFF, 0xFF, 0x00, 0xFF, 0xFF, 0xFF, 0xFF, 0xFF, 
		0x00, 0xFF, 0xFF, 0xFF, 0x00, 0x00, 0x80, 0x00, 0x00, 0x80, 0x00, 0x00, 0x80, 0x00, 0x00, 0x80, 
		0x00, 0x00, 0x80, 0x00, 0x00, 0x80, 0x00, 0x00, 0x80, 0x00, 0x00, 0x80, 0x00, 0x00, 0x80, 0x00, 
		0x00, 0x80, 0x00, 0x00, 0x80, 0x00, 0x00, 0x80, 0x00, 0x00, 0x80, 0x00, 0x00, 0x80, 0x00, 0x00, 
		0x80, 0x80, 0x80, 0x00, 0x80, 0x80, 0x80, 0x00, 0x00, 0x80, 0xFF, 0xFF, 0xFF, 0xFF, 0xFF, 0x00, 
		0xFF, 0xFF, 0xFF, 0xFF, 0xFF, 0x00, 0xFF, 0xFF, 0xFF, 0xFF, 0xFF, 0x00, 0xFF, 0xFF, 0xFF, 0xFF, 
		0xFF, 0x00, 0xFF, 0xFF, 0xFF, 0xFF, 0xFF, 0x00, 0xFF, 0xFF, 0xFF, 0xFF, 0xFF, 0x00, 0xFF, 0xFF, 
		0xFF, 0xFF, 0xFF, 0x00, 0x00, 0x00, 0x80, 0x80, 0x80, 0x00, 0x80, 0x80, 0x80, 0x00, 0x00, 0x80, 
		0x00, 0x00, 0x80, 0x00, 0x00, 0x80, 0x00, 0x00, 0x80, 0x00, 0x00, 0x80, 0x00, 0x00, 0x80, 0x00, 
		0x00, 0x80, 0x00, 0x00, 0x80, 0x00, 0x00, 0x80, 0x00, 0x00, 0x80, 0x00, 0x00, 0x80, 0x00, 0x00, 
		0x80, 0x00, 0x00, 0x80, 0x00, 0x00, 0x80, 0x00, 0x00, 0x80, 0xFF, 0xFF, 0x00, 0xFF, 0xFF, 0xFF, 
		0xFF, 0xFF, 0x00, 0x00, 0x00, 0x80, 0x00, 0x00, 0x80, 0xFF, 0xFF, 0xFF, 0xFF, 0xFF, 0x00, 0xFF, 
		0xFF, 0xFF, 0xFF, 0xFF, 0x00, 0x00, 0x00, 0x80, 0x00, 0x00, 0x80, 0xFF, 0xFF, 0xFF, 0xFF, 0xFF, 
		0x00, 0xFF, 0xFF, 0xFF, 0x00, 0x00, 0x80, 0x00, 0x00, 0x80, 0x00, 0x00, 0x80, 0x00, 0x00, 0x80, 
		0x00, 0x00, 0x80, 0x00, 0x00, 0x80, 0x00, 0x00, 0x80, 0x00, 0x00, 0x80, 0x00, 0x00, 0x80, 0x00, 
		0x00, 0x80, 0x00, 0x00, 0x80, 0x00, 0x00, 0x80, 0x00, 0x00, 0x80, 0x00, 0x00, 0x80, 0x00, 0x00, 
		0x80, 0x00, 0x00, 0x80, 0x00, 0x00, 0x80, 0x00, 0x00, 0x80, 0x00, 0x00, 0x80, 0xFF, 0xFF, 0x00, 
		0x00, 0x00, 0x80, 0x80, 0x80, 0x00, 0x80, 0x80, 0x00, 0x00, 0x00, 0x80, 0xFF, 0xFF, 0xFF, 0xFF, 
		0xFF, 0x00, 0x00, 0x00, 0x80, 0x80, 0x80, 0x00, 0x80, 0x80, 0x00, 0x00, 0x00, 0x80, 0xFF, 0xFF, 
		0xFF, 0x00, 0x00, 0x80, 0x00, 0x00, 0x80, 0x00, 0x00, 0x80, 0x00, 0x00, 0x80, 0x00, 0x00, 0x80, 
		0x00, 0x00, 0x80, 0x00, 0x00, 0x80, 0x00, 0x00, 0x80, 0x00, 0x00, 0x80, 0x00, 0x00, 0x80, 0x00, 
		0x00, 0x80, 0x00, 0x00, 0x80, 0x00, 0x00, 0x80, 0x00, 0x00, 0x80, 0x00, 0x00, 0x80, 0x00, 0x00, 
		0x80, 0x00, 0x00, 0x80, 0x00, 0x00, 0x80, 0x00, 0x00, 0x80, 0x80, 0x80, 0x80, 0x00, 0x00, 0x80, 
		0x80, 0x80, 0x00, 0x00, 0x00, 0x80, 0x80, 0x80, 0x00, 0x00, 0x00, 0x80, 0xFF, 0xFF, 0x00, 0xFF, 
		0xFF, 0xFF, 0x00, 0x00, 0x80, 0x80, 0x80, 0x00, 0x00, 0x00, 0x80, 0x80, 0x80, 0x00, 0x00, 0x00, 
		0x80, 0x80, 0x80, 0x80, 0x00, 0x00, 0x80, 0x00, 0x00, 0x80, 0x00, 0x00, 0x80, 0x00, 0x00, 0x80, 
		0x00, 0x00, 0x80, 0x00, 0x00, 0x80, 0x00, 0x00, 0x80, 0x00, 0x00, 0x80, 0x00, 0x00, 0x80, 0x00, 
		0x00, 0x80, 0x00, 0x00, 0x80, 0x00, 0x00, 0x80, 0x00, 0x00, 0x80, 0x00, 0x00, 0x80, 0x00, 0x00, 
		0x80, 0x00, 0x00, 0x80, 0x00, 0x00, 0x80, 0x00, 0x00, 0x80, 0x80, 0x80, 0x80, 0x00, 0x00, 0x80, 
		0x00, 0x00, 0x80, 0x00, 0x00, 0x80, 0x00, 0x00, 0x80, 0x00, 0x00, 0x80, 0x00, 0x00, 0x80, 0x00, 
		0x00, 0x80, 0x00, 0x00, 0x80, 0x00, 0x00, 0x80, 0x00, 0x00, 0x80, 0x00, 0x00, 0x80, 0x00, 0x00, 
		0x80, 0x80, 0x80, 0x80, 0x00, 0x00, 0x80, 0x00, 0x00, 0x80, 0x00, 0x00, 0x80, 0x00, 0x00, 0x80, 
		0x00, 0x00, 0x80, 0x00, 0x00, 0x80, 0x00, 0x00, 0x80, 0x00, 0x00, 0x80, 0x00, 0x00, 0x80, 0x00, 
		0x00, 0x80, 0x00, 0x00, 0x80, 0x00, 0x00, 0x80, 0x00, 0x00, 0x80, 0x00, 0x00, 0x80, 0x00, 0x00, 
		0x80, 0x00, 0x00, 0x80, 0x00, 0x00, 0x80, 0x00, 0x00, 0x80, 0x00, 0x00, 0x80, 0x00, 0x00, 0x80, 
		0x00, 0x00, 0x80, 0x00, 0x00, 0x80, 0x00, 0x00, 0x80, 0x00, 0x00, 0x80, 0x80, 0x80, 0x80, 0x80, 
		0x80, 0x80, 0x00, 0x00, 0x80, 0x00, 0x00, 0x80, 0x00, 0x00, 0x80, 0x00, 0x00, 0x80, 0x00, 0x00, 
		0x80, 0x00, 0x00, 0x80, 0x00, 0x00, 0x80, 0x00, 0x00, 0x80, 0x00, 0x00, 0x80, 0x00, 0x00, 0x80, 
		0x00, 0x00, 0x80, 0x00, 0x00, 0x80, 0x00, 0x00, 0x80, 0x00, 0x00, 0x80, 0x00, 0x00, 0x80, 0x00, 
		0x00, 0x80, 0x00, 0x00, 0x80, 0x00, 0x00, 0x80, 0x00, 0x00, 0x80, 0x00, 0x00, 0x80, 0x00, 0x00, 
		0x80, 0x00, 0x00, 0x80, 0x00, 0x00, 0x80, 0x00, 0x00, 0x80, 0x00, 0x00, 0x80, 0x00, 0x00, 0x80, 
		0x00, 0x00, 0x80, 0x00, 0x00, 0x80, 0x00, 0x00, 0x80, 0x00, 0x00, 0x80, 0x00, 0x00, 0x80, 0x00, 
		0x00, 0x80, 0x00, 0x00, 0x80, 0x00, 0x00, 0x80, 0x00, 0x00, 0x80, 0x00, 0x00, 0x80, 0x00, 0x00, 
		0x80, 0x00, 0x00, 0x80, 0x00, 0x00, 0x80, 0x00, 0x00, 0x80, 0x00, 0x00, 0x80, 0x00, 0x00, 0x80, 
		0x00, 0x00, 0x80, 0x00, 0x00, 0x80, 0x00, 0x00, 0x80, 0x00, 0x00, 0x80, 0x00, 0x00, 0x80, 0x00, 
		0x00, 0x80, 0x00, 0x00, 0x80, 0x00, 0x00, 0x80, 0x00, 0x00, 0x80, 0x00, 0x00, 0x80, 0x00, 0x00, 
		0x80, 0x00, 0x00, 0x80, 0x00, 0x00, 0x80, 0x00, 0x00, 0x80, 0x00, 0x00, 0x80, 0x00, 0x00, 0x80, 
		0x00, 0x00, 0x80, 0x00, 0x00, 0x80, 0x00, 0x00, 0x80, 0x00, 0x00, 0x80, 0x00, 0x00, 0x80, 0x00, 
		0x00, 0x80, 0x00, 0x00, 0x80, 0x00, 0x00, 0x80, 0x00, 0x00, 0x80, 0x00, 0x00, 0x80, 0x00, 0x00, 
		0x80, 0x00, 0x00, 0x80, 0x00, 0x00, 0x80, 0x00, 0x00, 0x80, 0x00, 0x00, 0x80, 0x00, 0x00, 0x80, 
		0x00, 0x00, 0x80, 0x00, 0x00, 0x80, 0x00, 0x00, 0x80, 0x00, 0x00, 0x80, 0x00, 0x00, 0x80, 0x00, 
		0x00, 0x80, 0x00, 0x00, 0x80, 0x00, 0x00, 0x80, 0x00, 0x00, 0x80, 0x00, 0x00, 0x80, 0x00, 0x00, 
		0x80, 0x00, 0x00, 0x80, 0x00, 0x00, 0x80, 0x00, 0x00, 0x80, 0x00, 0x00, 0x80, 0x00, 0x00, 0x80, 
		0x00, 0x00, 0x80, 0x00, 0x00, 0x80, 0x00, 0x00, 0x80, 0x00, 0x00, 0x80, 0x00, 0x00, 0x80, 0x00, 
		0x00, 0x80, 0x00, 0x00, 0x80, 0x00, 0x00, 0x80, 0x00, 0x00, 0x80, 0x00, 0x00, 0x80, 0x00, 0x00, 
		0x80, 0x00, 0x00, 0x80, 0x00, 0x00, 0x80, 0x00, 0x00, 0x80, 0x00, 0x00, 0x80, 0x00, 0x00, 0x80, 
		0x00, 0x00, 0x80, 0x00, 0x00, 0x80, 0x00, 0x00, 0x80, 0x00, 0x00, 0x80, 0x00, 0x00, 0x80, 0x00, 
		0x00, 0x80, 0x00, 0x00, 0x80, 0x00, 0x00, 0x80, 0x00, 0x00, 0x80, 0x00, 0x00, 0x80, 0x00, 0x00, 
		0x80, 0x00, 0x00, 0x80, 0x00, 0x00, 0x80, 0x00, 0x00, 0x80, 0x00, 0x00, 0x80, 0x00, 0x00, 0x80, 
		0x00, 0x00, 0x80, 0x00, 0x00, 0x80, 0x00, 0x00, 0x80, 0x00, 0x00, 0x80, 0x00, 0x00, 0x80, 0x00, 
		0x00, 0x80, 0x00, 0x00, 0x80, 0x00, 0x00, 0x80, 0x00, 0x00, 0x80, 0x00, 0x00, 0x80, 0x00, 0x00, 
		0x80, 0x00, 0x00, 0x80, 0x00, 0x00, 0x80, 0x00, 0x00, 0x80, 0x00, 0x00, 0x80, 0x00, 0x00, 0x80
	},
	.mask = {
		true , true , true , true , true , true , true , true , true , true , true , true , true , true , true , true , 
		true , true , true , true , true , true , true , true , true , true , true , true , true , true , true , true , 
		true , true , true , true , true , true , true , true , true , true , true , true , true , true , true , true , 
		true , true , true , true , true , true , true , true , true , true , true , true , true , true , true , true , 
		true , true , true , true , true , true , true , true , true , true , false, false, false, false, true , true , 
		true , true , true , true , true , true , true , true , true , true , true , true , true , true , true , true , 
		true , true , true , true , true , true , true , true , true , false, false, false, false, false, false, true , 
		true , true , true , true , true , true , true , true , true , true , true , true , true , true , true , true , 
		true , true , true , true , true , true , true , true , true , false, false, false, false, false, false, true , 
		true , true , true , true , true , true , true , true , true , true , true , true , true , true , true , true , 
		true , true , true , true , true , false, false, true , true , false, false, false, false, false, false, true , 
		true , false, false, true , true , true , true , true , true , true , true , true , true , true , true , true , 
		true , true , true , true , false, false, false, false, false, false, false, false, false, false, false, false, 
		false, false, false, false, true , true , true , true , true , true , true , true , true , true , true , true , 
		true , true , true , true , false, false, false, false, false, false, false, false, false, false, false, false, 
		false, false, false, false, true , true , true , true , true , true , true , true , true , true , true , true , 
		true , true , true , true , false, false, false, false, false, false, false, false, false, false, false, false, 
		false, false, false, false, true , true , true , true , true , true , true , true , true , true , true , true , 
		true , true , true , true , false, false, false, false, false, false, false, false, false, false, false, false, 
		false, false, false, false, true , true , true , true , true , true , true , true , true , true , true , true , 
		true , true , false, false, false, false, false, false, false, false, false, false, false, false, false, false, 
		false, false, false, false, false, false, true , true , true , true , true , true , true , true , true , true , 
		true , false, false, false, false, false, false, false, false, false, false, false, false, false, false, false, 
		false, false, false, false, false, false, false, true , true , true , true , true , true , true , true , true , 
		true , false, false, false, false, false, false, false, false, false, false, false, false, false, false, false, 
		false, false, false, false, false, false, false, true , true , true , true , true , true , true , true , true , 
		true , false, false, false, false, false, false, false, false, false, false, false, false, false, false, false, 
		false, false, false, false, false, false, false, false, true , true , true , true , true , true , true , true , 
		true , true , false, false, false, false, false, false, false, false, false, false, false, false, false, false, 
		false, false, false, false, false, false, false, false, true , true , false, false, true , true , true , true , 
		true , true , true , true , false, false, false, false, false, false, false, false, false, false, false, false, 
		false, false, false, false, false, false, false, false, false, false, false, false, false, true , true , true , 
		true , true , true , true , false, false, false, false, false, false, false, false, false, false, false, false, 
		false, false, false, false, false, false, false, false, false, false, false, false, false, true , true , true , 
		true , true , true , true , false, false, false, false, true , false, false, false, false, false, false, false, 
		false, false, false, false, false, false, false, false, false, false, false, false, false, true , true , true , 
		true , true , true , true , true , false, false, true , true , true , false, false, false, false, false, false, 
		false, false, false, false, false, false, false, false, false, false, false, false, false, true , true , true , 
		true , true , true , true , true , true , true , true , true , true , false, false, false, false, false, false, 
		false, false, false, false, false, false, false, false, false, false, false, false, false, false, false, true , 
		true , true , true , true , true , true , true , true , true , true , false, false, false, false, false, false, 
		false, false, false, false, false, false, false, false, false, false, false, false, false, false, false, false, 
		true , true , true , true , true , true , true , true , true , true , false, false, false, false, false, false, 
		false, false, false, false, false, false, false, false, false, false, false, false, false, false, false, false, 
		true , true , true , true , true , true , true , true , true , true , false, false, false, false, false, false, 
		false, false, false, false, false, false, false, false, false, false, false, false, false, false, false, false, 
		true , true , true , true , true , true , true , true , true , true , true , false, false, false, false, false, 
		false, false, false, false, false, false, false, false, false, false, false, false, false, false, false, true , 
		true , true , true , true , true , true , true , true , true , true , true , true , true , false, false, false, 
		false, false, false, false, false, false, false, false, false, false, false, false, false, true , true , true , 
		true , true , true , true , true , true , true , true , true , true , true , true , true , false, false, false, 
		false, false, false, false, false, false, false, false, false, false, false, false, false, true , true , true , 
		true , true , true , true , true , true , true , true , true , true , true , true , true , false, false, false, 
		false, true , false, false, false, false, false, false, true , false, false, false, false, true , true , true , 
		true , true , true , true , true , true , true , true , true , true , true , true , true , true , false, false, 
		true , true , true , false, false, false, false, true , true , true , false, false, true , true , true , true , 
		true , true , true , true , true , true , true , true , true , true , true , true , true , true , true , true , 
		true , true , true , false, false, false, false, true , true , true , true , true , true , true , true , true , 
		true , true , true , true , true , true , true , true , true , true , true , true , true , true , true , true , 
		true , true , true , true , true , true , true , true , true , true , true , true , true , true , true , true , 
		true , true , true , true , true , true , true , true , true , true , true , true , true , true , true , true , 
		true , true , true , true , true , true , true , true , true , true , true , true , true , true , true , true , 
		true , true , true , true , true , true , true , true , true , true , true , true , true , true , true , true , 
		true , true , true , true , true , true , true , true , true , true , true , true , true , true , true , true
	}
};

const pwder_style::icon32 padlock PROGMEM = {
	.bitmap = {
		0x00, 0x00, 0x80, 0x00, 0x00, 0x80, 0x00, 0x00, 0x80, 0x00, 0x00, 0x80, 0x00, 0x00, 0x80, 0x00, 
		0x00, 0x80, 0x00, 0x00, 0x80, 0x00, 0x00, 0x80, 0x00, 0x00, 0x80, 0x00, 0x00, 0x80, 0x00, 0x00, 
		0x80, 0x00, 0x00, 0x80, 0x00, 0x00, 0x80, 0x00, 0x00, 0x80, 0x00, 0x00, 0x80, 0x00, 0x00, 0x80, 
		0x00, 0x00, 0x80, 0x00, 0x00, 0x80, 0x00, 0x00, 0x80, 0x80, 0x80, 0x00, 0x80, 0x80, 0x00, 0x80, 
		0x80, 0x00, 0x80, 0x80, 0x00, 0x00, 0x00, 0x80, 0x00, 0x00, 0x80, 0x00, 0x00, 0x80, 0x00, 0x00, 
		0x80, 0x00, 0x00, 0x80, 0x00, 0x00, 0x80, 0x00, 0x00, 0x80, 0x00, 0x00, 0x80, 0x00, 0x00, 0x80, 
		0x00, 0x00, 0x80, 0x00, 0x00, 0x80, 0x00, 0x00, 0x80, 0x00, 0x00, 0x80, 0x00, 0x00, 0x80, 0x00, 
		0x00, 0x80, 0x00, 0x00, 0x80, 0x00, 0x00, 0x80, 0x00, 0x00, 0x80, 0x00, 0x00, 0x80, 0x00, 0x00, 
		0x80, 0x00, 0x00, 0x80, 0x00, 0x00, 0x80, 0x00, 0x00, 0x80, 0x00, 0x00, 0x80, 0x00, 0x00, 0x80, 
		0x00, 0x00, 0x80, 0x80, 0x80, 0x00, 0x80, 0x80, 0x00, 0xFF, 0xFF, 0x00, 0xFF, 0xFF, 0x00, 0xFF, 
		0xFF, 0x00, 0xFF, 0xFF, 0x00, 0x00, 0x00, 0x00, 0x00, 0x00, 0x00, 0x00, 0x00, 0x80, 0x00, 0x00, 
		0x80, 0x00, 0x00, 0x80, 0x00, 0x00, 0x80, 0x00, 0x00, 0x80, 0x00, 0x00, 0x80, 0x00, 0x00, 0x80, 
		0x00, 0x00, 0x80, 0x00, 0x00, 0x80, 0x00, 0x00, 0x80, 0x00, 0x00, 0x80, 0x00, 0x00, 0x80, 0x00, 
		0x00, 0x80, 0x00, 0x00, 0x80, 0x00, 0x00, 0x80, 0x00, 0x00, 0x80, 0x00, 0x00, 0x80, 0x00, 0x00, 
		0x80, 0x00, 0x00, 0x80, 0x00, 0x00, 0x80, 0x00, 0x00, 0x80, 0x00, 0x00, 0x80, 0x00, 0x00, 0x80, 
		0x80, 0x80, 0x00, 0xFF, 0xFF, 0x00, 0xFF, 0xFF, 0x00, 0x80, 0x80, 0x00, 0x80, 0x80, 0x00, 0x80, 
		0x80, 0x00, 0xC0, 0xC0, 0xC0, 0xFF, 0xFF, 0x00, 0x80, 0x80, 0x00, 0x00, 0x00, 0x00, 0x00, 0x00, 
		0x80, 0x00, 0x00, 0x80, 0x00, 0x00, 0x80, 0x00, 0x00, 0x80, 0x00, 0x00, 0x80, 0x00, 0x00, 0x80, 
		0x00, 0x00, 0x80, 0x00, 0x00, 0x80, 0x00, 0x00, 0x80, 0x00, 0x00, 0x80, 0x00, 0x00, 0x80, 0x00, 
		0x00, 0x80, 0x00, 0x00, 0x00, 0x00, 0x00, 0x00, 0x00, 0x00, 0x00, 0x00, 0x00, 0x00, 0x00, 0x00, 
		0x00, 0x00, 0x00, 0x80, 0x00, 0x00, 0x80, 0x00, 0x00, 0x80, 0x00, 0x00, 0x80, 0x80, 0x80, 0x00, 
		0xFF, 0xFF, 0x00, 0xC0, 0xC0, 0xC0, 0x80, 0x80, 0x00, 0x00, 0x00, 0x00, 0x00, 0x00, 0x00, 0x00, 
		0x00, 0x00, 0x00, 0x00, 0x00, 0xC0, 0xC0, 0xC0, 0xC0, 0xC0, 0xC0, 0x80, 0x80, 0x00, 0x00, 0x00, 
		0x00, 0x00, 0x00, 0x80, 0x00, 0x00, 0x80, 0x00, 0x00, 0x80, 0x00, 0x00, 0x80, 0x00, 0x00, 0x80, 
		0x00, 0x00, 0x80, 0x00, 0x00, 0x80, 0x00, 0x00, 0x80, 0x00, 0x00, 0x80, 0x00, 0x00, 0x80, 0x00, 
		0x00, 0x00, 0x80, 0x80, 0x80, 0x00, 0x00, 0x80, 0x00, 0x00, 0x80, 0x00, 0x00, 0x80, 0x80, 0x80, 
		0x80, 0x00, 0x00, 0x00, 0x00, 0x00, 0x80, 0x00, 0x00, 0x80, 0x80, 0x80, 0x00, 0xFF, 0xFF, 0x00, 
		0xC0, 0xC0, 0xC0, 0x80, 0x80, 0x00, 0x00, 0x00, 0x00, 0x00, 0x00, 0x80, 0x00, 0x00, 0x80, 0x00, 
		0x00, 0x80, 0x00, 0x00, 0x80, 0x80, 0x80, 0x00, 0xFF, 0xFF, 0x00, 0xC0, 0xC0, 0xC0, 0x80, 0x80, 
		0x00, 0x00, 0x00, 0x00, 0x00, 0x00, 0x80, 0x00, 0x00, 0x80, 0x00, 0x00, 0x80, 0x00, 0x00, 0x80, 
		0x00, 0x00, 0x80, 0x00, 0x00, 0x80, 0x00, 0x00, 0x80, 0x80, 0x80, 0x80, 0x80, 0x80, 0x80, 0x80, 
		0x80, 0x80, 0x80, 0x80, 0x80, 0x80, 0x80, 0x80, 0x80, 0x80, 0x80, 0x00, 0x00, 0x80, 0x00, 0x00, 
		0x80, 0x80, 0x80, 0x80, 0x00, 0x00, 0x00, 0x00, 0x00, 0x80, 0x80, 0x80, 0x00, 0xFF, 0xFF, 0x00, 
		0x80, 0x80, 0x00, 0x00, 0x00, 0x00, 0x00, 0x00, 0x80, 0x00, 0x00, 0x80, 0x00, 0x00, 0x80, 0x00, 
		0x00, 0x80, 0x00, 0x00, 0x80, 0x00, 0x00, 0x80, 0x80, 0x80, 0x00, 0xC0, 0xC0, 0xC0, 0x80, 0x80, 
		0x00, 0x00, 0x00, 0x00, 0x00, 0x00, 0x80, 0x00, 0x00, 0x80, 0x00, 0x00, 0x80, 0x00, 0x00, 0x80, 
		0x00, 0x00, 0x80, 0x00, 0x00, 0x80, 0x80, 0x80, 0x80, 0xFF, 0xFF, 0xFF, 0xFF, 0xFF, 0xFF, 0xFF, 
		0xFF, 0xFF, 0xFF, 0xFF, 0xFF, 0xC0, 0xC0, 0xC0, 0x80, 0x80, 0x80, 0x00, 0x00, 0x00, 0x00, 0x00, 
		0x80, 0x00, 0x00, 0x80, 0x00, 0x00, 0x00, 0x00, 0x00, 0x80, 0x80, 0x80, 0x00, 0xFF, 0xFF, 0x00, 
		0x80, 0x80, 0x00, 0x00, 0x00, 0x00, 0x00, 0x00, 0x80, 0x00, 0x00, 0x80, 0x00, 0x00, 0x80, 0x00, 
		0x00, 0x80, 0x00, 0x00, 0x80, 0x00, 0x00, 0x80, 0x80, 0x80, 0x00, 0xC0, 0xC0, 0xC0, 0x80, 0x80, 
		0x00, 0x00, 0x00, 0x00, 0x00, 0x00, 0x80, 0x00, 0x00, 0x80, 0x00, 0x00, 0x80, 0x00, 0x00, 0x80, 
		0x00, 0x00, 0x80, 0x80, 0x80, 0x80, 0xFF, 0xFF, 0xFF, 0xC0, 0xC0, 0xC0, 0xC0, 0xC0, 0xC0, 0x00, 
		0x00, 0x00, 0x00, 0x00, 0x00, 0xC0, 0xC0, 0xC0, 0x80, 0x80, 0x80, 0x80, 0x80, 0x80, 0x80, 0x80, 
		0x80, 0x80, 0x80, 0x80, 0x00, 0x00, 0x00, 0x80, 0x80, 0x80, 0x80, 0x80, 0x00, 0xFF, 0xFF, 0x00, 
		0x80, 0x80, 0x00, 0x00, 0x00, 0x00, 0x00, 0x00, 0x80, 0x00, 0x00, 0x80, 0x00, 0x00, 0x80, 0x00, 
		0x00, 0x80, 0x00, 0x00, 0x80, 0x00, 0x00, 0x80, 0x80, 0x80, 0x00, 0xC0, 0xC0, 0xC0, 0x80, 0x80, 
		0x00, 0x00, 0x00, 0x00, 0x00, 0x00, 0x80, 0x00, 0x00, 0x80, 0x00, 0x00, 0x80, 0x00, 0x00, 0x80, 
		0x80, 0x80, 0x80, 0xFF, 0xFF, 0xFF, 0xC0, 0xC0, 0xC0, 0xC0, 0xC0, 0xC0, 0x00, 0x00, 0x00, 0x80, 
		0x80, 0x80, 0x80, 0x80, 0x80, 0x80, 0x80, 0x80, 0xFF, 0xFF, 0xFF, 0xFF, 0xFF, 0xFF, 0xFF, 0xFF, 
		0xFF, 0xFF, 0xFF, 0xFF, 0x00, 0x00, 0x00, 0x80, 0x80, 0x80, 0x00, 0x00, 0x00, 0xFF, 0xFF, 0x00, 
		0x80, 0x80, 0x00, 0x00, 0x00, 0x00, 0x00, 0x00, 0x80, 0x00, 0x00, 0x80, 0x00, 0x00, 0x80, 0x00, 
		0x00, 0x80, 0x00, 0x00, 0x80, 0x00, 0x00, 0x80, 0x80, 0x80, 0x00, 0xC0, 0xC0, 0xC0, 0x80, 0x80, 
		0x00, 0x00, 0x00, 0x00, 0x00, 0x00, 0x80, 0x00, 0x00, 0x80, 0x00, 0x00, 0x80, 0x00, 0x00, 0x80, 
		0x80, 0x80, 0x80, 0xFF, 0xFF, 0xFF, 0xC0, 0xC0, 0xC0, 0xC0, 0xC0, 0xC0, 0x00, 0x00, 0x00, 0x80, 
		0x80, 0x80, 0x80, 0x80, 0x80, 0xFF, 0xFF, 0xFF, 0xC0, 0xC0, 0xC0, 0xC0, 0xC0, 0xC0, 0x00, 0x00, 
		0x00, 0x00, 0x00, 0x00, 0xC0, 0xC0, 0xC0, 0xC0, 0xC0, 0xC0, 0x80, 0x80, 0x80, 0x00, 0x00, 0x00, 
		0x80, 0x80, 0x00, 0x00, 0x00, 0x00, 0x00, 0x00, 0x80, 0x00, 0x00, 0x80, 0x00, 0x00, 0x80, 0x00, 
		0x00, 0x80, 0x00, 0x00, 0x80, 0x00, 0x00, 0x80, 0x80, 0x80, 0x00, 0xC0, 0xC0, 0xC0, 0x80, 0x80, 
		0x00, 0x00, 0x00, 0x00, 0x00, 0x00, 0x80, 0x00, 0x00, 0x80, 0x00, 0x00, 0x80, 0x00, 0x00, 0x80, 
		0x80, 0x80, 0x80, 0xFF, 0xFF, 0xFF, 0xC0, 0xC0, 0xC0, 0xC0, 0xC0, 0xC0, 0xFF, 0xFF, 0xFF, 0x80, 
		0x80, 0x80, 0xFF, 0xFF, 0xFF, 0xC0, 0xC0, 0xC0, 0xC0, 0xC0, 0xC0, 0x00, 0x00, 0x00, 0x80, 0x80, 
		0x80, 0x80, 0x80, 0x80, 0x00, 0x00, 0x00, 0xC0, 0xC0, 0xC0, 0xC0, 0xC0, 0xC0, 0x80, 0x80, 0x80, 
		0x00, 0x00, 0x00, 0x00, 0x00, 0x00, 0x80, 0x80, 0x00, 0x80, 0x80, 0x00, 0x80, 0x80, 0x00, 0x80, 
		0x80, 0x00, 0x80, 0x80, 0x00, 0x80, 0x80, 0x00, 0x80, 0x80, 0x00, 0xC0, 0xC0, 0xC0, 0x80, 0x80, 
		0x00, 0x00, 0x00, 0x00, 0x80, 0x80, 0x00, 0x80, 0x80, 0x00, 0x00, 0x00, 0x80, 0x00, 0x00, 0x80, 
		0x80, 0x80, 0x80, 0xFF, 0xFF, 0xFF, 0xC0, 0xC0, 0xC0, 0xC0, 0xC0, 0xC0, 0xC0, 0xC0, 0xC0, 0x80, 
		0x80, 0x80, 0xFF, 0xFF, 0xFF, 0xC0, 0xC0, 0xC0, 0xC0, 0xC0, 0xC0, 0x00, 0x00, 0x00, 0x80, 0x80, 
		0x80, 0x00, 0x00, 0x80, 0x00, 0x00, 0x00, 0xC0, 0xC0, 0xC0, 0xC0, 0xC0, 0xC0, 0x80, 0x80, 0x80, 
		0x00, 0x00, 0x00, 0x00, 0x00, 0x00, 0x80, 0x80, 0x00, 0x80, 0x80, 0x80, 0x80, 0x80, 0x00, 0x80, 
		0x80, 0x80, 0x80, 0x80, 0x00, 0x80, 0x80, 0x80, 0x80, 0x80, 0x00, 0xC0, 0xC0, 0xC0, 0x80, 0x80, 
		0x00, 0x00, 0x00, 0x00, 0x80, 0x80, 0x00, 0x80, 0x80, 0x80, 0x80, 0x80, 0x00, 0x00, 0x00, 0x80, 
		0x80, 0x80, 0x80, 0xFF, 0xFF, 0xFF, 0xC0, 0xC0, 0xC0, 0xC0, 0xC0, 0xC0, 0xFF, 0xFF, 0xFF, 0x80, 
		0x80, 0x80, 0xFF, 0xFF, 0xFF, 0xC0, 0xC0, 0xC0, 0xC0, 0xC0, 0xC0, 0xFF, 0xFF, 0xFF, 0x00, 0x00, 
		0x00, 0x00, 0x00, 0x00, 0xC0, 0xC0, 0xC0, 0xFF, 0xFF, 0xFF, 0xC0, 0xC0, 0xC0, 0x80, 0x80, 0x80, 
		0x00, 0x00, 0x00, 0x80, 0x80, 0x00, 0x80, 0x80, 0x80, 0x80, 0x80, 0x00, 0x80, 0x80, 0x80, 0x80, 
		0x80, 0x00, 0x80, 0x80, 0x80, 0x80, 0x80, 0x00, 0x80, 0x80, 0x80, 0x00, 0x00, 0x00, 0x00, 0x00, 
		0x00, 0x80, 0x80, 0x00, 0x80, 0x80, 0x80, 0x80, 0x80, 0x00, 0x80, 0x80, 0x80, 0x00, 0x00, 0x00, 
		0x00, 0x00, 0x80, 0x80, 0x80, 0x80, 0xFF, 0xFF, 0xFF, 0xC0, 0xC0, 0xC0, 0xC0, 0xC0, 0xC0, 0x80, 
		0x80, 0x80, 0xFF, 0xFF, 0xFF, 0xC0, 0xC0, 0xC0, 0xC0, 0xC0, 0xC0, 0xC0, 0xC0, 0xC0, 0xFF, 0xFF, 
		0xFF, 0xC0, 0xC0, 0xC0, 0xFF, 0xFF, 0xFF, 0xC0, 0xC0, 0xC0, 0xC0, 0xC0, 0xC0, 0x80, 0x80, 0x80, 
		0x00, 0x00, 0x00, 0x80, 0x80, 0x80, 0x80, 0x80, 0x00, 0x80, 0x80, 0x80, 0x80, 0x80, 0x00, 0x80, 
		0x80, 0x80, 0x80, 0x80, 0x00, 0x80, 0x80, 0x80, 0x80, 0x80, 0x00, 0x80, 0x80, 0x80, 0x80, 0x80, 
		0x00, 0x80, 0x80, 0x80, 0x80, 0x80, 0x00, 0x80, 0x80, 0x80, 0x80, 0x80, 0x00, 0x00, 0x00, 0x00, 
		0x00, 0x00, 0x80, 0x00, 0x00, 0x80, 0x80, 0x80, 0x80, 0xFF, 0xFF, 0xFF, 0xC0, 0xC0, 0xC0, 0x80, 
		0x80, 0x80, 0xFF, 0xFF, 0xFF, 0xC0, 0xC0, 0xC0, 0xC0, 0xC0, 0xC0, 0xFF, 0xFF, 0xFF, 0xC0, 0xC0, 
		0xC0, 0xFF, 0xFF, 0xFF, 0xC0, 0xC0, 0xC0, 0xC0, 0xC0, 0xC0, 0xC0, 0xC0, 0xC0, 0x80, 0x80, 0x80, 
		0x00, 0x00, 0x00, 0xFF, 0xFF, 0xFF, 0xFF, 0xFF, 0xFF, 0xFF, 0xFF, 0xFF, 0xFF, 0xFF, 0xFF, 0xFF, 
		0xFF, 0xFF, 0xFF, 0xFF, 0xFF, 0xFF, 0xFF, 0xFF, 0xFF, 0xFF, 0xFF, 0xFF, 0xFF, 0xFF, 0xFF, 0xFF, 
		0xFF, 0xC0, 0xC0, 0xC0, 0xC0, 0xC0, 0xC0, 0x80, 0x80, 0x00, 0x80, 0x80, 0x80, 0x00, 0x00, 0x00, 
		0x00, 0x00, 0x80, 0x00, 0x00, 0x80, 0x00, 0x00, 0x80, 0x80, 0x80, 0x80, 0xFF, 0xFF, 0xFF, 0xC0, 
		0xC0, 0xC0, 0x80, 0x80, 0x80, 0xFF, 0xFF, 0xFF, 0xC0, 0xC0, 0xC0, 0xC0, 0xC0, 0xC0, 0xFF, 0xFF, 
		0xFF, 0xC0, 0xC0, 0xC0, 0xFF, 0xFF, 0xFF, 0xC0, 0xC0, 0xC0, 0x80, 0x80, 0x80, 0x00, 0x00, 0x00, 
		0xFF, 0xFF, 0x00, 0xFF, 0xFF, 0x00, 0xFF, 0xFF, 0x00, 0xFF, 0xFF, 0x00, 0xFF, 0xFF, 0x00, 0xFF, 
		0xFF, 0x00, 0xFF, 0xFF, 0x00, 0xFF, 0xFF, 0x00, 0xFF, 0xFF, 0x00, 0xFF, 0xFF, 0x00, 0xFF, 0xFF, 
		0x00, 0xFF, 0xFF, 0xFF, 0xC0, 0xC0, 0xC0, 0x80, 0x80, 0x80, 0x80, 0x80, 0x00, 0x00, 0x00, 0x00, 
		0x00, 0x00, 0x80, 0x00, 0x00, 0x80, 0x00, 0x00, 0x80, 0x00, 0x00, 0x80, 0x80, 0x80, 0x80, 0xC0, 
		0xC0, 0xC0, 0x80, 0x80, 0x80, 0x80, 0x80, 0x80, 0xFF, 0xFF, 0xFF, 0xC0, 0xC0, 0xC0, 0xC0, 0xC0, 
		0xC0, 0xC0, 0xC0, 0xC0, 0xC0, 0xC0, 0xC0, 0xC0, 0xC0, 0xC0, 0x00, 0x00, 0x00, 0xFF, 0xFF, 0x00, 
		0xFF, 0xFF, 0x00, 0xFF, 0xFF, 0x00, 0xFF, 0xFF, 0x00, 0xFF, 0xFF, 0x00, 0xFF, 0xFF, 0x00, 0xFF, 
		0xFF, 0x00, 0xFF, 0xFF, 0x00, 0xFF, 0xFF, 0x00, 0xFF, 0xFF, 0x00, 0xFF, 0xFF, 0x00, 0xFF, 0xFF, 
		0x00, 0xFF, 0xFF, 0x00, 0xC0, 0xC0, 0xC0, 0x80, 0x80, 0x00, 0x80, 0x80, 0x80, 0x00, 0x00, 0x00, 
		0x00, 0x00, 0x80, 0x00, 0x00, 0x80, 0x00, 0x00, 0x80, 0x00, 0x00, 0x80, 0x80, 0x80, 0x80, 0xC0, 
		0xC0, 0xC0, 0x80, 0x80, 0x80, 0xC0, 0xC0, 0xC0, 0x80, 0x80, 0x80, 0xFF, 0xFF, 0xFF, 0xC0, 0xC0, 
		0xC0, 0xFF, 0xFF, 0xFF, 0x80, 0x80, 0x80, 0x00, 0x00, 0x00, 0xC0, 0xC0, 0xC0, 0xC0, 0xC0, 0xC0, 
		0xC0, 0xC0, 0xC0, 0xC0, 0xC0, 0xC0, 0xC0, 0xC0, 0xC0, 0xC0, 0xC0, 0xC0, 0xC0, 0xC0, 0xC0, 0xC0, 
		0xC0, 0xC0, 0xC0, 0xC0, 0xC0, 0xC0, 0xC0, 0xC0, 0xC0, 0xC0, 0xC0, 0xC0, 0xC0, 0xC0, 0xC0, 0xC0, 
		0xC0, 0xFF, 0xFF, 0x00, 0xC0, 0xC0, 0xC0, 0x80, 0x80, 0x80, 0x80, 0x80, 0x00, 0x00, 0x00, 0x00, 
		0x00, 0x00, 0x80, 0x00, 0x00, 0x80, 0x00, 0x00, 0x80, 0x80, 0x80, 0x80, 0xFF, 0xFF, 0xFF, 0xC0, 
		0xC0, 0xC0, 0x80, 0x80, 0x80, 0xC0, 0xC0, 0xC0, 0x00, 0x00, 0x00, 0x80, 0x80, 0x80, 0xC0, 0xC0, 
		0xC0, 0x80, 0x80, 0x80, 0x80, 0x80, 0x80, 0x00, 0x00, 0x00, 0xFF, 0xFF, 0x00, 0xFF, 0xFF, 0x00, 
		0xFF, 0xFF, 0x00, 0xFF, 0xFF, 0x00, 0xFF, 0xFF, 0x00, 0xFF, 0xFF, 0x00, 0xFF, 0xFF, 0x00, 0xFF, 
		0xFF, 0x00, 0xFF, 0xFF, 0x00, 0xFF, 0xFF, 0x00, 0xFF, 0xFF, 0x00, 0xFF, 0xFF, 0x00, 0xFF, 0xFF, 
		0x00, 0xFF, 0xFF, 0x00, 0xC0, 0xC0, 0xC0, 0x80, 0x80, 0x00, 0x80, 0x80, 0x80, 0x00, 0x00, 0x00, 
		0x00, 0x00, 0x80, 0x00, 0x00, 0x80, 0x00, 0x00, 0x80, 0x80, 0x80, 0x80, 0xFF, 0xFF, 0xFF, 0xC0, 
		0xC0, 0xC0, 0x80, 0x80, 0x80, 0xC0, 0xC0, 0xC0, 0x00, 0x00, 0x00, 0x80, 0x80, 0x80, 0xC0, 0xC0, 
		0xC0, 0x80, 0x80, 0x80, 0xC0, 0xC0, 0xC0, 0x00, 0x00, 0x00, 0xC0, 0xC0, 0xC0, 0xC0, 0xC0, 0xC0, 
		0xC0, 0xC0, 0xC0, 0xC0, 0xC0, 0xC0, 0xC0, 0xC0, 0xC0, 0xC0, 0xC0, 0xC0, 0xC0, 0xC0, 0xC0, 0xC0, 
		0xC0, 0xC0, 0xC0, 0xC0, 0xC0, 0xC0, 0xC0, 0xC0, 0xC0, 0xC0, 0xC0, 0xC0, 0xC0, 0xC0, 0xC0, 0xC0, 
		0xC0, 0xFF, 0xFF, 0x00, 0xC0, 0xC0, 0xC0, 0x80, 0x80, 0x80, 0x80, 0x80, 0x00, 0x00, 0x00, 0x00, 
		0x00, 0x00, 0x80, 0x00, 0x00, 0x80, 0x00, 0x00, 0x80, 0x00, 0x00, 0x80, 0x00, 0x00, 0x00, 0x80, 
		0x80, 0x80, 0x80, 0x80, 0x80, 0xC0, 0xC0, 0xC0, 0x80, 0x80, 0x80, 0xFF, 0xFF, 0xFF, 0xC0, 0xC0, 
		0xC0, 0x80, 0x80, 0x80, 0xC0, 0xC0, 0xC0, 0x00, 0x00, 0x00, 0xFF, 0xFF, 0x00, 0xFF, 0xFF, 0x00, 
		0xFF, 0xFF, 0x00, 0xFF, 0xFF, 0x00, 0xFF, 0xFF, 0x00, 0xFF, 0xFF, 0x00, 0xFF, 0xFF, 0x00, 0xFF, 
		0xFF, 0x00, 0xFF, 0xFF, 0x00, 0xFF, 0xFF, 0x00, 0xFF, 0xFF, 0x00, 0xFF, 0xFF, 0x00, 0xFF, 0xFF, 
		0x00, 0xFF, 0xFF, 0x00, 0xC0, 0xC0, 0xC0, 0x80, 0x80, 0x00, 0x80, 0x80, 0x80, 0x00, 0x00, 0x00, 
		0x00, 0x00, 0x80, 0x00, 0x00, 0x80, 0x00, 0x00, 0x80, 0x00, 0x00, 0x80, 0x00, 0x00, 0x80, 0x00, 
		0x00, 0x00, 0x80, 0x80, 0x80, 0xC0, 0xC0, 0xC0, 0x80, 0x80, 0x80, 0xFF, 0xFF, 0xFF, 0xC0, 0xC0, 
		0xC0, 0x80, 0x80, 0x80, 0xC0, 0xC0, 0xC0, 0x00, 0x00, 0x00, 0xC0, 0xC0, 0xC0, 0xC0, 0xC0, 0xC0, 
		0xC0, 0xC0, 0xC0, 0xC0, 0xC0, 0xC0, 0xC0, 0xC0, 0xC0, 0xC0, 0xC0, 0xC0, 0xC0, 0xC0, 0xC0, 0xC0, 
		0xC0, 0xC0, 0xC0, 0xC0, 0xC0, 0xC0, 0xC0, 0xC0, 0xC0, 0xC0, 0xC0, 0xC0, 0xC0, 0xC0, 0xC0, 0xC0, 
		0xC0, 0xFF, 0xFF, 0x00, 0xC0, 0xC0, 0xC0, 0x80, 0x80, 0x80, 0x80, 0x80, 0x00, 0x00, 0x00, 0x00, 
		0x00, 0x00, 0x80, 0x00, 0x00, 0x80, 0x00, 0x00, 0x80, 0x00, 0x00, 0x80, 0x80, 0x80, 0x80, 0xC0, 
		0xC0, 0xC0, 0x80, 0x80, 0x80, 0xC0, 0xC0, 0xC0, 0x00, 0x00, 0x00, 0x00, 0x00, 0x00, 0x80, 0x80, 
		0x80, 0x80, 0x80, 0x80, 0xC0, 0xC0, 0xC0, 0x00, 0x00, 0x00, 0xFF, 0xFF, 0x00, 0xFF, 0xFF, 0x00, 
		0xFF, 0xFF, 0x00, 0xFF, 0xFF, 0x00, 0xFF, 0xFF, 0x00, 0xFF, 0xFF, 0x00, 0xFF, 0xFF, 0x00, 0xFF, 
		0xFF, 0x00, 0xFF, 0xFF, 0x00, 0xFF, 0xFF, 0x00, 0xFF, 0xFF, 0x00, 0xFF, 0xFF, 0x00, 0xFF, 0xFF, 
		0x00, 0xFF, 0xFF, 0x00, 0xC0, 0xC0, 0xC0, 0x80, 0x80, 0x00, 0x80, 0x80, 0x80, 0x00, 0x00, 0x00, 
		0x00, 0x00, 0x80, 0x00, 0x00, 0x80, 0x00, 0x00, 0x80, 0x80, 0x80, 0x80, 0xFF, 0xFF, 0xFF, 0xC0, 
		0xC0, 0xC0, 0x80, 0x80, 0x80, 0xC0, 0xC0, 0xC0, 0x00, 0x00, 0x00, 0x00, 0x00, 0x80, 0x00, 0x00, 
		0x00, 0x80, 0x80, 0x80, 0xC0, 0xC0, 0xC0, 0x00, 0x00, 0x00, 0xC0, 0xC0, 0xC0, 0xC0, 0xC0, 0xC0, 
		0xC0, 0xC0, 0xC0, 0xC0, 0xC0, 0xC0, 0xC0, 0xC0, 0xC0, 0xC0, 0xC0, 0xC0, 0xC0, 0xC0, 0xC0, 0xC0, 
		0xC0, 0xC0, 0xC0, 0xC0, 0xC0, 0xC0, 0xC0, 0xC0, 0xC0, 0xC0, 0xC0, 0xC0, 0xC0, 0xC0, 0xC0, 0xC0, 
		0xC0, 0xFF, 0xFF, 0x00, 0xC0, 0xC0, 0xC0, 0x80, 0x80, 0x80, 0x80, 0x80, 0x00, 0x00, 0x00, 0x00, 
		0x00, 0x00, 0x80, 0x00, 0x00, 0x80, 0x00, 0x00, 0x80, 0x00, 0x00, 0x80, 0x00, 0x00, 0x00, 0xC0, 
		0xC0, 0xC0, 0x80, 0x80, 0x80, 0xC0, 0xC0, 0xC0, 0x00, 0x00, 0x00, 0x80, 0x80, 0x80, 0xC0, 0xC0, 
		0xC0, 0x80, 0x80, 0x80, 0xC0, 0xC0, 0xC0, 0x00, 0x00, 0x00, 0xFF, 0xFF, 0x00, 0xFF, 0xFF, 0x00, 
		0xFF, 0xFF, 0x00, 0xFF, 0xFF, 0x00, 0xFF, 0xFF, 0x00, 0xFF, 0xFF, 0x00, 0xFF, 0xFF, 0x00, 0xFF, 
		0xFF, 0x00, 0xFF, 0xFF, 0x00, 0xFF, 0xFF, 0x00, 0xFF, 0xFF, 0x00, 0xFF, 0xFF, 0x00, 0xFF, 0xFF, 
		0x00, 0xFF, 0xFF, 0x00, 0xC0, 0xC0, 0xC0, 0x80, 0x80, 0x00, 0x80, 0x80, 0x80, 0x00, 0x00, 0x00, 
		0x00, 0x00, 0x80, 0x00, 0x00, 0x80, 0x00, 0x00, 0x80, 0x00, 0x00, 0x80, 0x00, 0x00, 0x80, 0x00, 
		0x00, 0x00, 0x80, 0x80, 0x80, 0xC0, 0xC0, 0xC0, 0x80, 0x80, 0x80, 0xFF, 0xFF, 0xFF, 0xC0, 0xC0, 
		0xC0, 0x80, 0x80, 0x80, 0xC0, 0xC0, 0xC0, 0x00, 0x00, 0x00, 0xC0, 0xC0, 0xC0, 0xC0, 0xC0, 0xC0, 
		0xC0, 0xC0, 0xC0, 0xC0, 0xC0, 0xC0, 0xC0, 0xC0, 0xC0, 0xC0, 0xC0, 0xC0, 0xC0, 0xC0, 0xC0, 0xC0, 
		0xC0, 0xC0, 0xC0, 0xC0, 0xC0, 0xC0, 0xC0, 0xC0, 0xC0, 0xC0, 0xC0, 0xC0, 0xC0, 0xC0, 0xC0, 0xC0, 
		0xC0, 0xFF, 0xFF, 0x00, 0xC0, 0xC0, 0xC0, 0x80, 0x80, 0x80, 0x80, 0x80, 0x00, 0x00, 0x00, 0x00, 
		0x00, 0x00, 0x80, 0x00, 0x00, 0x80, 0x00, 0x00, 0x80, 0x00, 0x00, 0x80, 0x80, 0x80, 0x80, 0xC0, 
		0xC0, 0xC0, 0x80, 0x80, 0x80, 0xC0, 0xC0, 0xC0, 0x00, 0x00, 0x00, 0x00, 0x00, 0x00, 0xC0, 0xC0, 
		0xC0, 0x80, 0x80, 0x80, 0xC0, 0xC0, 0xC0, 0x00, 0x00, 0x00, 0xFF, 0xFF, 0x00, 0xFF, 0xFF, 0x00, 
		0xFF, 0xFF, 0x00, 0xFF, 0xFF, 0x00, 0xFF, 0xFF, 0x00, 0xFF, 0xFF, 0x00, 0xFF, 0xFF, 0x00, 0xFF, 
		0xFF, 0x00, 0xFF, 0xFF, 0x00, 0xFF, 0xFF, 0x00, 0xFF, 0xFF, 0x00, 0xFF, 0xFF, 0x00, 0xFF, 0xFF, 
		0x00, 0xFF, 0xFF, 0x00, 0xC0, 0xC0, 0xC0, 0x80, 0x80, 0x00, 0x80, 0x80, 0x80, 0x00, 0x00, 0x00, 
		0x00, 0x00, 0x80, 0x00, 0x00, 0x80, 0x00, 0x00, 0x80, 0x00, 0x00, 0x80, 0x80, 0x80, 0x80, 0xC0, 
		0xC0, 0xC0, 0xC0, 0xC0, 0xC0, 0xC0, 0xC0, 0xC0, 0x00, 0x00, 0x00, 0x00, 0x00, 0x80, 0x00, 0x00, 
		0x00, 0x80, 0x80, 0x80, 0xC0, 0xC0, 0xC0, 0x00, 0x00, 0x00, 0xFF, 0xFF, 0x00, 0xFF, 0xFF, 0x00, 
		0xFF, 0xFF, 0x00, 0xFF, 0xFF, 0x00, 0xFF, 0xFF, 0x00, 0xFF, 0xFF, 0x00, 0xFF, 0xFF, 0x00, 0xFF, 
		0xFF, 0x00, 0xFF, 0xFF, 0x00, 0xFF, 0xFF, 0x00, 0xFF, 0xFF, 0x00, 0xFF, 0xFF, 0x00, 0xFF, 0xFF, 
		0x00, 0xFF, 0xFF, 0x00, 0xC0, 0xC0, 0xC0, 0x80, 0x80, 0x80, 0x80, 0x80, 0x00, 0x00, 0x00, 0x00, 
		0x00, 0x00, 0x80, 0x00, 0x00, 0x80, 0x00, 0x00, 0x80, 0x00, 0x00, 0x80, 0x00, 0x00, 0x80, 0x00, 
		0x00, 0x00, 0xC0, 0xC0, 0xC0, 0x00, 0x00, 0x00, 0x00, 0x00, 0x80, 0x80, 0x80, 0x80, 0xC0, 0xC0, 
		0xC0, 0x80, 0x80, 0x80, 0xC0, 0xC0, 0xC0, 0x00, 0x00, 0x00, 0x80, 0x80, 0x00, 0x80, 0x80, 0x00, 
		0x80, 0x80, 0x00, 0x80, 0x80, 0x00, 0x80, 0x80, 0x00, 0x80, 0x80, 0x00, 0x80, 0x80, 0x00, 0x80, 
		0x80, 0x00, 0x80, 0x80, 0x00, 0x80, 0x80, 0x00, 0x80, 0x80, 0x00, 0x80, 0x80, 0x00, 0x80, 0x80, 
		0x00, 0x80, 0x80, 0x00, 0x80, 0x80, 0x00, 0x80, 0x80, 0x80, 0x00, 0x00, 0x00, 0x00, 0x00, 0x80, 
		0x00, 0x00, 0x80, 0x00, 0x00, 0x80, 0x00, 0x00, 0x80, 0x00, 0x00, 0x80, 0x00, 0x00, 0x80, 0x00, 
		0x00, 0x80, 0x00, 0x00, 0x00, 0x00, 0x00, 0x80, 0x00, 0x00, 0x80, 0x80, 0x80, 0x80, 0xC0, 0xC0, 
		0xC0, 0xC0, 0xC0, 0xC0, 0xC0, 0xC0, 0xC0, 0x00, 0x00, 0x00, 0x00, 0x00, 0x00, 0x00, 0x00, 0x00, 
		0x00, 0x00, 0x00, 0x00, 0x00, 0x00, 0x00, 0x00, 0x00, 0x00, 0x00, 0x00, 0x00, 0x00, 0x00, 0x00, 
		0x00, 0x00, 0x00, 0x00, 0x00, 0x00, 0x00, 0x00, 0x00, 0x00, 0x00, 0x00, 0x00, 0x00, 0x00, 0x00, 
		0x00, 0x00, 0x00, 0x00, 0x00, 0x00, 0x00, 0x00, 0x00, 0x00, 0x00, 0x00, 0x80, 0x00, 0x00, 0x80, 
		0x00, 0x00, 0x80, 0x00, 0x00, 0x80, 0x00, 0x00, 0x80, 0x00, 0x00, 0x80, 0x00, 0x00, 0x80, 0x00, 
		0x00, 0x80, 0x00, 0x00, 0x80, 0x00, 0x00, 0x80, 0x00, 0x00, 0x80, 0x00, 0x00, 0x80, 0x00, 0x00, 
		0x00, 0xC0, 0xC0, 0xC0, 0x00, 0x00, 0x00, 0x00, 0x00, 0x80, 0x00, 0x00, 0x80, 0x00, 0x00, 0x80, 
		0x00, 0x00, 0x80, 0x00, 0x00, 0x80, 0x00, 0x00, 0x80, 0x00, 0x00, 0x80, 0x00, 0x00, 0x80, 0x00, 
		0x00, 0x80, 0x00, 0x00, 0x80, 0x00, 0x00, 0x80, 0x00, 0x00, 0x80, 0x00, 0x00, 0x80, 0x00, 0x00, 
		0x80, 0x00, 0x00, 0x80, 0x00, 0x00, 0x80, 0x00, 0x00, 0x80, 0x00, 0x00, 0x80, 0x00, 0x00, 0x80, 
		0x00, 0x00, 0x80, 0x00, 0x00, 0x80, 0x00, 0x00, 0x80, 0x00, 0x00, 0x80, 0x00, 0x00, 0x80, 0x00, 
		0x00, 0x80, 0x00, 0x00, 0x80, 0x00, 0x00, 0x80, 0x00, 0x00, 0x80, 0x00, 0x00, 0x80, 0x00, 0x00, 
		0x80, 0x00, 0x00, 0x00, 0x00, 0x00, 0x80, 0x00, 0x00, 0x80, 0x00, 0x00, 0x80, 0x00, 0x00, 0x80, 
		0x00, 0x00, 0x80, 0x00, 0x00, 0x80, 0x00, 0x00, 0x80, 0x00, 0x00, 0x80, 0x00, 0x00, 0x80, 0x00, 
		0x00, 0x80, 0x00, 0x00, 0x80, 0x00, 0x00, 0x80, 0x00, 0x00, 0x80, 0x00, 0x00, 0x80, 0x00, 0x00, 
		0x80, 0x00, 0x00, 0x80, 0x00, 0x00, 0x80, 0x00, 0x00, 0x80, 0x00, 0x00, 0x80, 0x00, 0x00, 0x80
	},
	.mask = {
		true , true , true , true , true , true , true , true , true , true , true , true , true , true , true , true , 
		true , true , true , false, false, false, false, true , true , true , true , true , true , true , true , true , 
		true , true , true , true , true , true , true , true , true , true , true , true , true , true , true , true , 
		true , false, false, false, false, false, false, false, false, true , true , true , true , true , true , true , 
		true , true , true , true , true , true , true , true , true , true , true , true , true , true , true , true , 
		false, false, false, false, false, false, false, false, false, false, true , true , true , true , true , true , 
		true , true , true , true , true , true , false, false, false, false, false, true , true , true , true , false, 
		false, false, false, false, false, false, false, false, false, false, false, true , true , true , true , true , 
		true , true , true , true , true , false, false, true , true , true , false, false, true , true , false, false, 
		false, false, false, true , true , true , true , false, false, false, false, false, true , true , true , true , 
		true , true , true , false, false, false, false, false, false, true , true , false, false, true , false, false, 
		false, false, true , true , true , true , true , true , false, false, false, false, true , true , true , true , 
		true , true , false, false, false, false, false, false, false, false, true , true , false, true , false, false, 
		false, false, true , true , true , true , true , true , false, false, false, false, true , true , true , true , 
		true , false, false, false, false, false, false, false, false, false, false, false, false, false, false, false, 
		false, false, true , true , true , true , true , true , false, false, false, false, true , true , true , true , 
		false, false, false, false, false, false, false, false, false, false, false, false, false, false, false, false, 
		false, false, true , true , true , true , true , true , false, false, false, false, true , true , true , true , 
		false, false, false, false, false, false, false, false, false, false, false, false, false, false, false, false, 
		false, false, true , true , true , true , true , true , false, false, false, false, true , true , true , true , 
		false, false, false, false, false, false, false, false, false, false, false, false, false, false, false, false, 
		false, false, false, false, false, false, false, false, false, false, false, false, false, false, true , true , 
		false, false, false, false, false, false, false, false, false, false, false, true , false, false, false, false, 
		false, false, false, false, false, false, false, false, false, false, false, false, false, false, false, true , 
		false, false, false, false, false, false, false, false, false, false, false, false, false, false, false, false, 
		false, false, false, false, false, false, false, false, false, false, false, false, false, false, false, false, 
		true , false, false, false, false, false, false, false, false, false, false, false, false, false, false, false, 
		false, false, false, false, false, false, false, false, false, false, false, false, false, false, false, false, 
		true , true , false, false, false, false, false, false, false, false, false, false, false, false, false, false, 
		false, false, false, false, false, false, false, false, false, false, false, false, false, false, false, false, 
		true , true , true , false, false, false, false, false, false, false, false, false, false, false, false, false, 
		false, false, false, false, false, false, false, false, false, false, false, false, false, false, false, false, 
		true , true , true , true , false, false, false, false, false, false, false, false, false, false, false, false, 
		false, false, false, false, false, false, false, false, false, false, false, false, false, false, false, false, 
		true , true , true , true , false, false, false, false, false, false, false, false, false, false, false, false, 
		false, false, false, false, false, false, false, false, false, false, false, false, false, false, false, false, 
		true , true , true , false, false, false, false, false, false, false, false, false, false, false, false, false, 
		false, false, false, false, false, false, false, false, false, false, false, false, false, false, false, false, 
		true , true , true , false, false, false, false, false, false, false, false, false, false, false, false, false, 
		false, false, false, false, false, false, false, false, false, false, false, false, false, false, false, false, 
		true , true , true , true , false, false, false, false, false, false, false, false, false, false, false, false, 
		false, false, false, false, false, false, false, false, false, false, false, false, false, false, false, false, 
		true , true , true , true , true , false, false, false, false, false, false, false, false, false, false, false, 
		false, false, false, false, false, false, false, false, false, false, false, false, false, false, false, false, 
		true , true , true , true , false, false, false, false, false, false, false, false, false, false, false, false, 
		false, false, false, false, false, false, false, false, false, false, false, false, false, false, false, false, 
		true , true , true , false, false, false, false, false, false, true , false, false, false, false, false, false, 
		false, false, false, false, false, false, false, false, false, false, false, false, false, false, false, false, 
		true , true , true , true , false, false, false, false, false, false, false, false, false, false, false, false, 
		false, false, false, false, false, false, false, false, false, false, false, false, false, false, false, false, 
		true , true , true , true , true , false, false, false, false, false, false, false, false, false, false, false, 
		false, false, false, false, false, false, false, false, false, false, false, false, false, false, false, false, 
		true , true , true , true , false, false, false, false, false, false, false, false, false, false, false, false, 
		false, false, false, false, false, false, false, false, false, false, false, false, false, false, false, false, 
		true , true , true , true , false, false, false, false, false, true , false, false, false, false, false, false, 
		false, false, false, false, false, false, false, false, false, false, false, false, false, false, false, false, 
		true , true , true , true , true , false, false, false, true , false, false, false, false, false, false, false, 
		false, false, false, false, false, false, false, false, false, false, false, false, false, false, false, true , 
		true , true , true , true , true , true , false, true , true , false, false, false, false, false, false, false, 
		false, false, false, false, false, false, false, false, false, false, false, false, false, false, true , true , 
		true , true , true , true , true , true , true , true , true , true , false, false, false, true , true , true , 
		true , true , true , true , true , true , true , true , true , true , true , true , true , true , true , true , 
		true , true , true , true , true , true , true , true , true , true , true , false, true , true , true , true , 
		true , true , true , true , true , true , true , true , true , true , true , true , true , true , true , true
	}
};

const pwder_style::icon32 network PROGMEM = {
	.bitmap = {
		0x00, 0x00, 0x80, 0x00, 0x00, 0x80, 0x00, 0x00, 0x80, 0x00, 0x00, 0x80, 0x80, 0x80, 0x80, 0x80, 
		0x80, 0x80, 0x80, 0x80, 0x80, 0x80, 0x80, 0x80, 0x80, 0x80, 0x80, 0x80, 0x80, 0x80, 0x80, 0x80, 
		0x80, 0x80, 0x80, 0x80, 0x80, 0x80, 0x80, 0x80, 0x80, 0x80, 0x80, 0x80, 0x80, 0x80, 0x80, 0x80, 
		0x80, 0x80, 0x80, 0x80, 0x80, 0x80, 0x00, 0x00, 0x80, 0x00, 0x00, 0x80, 0x00, 0x00, 0x80, 0x00, 
		0x00, 0x80, 0x00, 0x00, 0x80, 0x00, 0x00, 0x80, 0x00, 0x00, 0x80, 0x00, 0x00, 0x80, 0x00, 0x00, 
		0x80, 0x00, 0x00, 0x80, 0x00, 0x00, 0x80, 0x00, 0x00, 0x80, 0x00, 0x00, 0x80, 0x00, 0x00, 0x80, 
		0x00, 0x00, 0x80, 0x00, 0x00, 0x80, 0x00, 0x00, 0x80, 0x80, 0x80, 0x80, 0xC0, 0xC0, 0xC0, 0xC0, 
		0xC0, 0xC0, 0xC0, 0xC0, 0xC0, 0xC0, 0xC0, 0xC0, 0xC0, 0xC0, 0xC0, 0xC0, 0xC0, 0xC0, 0xC0, 0xC0, 
		0xC0, 0xC0, 0xC0, 0xC0, 0xC0, 0xC0, 0xC0, 0xC0, 0xC0, 0xC0, 0xC0, 0xC0, 0xC0, 0xC0, 0xC0, 0xC0, 
		0xC0, 0xC0, 0xC0, 0x80, 0x80, 0x80, 0x00, 0x00, 0x00, 0x00, 0x00, 0x80, 0x00, 0x00, 0x80, 0x00, 
		0x00, 0x80, 0x00, 0x00, 0x80, 0x00, 0x00, 0x80, 0x00, 0x00, 0x80, 0x00, 0x00, 0x80, 0x00, 0x00, 
		0x80, 0x00, 0x00, 0x80, 0x00, 0x00, 0x80, 0x00, 0x00, 0x80, 0x00, 0x00, 0x80, 0x00, 0x00, 0x80, 
		0x00, 0x00, 0x80, 0x00, 0x00, 0x80, 0x80, 0x80, 0x80, 0xFF, 0xFF, 0xFF, 0xFF, 0xFF, 0xFF, 0xFF, 
		0xFF, 0xFF, 0xFF, 0xFF, 0xFF, 0xFF, 0xFF, 0xFF, 0xFF, 0xFF, 0xFF, 0xFF, 0xFF, 0xFF, 0xFF, 0xFF, 
		0xFF, 0xFF, 0xFF, 0xFF, 0xFF, 0xFF, 0xFF, 0xFF, 0xFF, 0xFF, 0xFF, 0xFF, 0xFF, 0xFF, 0xFF, 0xFF, 
		0x80, 0x80, 0x80, 0x80, 0x80, 0x80, 0x00, 0x00, 0x00, 0x00, 0x00, 0x80, 0x00, 0x00, 0x80, 0x00, 
		0x00, 0x80, 0x00, 0x00, 0x80, 0x00, 0x00, 0x80, 0x00, 0x00, 0x80, 0x00, 0x00, 0x80, 0x00, 0x00, 
		0x80, 0x00, 0x00, 0x80, 0x00, 0x00, 0x80, 0x00, 0x00, 0x80, 0x00, 0x00, 0x80, 0x00, 0x00, 0x80, 
		0x00, 0x00, 0x80, 0x00, 0x00, 0x80, 0x80, 0x80, 0x80, 0xFF, 0xFF, 0xFF, 0x80, 0x80, 0x80, 0x80, 
		0x80, 0x80, 0x80, 0x80, 0x80, 0x80, 0x80, 0x80, 0x80, 0x80, 0x80, 0x80, 0x80, 0x80, 0x80, 0x80, 
		0x80, 0x80, 0x80, 0x80, 0x80, 0x80, 0x80, 0x80, 0x80, 0x80, 0xFF, 0xFF, 0xFF, 0xC0, 0xC0, 0xC0, 
		0x80, 0x80, 0x80, 0x80, 0x80, 0x80, 0x00, 0x00, 0x00, 0x00, 0x00, 0x80, 0x00, 0x00, 0x80, 0x00, 
		0x00, 0x80, 0x00, 0x00, 0x80, 0x00, 0x00, 0x80, 0x00, 0x00, 0x80, 0x00, 0x00, 0x80, 0x00, 0x00, 
		0x80, 0x00, 0x00, 0x80, 0x00, 0x00, 0x80, 0x00, 0x00, 0x80, 0x00, 0x00, 0x80, 0x00, 0x00, 0x80, 
		0x00, 0x00, 0x80, 0x00, 0x00, 0x80, 0x80, 0x80, 0x80, 0xFF, 0xFF, 0xFF, 0x80, 0x80, 0x80, 0x00, 
		0x00, 0x00, 0x00, 0x00, 0x00, 0x00, 0x00, 0x00, 0x00, 0x00, 0x00, 0x00, 0x00, 0x00, 0x00, 0x00, 
		0x00, 0x00, 0x00, 0x00, 0x00, 0x00, 0x00, 0x00, 0x00, 0x80, 0xFF, 0xFF, 0xFF, 0xC0, 0xC0, 0xC0, 
		0x80, 0x80, 0x80, 0x80, 0x80, 0x80, 0x00, 0x00, 0x00, 0x00, 0x00, 0x80, 0x00, 0x00, 0x80, 0x00, 
		0x00, 0x80, 0x00, 0x00, 0x80, 0x00, 0x00, 0x80, 0x00, 0x00, 0x80, 0x00, 0x00, 0x80, 0x00, 0x00, 
		0x80, 0x00, 0x00, 0x80, 0x00, 0x00, 0x80, 0x00, 0x00, 0x80, 0x00, 0x00, 0x80, 0x00, 0x00, 0x80, 
		0x00, 0x00, 0x80, 0x00, 0x00, 0x80, 0x80, 0x80, 0x80, 0xFF, 0xFF, 0xFF, 0x80, 0x80, 0x80, 0x00, 
		0x00, 0x00, 0x00, 0x00, 0xFF, 0x00, 0x00, 0xFF, 0x00, 0x00, 0xFF, 0x00, 0x00, 0xFF, 0x00, 0x00, 
		0xFF, 0x00, 0x00, 0xFF, 0x00, 0x00, 0xFF, 0x00, 0x00, 0x80, 0xFF, 0xFF, 0xFF, 0xC0, 0xC0, 0xC0, 
		0x80, 0x80, 0x80, 0x80, 0x80, 0x80, 0x00, 0x00, 0x00, 0x00, 0x00, 0x80, 0x00, 0x00, 0x80, 0x00, 
		0x00, 0x80, 0x00, 0x00, 0x80, 0x00, 0x00, 0x80, 0x00, 0x00, 0x80, 0x00, 0x00, 0x80, 0x00, 0x00, 
		0x80, 0x00, 0x00, 0x80, 0x00, 0x00, 0x80, 0x00, 0x00, 0x80, 0x00, 0x00, 0x80, 0x00, 0x00, 0x80, 
		0x00, 0x00, 0x80, 0x00, 0x00, 0x80, 0x80, 0x80, 0x80, 0xFF, 0xFF, 0xFF, 0x80, 0x80, 0x80, 0x00, 
		0x00, 0x00, 0x00, 0x00, 0xFF, 0x00, 0xFF, 0xFF, 0x00, 0x00, 0xFF, 0x00, 0x00, 0xFF, 0x00, 0x00, 
		0xFF, 0x00, 0x00, 0xFF, 0x00, 0x00, 0xFF, 0x00, 0x00, 0x80, 0xFF, 0xFF, 0xFF, 0xC0, 0xC0, 0xC0, 
		0x80, 0x80, 0x80, 0x80, 0x80, 0x80, 0x00, 0x00, 0x00, 0x00, 0x00, 0x80, 0x00, 0x00, 0x80, 0x00, 
		0x00, 0x80, 0x00, 0x00, 0x80, 0x00, 0x00, 0x80, 0x00, 0x00, 0x80, 0x00, 0x00, 0x80, 0x00, 0x00, 
		0x80, 0x00, 0x00, 0x80, 0x00, 0x00, 0x80, 0x00, 0x00, 0x80, 0x00, 0x00, 0x80, 0x00, 0x00, 0x80, 
		0x00, 0x00, 0x80, 0x00, 0x00, 0x80, 0x80, 0x80, 0x80, 0xFF, 0xFF, 0xFF, 0x80, 0x80, 0x80, 0x00, 
		0x00, 0x00, 0x00, 0x00, 0xFF, 0x00, 0xFF, 0xFF, 0x00, 0x00, 0xFF, 0x00, 0x00, 0xFF, 0x00, 0x00, 
		0xFF, 0x00, 0x00, 0xFF, 0x00, 0x00, 0xFF, 0x00, 0x00, 0x80, 0xFF, 0xFF, 0xFF, 0xC0, 0xC0, 0xC0, 
		0x80, 0x80, 0x80, 0x80, 0x80, 0x80, 0x00, 0x00, 0x00, 0x00, 0x00, 0x80, 0x00, 0x00, 0x80, 0x00, 
		0x00, 0x80, 0x00, 0x00, 0x80, 0x00, 0x00, 0x80, 0x00, 0x00, 0x80, 0x00, 0x00, 0x80, 0x00, 0x00, 
		0x80, 0x00, 0x00, 0x80, 0x00, 0x00, 0x80, 0x00, 0x00, 0x80, 0x00, 0x00, 0x80, 0x00, 0x00, 0x80, 
		0x00, 0x00, 0x80, 0x00, 0x00, 0x80, 0x80, 0x80, 0x80, 0xFF, 0xFF, 0xFF, 0x80, 0x80, 0x80, 0x00, 
		0x00, 0x00, 0x00, 0x00, 0xFF, 0x00, 0x00, 0xFF, 0x00, 0x00, 0xFF, 0x00, 0x00, 0xFF, 0x00, 0x00, 
		0xFF, 0x00, 0x00, 0xFF, 0x00, 0x00, 0xFF, 0x00, 0x00, 0x80, 0xFF, 0xFF, 0xFF, 0xC0, 0xC0, 0xC0, 
		0x80, 0x80, 0x80, 0x80, 0x80, 0x80, 0x00, 0x00, 0x00, 0x00, 0x00, 0x80, 0x00, 0x00, 0x80, 0x00, 
		0x00, 0x80, 0x00, 0x00, 0x80, 0x00, 0x00, 0x80, 0x00, 0x00, 0x80, 0x00, 0x00, 0x80, 0x00, 0x00, 
		0x80, 0x00, 0x00, 0x80, 0x00, 0x00, 0x80, 0x00, 0x00, 0x80, 0x00, 0x00, 0x80, 0x00, 0x00, 0x80, 
		0x00, 0x00, 0x80, 0x00, 0x00, 0x80, 0x80, 0x80, 0x80, 0xFF, 0xFF, 0xFF, 0x80, 0x80, 0x80, 0x00, 
		0x00, 0x00, 0x00, 0x00, 0xFF, 0x00, 0x00, 0xFF, 0x00, 0x00, 0xFF, 0x00, 0x00, 0xFF, 0x00, 0x00, 
		0xFF, 0x00, 0x00, 0xFF, 0x00, 0x00, 0xFF, 0x00, 0x00, 0x80, 0xFF, 0xFF, 0xFF, 0xC0, 0xC0, 0xC0, 
		0x80, 0x80, 0x80, 0x80, 0x80, 0x80, 0x00, 0x00, 0x00, 0x00, 0x00, 0x80, 0x00, 0x00, 0x80, 0x00, 
		0x00, 0x80, 0x00, 0x00, 0x80, 0x00, 0x00, 0x80, 0x00, 0x00, 0x80, 0x00, 0x00, 0x80, 0x00, 0x00, 
		0x80, 0x00, 0x00, 0x80, 0x00, 0x00, 0x80, 0x00, 0x00, 0x80, 0x00, 0x00, 0x80, 0x00, 0x00, 0x80, 
		0x00, 0x00, 0x80, 0x00, 0x00, 0x80, 0x80, 0x80, 0x80, 0xFF, 0xFF, 0xFF, 0x80, 0x80, 0x80, 0x00, 
		0x00, 0x80, 0x00, 0x00, 0x80, 0x00, 0x00, 0x80, 0x00, 0x00, 0x80, 0x00, 0x00, 0x80, 0x00, 0x00, 
		0x80, 0x00, 0x00, 0x80, 0x00, 0x00, 0x80, 0x00, 0x00, 0x80, 0xFF, 0xFF, 0xFF, 0x80, 0x80, 0x80, 
		0x80, 0x80, 0x80, 0x80, 0x80, 0x80, 0x80, 0x80, 0x80, 0x80, 0x80, 0x80, 0x80, 0x80, 0x80, 0x80, 
		0x80, 0x80, 0x80, 0x80, 0x80, 0x80, 0x80, 0x80, 0x80, 0x80, 0x80, 0x80, 0x80, 0x80, 0x80, 0x80, 
		0x80, 0x80, 0x80, 0x80, 0x80, 0x80, 0x80, 0x00, 0x00, 0x80, 0x00, 0x00, 0x80, 0x00, 0x00, 0x80, 
		0x00, 0x00, 0x80, 0x00, 0x00, 0x80, 0x80, 0x80, 0x80, 0xFF, 0xFF, 0xFF, 0xFF, 0xFF, 0xFF, 0xFF, 
		0xFF, 0xFF, 0xFF, 0xFF, 0xFF, 0xFF, 0xFF, 0xFF, 0xFF, 0xFF, 0xFF, 0xFF, 0xFF, 0xFF, 0xFF, 0xFF, 
		0xFF, 0xFF, 0xFF, 0xFF, 0xFF, 0xFF, 0xFF, 0xFF, 0xFF, 0xFF, 0x80, 0x80, 0x80, 0xC0, 0xC0, 0xC0, 
		0xC0, 0xC0, 0xC0, 0xC0, 0xC0, 0xC0, 0xC0, 0xC0, 0xC0, 0xC0, 0xC0, 0xC0, 0xC0, 0xC0, 0xC0, 0xC0, 
		0xC0, 0xC0, 0xC0, 0xC0, 0xC0, 0xC0, 0xC0, 0xC0, 0xC0, 0xC0, 0xC0, 0xC0, 0xC0, 0xC0, 0xC0, 0xC0, 
		0xC0, 0xC0, 0xC0, 0xC0, 0x80, 0x80, 0x80, 0x00, 0x00, 0x00, 0x00, 0x00, 0x80, 0x00, 0x00, 0x80, 
		0x00, 0x00, 0x80, 0x00, 0x00, 0x80, 0x80, 0x80, 0x80, 0xC0, 0xC0, 0xC0, 0xC0, 0xC0, 0xC0, 0xC0, 
		0xC0, 0xC0, 0xC0, 0xC0, 0xC0, 0xC0, 0xC0, 0xC0, 0xC0, 0xC0, 0xC0, 0xC0, 0xC0, 0xC0, 0xC0, 0xC0, 
		0xC0, 0xC0, 0xC0, 0xC0, 0xC0, 0xC0, 0xC0, 0x80, 0x80, 0x80, 0xFF, 0xFF, 0xFF, 0xFF, 0xFF, 0xFF, 
		0xFF, 0xFF, 0xFF, 0xFF, 0xFF, 0xFF, 0xFF, 0xFF, 0xFF, 0xFF, 0xFF, 0xFF, 0xFF, 0xFF, 0xFF, 0xFF, 
		0xFF, 0xFF, 0xFF, 0xFF, 0xFF, 0xFF, 0xFF, 0xFF, 0xFF, 0xFF, 0xFF, 0xFF, 0xFF, 0xFF, 0xFF, 0xFF, 
		0xFF, 0x80, 0x80, 0x80, 0x80, 0x80, 0x80, 0x00, 0x00, 0x00, 0x00, 0x00, 0x80, 0x00, 0x00, 0x80, 
		0x00, 0x00, 0x80, 0x00, 0x00, 0x80, 0x80, 0x80, 0x80, 0x00, 0x00, 0x00, 0x00, 0x00, 0x00, 0x00, 
		0x00, 0x00, 0x00, 0x00, 0x00, 0x00, 0x00, 0x00, 0x00, 0x00, 0x00, 0x00, 0x00, 0x00, 0x00, 0x00, 
		0x00, 0x00, 0x00, 0x00, 0x00, 0x00, 0x00, 0x80, 0x80, 0x80, 0xFF, 0xFF, 0xFF, 0x80, 0x80, 0x80, 
		0x80, 0x80, 0x80, 0x80, 0x80, 0x80, 0x80, 0x80, 0x80, 0x80, 0x80, 0x80, 0x80, 0x80, 0x80, 0x80, 
		0x80, 0x80, 0x80, 0x80, 0x80, 0x80, 0x80, 0x80, 0x80, 0x80, 0x80, 0xFF, 0xFF, 0xFF, 0xC0, 0xC0, 
		0xC0, 0x80, 0x80, 0x80, 0x80, 0x80, 0x80, 0x00, 0x00, 0x00, 0x00, 0x00, 0x80, 0x00, 0x00, 0x80, 
		0x00, 0x00, 0x80, 0x80, 0x80, 0x80, 0x80, 0x80, 0x80, 0x80, 0x80, 0x80, 0x80, 0x80, 0x80, 0x80, 
		0x80, 0x80, 0x80, 0x80, 0x80, 0x80, 0x80, 0x80, 0x80, 0x80, 0x80, 0x80, 0x80, 0x80, 0x80, 0x80, 
		0x80, 0x80, 0x80, 0x80, 0x80, 0x80, 0x80, 0x80, 0x80, 0x80, 0xFF, 0xFF, 0xFF, 0x80, 0x80, 0x80, 
		0x00, 0x00, 0x00, 0x00, 0x00, 0x00, 0x00, 0x00, 0x00, 0x00, 0x00, 0x00, 0x00, 0x00, 0x00, 0x00, 
		0x00, 0x00, 0x00, 0x00, 0x00, 0x00, 0x00, 0x00, 0x80, 0x80, 0x80, 0xFF, 0xFF, 0xFF, 0xC0, 0xC0, 
		0xC0, 0x80, 0x80, 0x80, 0x80, 0x80, 0x80, 0x00, 0x00, 0x00, 0x00, 0x00, 0x80, 0x00, 0x00, 0x80, 
		0x80, 0x80, 0x80, 0xFF, 0xFF, 0xFF, 0xFF, 0xFF, 0xFF, 0xFF, 0xFF, 0xFF, 0xFF, 0xFF, 0xFF, 0xFF, 
		0xFF, 0xFF, 0xFF, 0xFF, 0xFF, 0xFF, 0xFF, 0xFF, 0xFF, 0xFF, 0xFF, 0xFF, 0xFF, 0xFF, 0xFF, 0xFF, 
		0xFF, 0xFF, 0xFF, 0xFF, 0xFF, 0xFF, 0xFF, 0x80, 0x80, 0x80, 0xFF, 0xFF, 0xFF, 0x80, 0x80, 0x80, 
		0x00, 0x00, 0x00, 0x00, 0x80, 0x80, 0x00, 0x80, 0x80, 0x00, 0x80, 0x80, 0x00, 0x80, 0x80, 0x00, 
		0x80, 0x80, 0x00, 0x80, 0x80, 0x00, 0x80, 0x80, 0x80, 0x80, 0x80, 0xFF, 0xFF, 0xFF, 0xC0, 0xC0, 
		0xC0, 0x80, 0x80, 0x80, 0x80, 0x80, 0x80, 0x00, 0x00, 0x00, 0x00, 0x00, 0x80, 0x00, 0x00, 0x80, 
		0x80, 0x80, 0x80, 0xFF, 0xFF, 0xFF, 0xC0, 0xC0, 0xC0, 0xC0, 0xC0, 0xC0, 0xC0, 0xC0, 0xC0, 0xC0, 
		0xC0, 0xC0, 0xC0, 0xC0, 0xC0, 0xC0, 0xC0, 0xC0, 0xC0, 0xC0, 0xC0, 0xC0, 0xC0, 0xC0, 0xC0, 0xC0, 
		0xC0, 0x80, 0x80, 0x80, 0x80, 0x80, 0x80, 0x80, 0x80, 0x80, 0xFF, 0xFF, 0xFF, 0x80, 0x80, 0x80, 
		0x00, 0x00, 0x00, 0x00, 0x80, 0x80, 0x00, 0xFF, 0xFF, 0x00, 0x80, 0x80, 0x00, 0x80, 0x80, 0x00, 
		0x80, 0x80, 0x00, 0x80, 0x80, 0x00, 0x80, 0x80, 0x80, 0x80, 0x80, 0xFF, 0xFF, 0xFF, 0xC0, 0xC0, 
		0xC0, 0x80, 0x80, 0x80, 0x80, 0x80, 0x80, 0x00, 0x00, 0x00, 0x00, 0x00, 0x80, 0x00, 0x00, 0x80, 
		0x80, 0x80, 0x80, 0xFF, 0xFF, 0xFF, 0xC0, 0xC0, 0xC0, 0x00, 0xFF, 0x00, 0x00, 0xFF, 0x00, 0xC0, 
		0xC0, 0xC0, 0xC0, 0xC0, 0xC0, 0xC0, 0xC0, 0xC0, 0xC0, 0xC0, 0xC0, 0xC0, 0xC0, 0xC0, 0xC0, 0xC0, 
		0xC0, 0x00, 0x00, 0x00, 0x00, 0x00, 0x00, 0x80, 0x80, 0x80, 0xFF, 0xFF, 0xFF, 0x80, 0x80, 0x80, 
		0x00, 0x00, 0x00, 0x00, 0x80, 0x80, 0x00, 0xFF, 0xFF, 0x00, 0x80, 0x80, 0x00, 0x80, 0x80, 0x00, 
		0x80, 0x80, 0x00, 0x80, 0x80, 0x00, 0x80, 0x80, 0x80, 0x80, 0x80, 0xFF, 0xFF, 0xFF, 0xC0, 0xC0, 
		0xC0, 0x80, 0x80, 0x80, 0x80, 0x80, 0x80, 0x00, 0x00, 0x00, 0x00, 0x00, 0x80, 0x00, 0x00, 0x80, 
		0x80, 0x80, 0x80, 0xFF, 0xFF, 0xFF, 0xC0, 0xC0, 0xC0, 0x00, 0x80, 0x00, 0x00, 0x80, 0x00, 0xC0, 
		0xC0, 0xC0, 0xC0, 0xC0, 0xC0, 0xC0, 0xC0, 0xC0, 0xC0, 0xC0, 0xC0, 0xC0, 0xC0, 0xC0, 0xC0, 0xC0, 
		0xC0, 0xC0, 0xC0, 0xC0, 0xC0, 0xC0, 0xC0, 0x80, 0x80, 0x80, 0xFF, 0xFF, 0xFF, 0x80, 0x80, 0x80, 
		0x00, 0x00, 0x00, 0x00, 0x80, 0x80, 0x00, 0x80, 0x80, 0x00, 0x80, 0x80, 0x00, 0x80, 0x80, 0x00, 
		0x80, 0x80, 0x00, 0x80, 0x80, 0x00, 0x80, 0x80, 0x80, 0x80, 0x80, 0xFF, 0xFF, 0xFF, 0xC0, 0xC0, 
		0xC0, 0x80, 0x80, 0x80, 0x80, 0x80, 0x80, 0x00, 0x00, 0x00, 0x00, 0x00, 0x80, 0x00, 0x00, 0x80, 
		0x80, 0x80, 0x80, 0x80, 0x80, 0x80, 0x80, 0x80, 0x80, 0x80, 0x80, 0x80, 0x80, 0x80, 0x80, 0x80, 
		0x80, 0x80, 0x80, 0x80, 0x80, 0x80, 0x80, 0x80, 0x80, 0x80, 0x80, 0x80, 0x80, 0x80, 0x80, 0x80, 
		0x80, 0x80, 0x80, 0x80, 0x80, 0x80, 0x80, 0x80, 0x80, 0x80, 0xFF, 0xFF, 0xFF, 0x80, 0x80, 0x80, 
		0x00, 0x00, 0x00, 0x00, 0x80, 0x80, 0x00, 0x80, 0x80, 0x00, 0x80, 0x80, 0x00, 0x80, 0x80, 0x00, 
		0x80, 0x80, 0x00, 0x80, 0x80, 0x00, 0x80, 0x80, 0x80, 0x80, 0x80, 0xFF, 0xFF, 0xFF, 0xC0, 0xC0, 
		0xC0, 0x80, 0x80, 0x80, 0x80, 0x80, 0x80, 0x00, 0x00, 0x00, 0x00, 0x00, 0x80, 0x00, 0x00, 0x80, 
		0x00, 0x00, 0x80, 0x00, 0x00, 0x00, 0x00, 0x00, 0x00, 0x00, 0x00, 0x00, 0x00, 0x00, 0x00, 0x00, 
		0x00, 0x00, 0x00, 0x00, 0x00, 0x00, 0x00, 0x00, 0x00, 0x00, 0x00, 0x00, 0x00, 0x00, 0x00, 0x00, 
		0x00, 0x00, 0x00, 0x00, 0x00, 0x00, 0x00, 0x80, 0x80, 0x80, 0xFF, 0xFF, 0xFF, 0x80, 0x80, 0x80, 
		0x80, 0x80, 0x80, 0x80, 0x80, 0x80, 0x80, 0x80, 0x80, 0x80, 0x80, 0x80, 0x80, 0x80, 0x80, 0x80, 
		0x80, 0x80, 0x80, 0x80, 0x80, 0x80, 0x80, 0x80, 0x80, 0x80, 0x80, 0xFF, 0xFF, 0xFF, 0xC0, 0xC0, 
		0xC0, 0x80, 0x80, 0x80, 0x80, 0x80, 0x80, 0x00, 0x00, 0x00, 0x00, 0x00, 0x80, 0x00, 0x00, 0x80, 
		0x00, 0x00, 0x80, 0x00, 0x00, 0x80, 0x00, 0x00, 0x80, 0x00, 0x00, 0x80, 0x00, 0x00, 0x80, 0x80, 
		0x80, 0x80, 0xC0, 0xC0, 0xC0, 0x00, 0x00, 0x00, 0x00, 0x00, 0x80, 0x00, 0x00, 0x80, 0x00, 0x00, 
		0x80, 0x00, 0x00, 0x80, 0x00, 0x00, 0x80, 0x80, 0x80, 0x80, 0xFF, 0xFF, 0xFF, 0xFF, 0xFF, 0xFF, 
		0xFF, 0xFF, 0xFF, 0xFF, 0xFF, 0xFF, 0xFF, 0xFF, 0xFF, 0xFF, 0xFF, 0xFF, 0xFF, 0xFF, 0xFF, 0xFF, 
		0xFF, 0xFF, 0xFF, 0xFF, 0xFF, 0xFF, 0xFF, 0xFF, 0xFF, 0xFF, 0xFF, 0xFF, 0xFF, 0xFF, 0xC0, 0xC0, 
		0xC0, 0x80, 0x80, 0x80, 0x80, 0x80, 0x80, 0x00, 0x00, 0x00, 0x00, 0x00, 0x80, 0x00, 0x00, 0x80, 
		0x00, 0x00, 0x80, 0x00, 0x00, 0x80, 0x00, 0x00, 0x80, 0x00, 0x00, 0x80, 0x00, 0x00, 0x80, 0x80, 
		0x80, 0x80, 0xC0, 0xC0, 0xC0, 0x00, 0x00, 0x00, 0x00, 0x00, 0x80, 0x00, 0x00, 0x80, 0x00, 0x00, 
		0x80, 0x00, 0x00, 0x80, 0x00, 0x00, 0x80, 0x80, 0x80, 0x80, 0xC0, 0xC0, 0xC0, 0xC0, 0xC0, 0xC0, 
		0xC0, 0xC0, 0xC0, 0xC0, 0xC0, 0xC0, 0xC0, 0xC0, 0xC0, 0xC0, 0xC0, 0xC0, 0xC0, 0xC0, 0xC0, 0xC0, 
		0xC0, 0xC0, 0xC0, 0xC0, 0xC0, 0xC0, 0xC0, 0xC0, 0xC0, 0xC0, 0xC0, 0xC0, 0xC0, 0xC0, 0xC0, 0xC0, 
		0xC0, 0x80, 0x80, 0x80, 0x00, 0x00, 0x00, 0x80, 0x80, 0x80, 0x80, 0x80, 0x80, 0x00, 0x00, 0x80, 
		0x00, 0x00, 0x80, 0x00, 0x00, 0x80, 0x00, 0x00, 0x80, 0x00, 0x00, 0x80, 0x00, 0x00, 0x80, 0x80, 
		0x80, 0x80, 0xC0, 0xC0, 0xC0, 0x00, 0x00, 0x00, 0x00, 0x00, 0x80, 0x00, 0x00, 0x80, 0x00, 0x00, 
		0x80, 0x00, 0x00, 0x80, 0x00, 0x00, 0x80, 0x80, 0x80, 0x80, 0x00, 0x00, 0x00, 0x00, 0x00, 0x00, 
		0x00, 0x00, 0x00, 0x00, 0x00, 0x00, 0x00, 0x00, 0x00, 0x00, 0x00, 0x00, 0x00, 0x00, 0x00, 0x00, 
		0x00, 0x00, 0x00, 0x00, 0x00, 0x00, 0x00, 0x00, 0x00, 0x00, 0x00, 0x00, 0x00, 0x00, 0x00, 0x00, 
		0x00, 0x00, 0x00, 0x00, 0x80, 0x80, 0x80, 0x80, 0x80, 0x80, 0xC0, 0xC0, 0xC0, 0x00, 0x00, 0x00, 
		0x00, 0x00, 0x80, 0x00, 0x00, 0x80, 0x00, 0x00, 0x80, 0x00, 0x00, 0x80, 0x00, 0x00, 0x80, 0x80, 
		0x80, 0x80, 0xC0, 0xC0, 0xC0, 0x00, 0x00, 0x00, 0x00, 0x00, 0x80, 0x00, 0x00, 0x80, 0x00, 0x00, 
		0x80, 0x00, 0x00, 0x80, 0x80, 0x80, 0x80, 0x80, 0x80, 0x80, 0x80, 0x80, 0x80, 0x80, 0x80, 0x80, 
		0x80, 0x80, 0x80, 0x80, 0x80, 0x80, 0x80, 0x80, 0x80, 0x80, 0x80, 0x80, 0x80, 0x80, 0x80, 0x80, 
		0x80, 0x80, 0x80, 0x80, 0x80, 0x80, 0x80, 0x80, 0x80, 0x80, 0x80, 0x80, 0x80, 0x80, 0x80, 0x80, 
		0x80, 0x80, 0x80, 0x80, 0x80, 0x80, 0x80, 0xC0, 0xC0, 0xC0, 0x80, 0x80, 0x80, 0x00, 0x00, 0x00, 
		0x80, 0x80, 0x80, 0x00, 0x00, 0x80, 0x80, 0x80, 0x80, 0x80, 0x80, 0x80, 0x80, 0x80, 0x00, 0x80, 
		0x80, 0x00, 0x80, 0x80, 0x00, 0x80, 0x80, 0x00, 0x00, 0x00, 0x00, 0x80, 0x80, 0x80, 0x80, 0x80, 
		0x80, 0x80, 0x80, 0x80, 0xFF, 0xFF, 0xFF, 0xFF, 0xFF, 0xFF, 0xFF, 0xFF, 0xFF, 0xFF, 0xFF, 0xFF, 
		0xFF, 0xFF, 0xFF, 0xFF, 0xFF, 0xFF, 0xFF, 0xFF, 0xFF, 0xFF, 0xFF, 0xFF, 0xFF, 0xFF, 0xFF, 0xFF, 
		0xFF, 0xFF, 0xFF, 0xFF, 0xFF, 0xFF, 0xFF, 0xFF, 0xFF, 0xFF, 0xFF, 0xFF, 0xFF, 0xFF, 0xFF, 0xFF, 
		0xFF, 0xFF, 0xFF, 0xFF, 0xFF, 0xFF, 0xFF, 0x80, 0x80, 0x80, 0x80, 0x80, 0x80, 0x00, 0x00, 0x00, 
		0xC0, 0xC0, 0xC0, 0x00, 0x00, 0x80, 0xC0, 0xC0, 0xC0, 0xC0, 0xC0, 0xC0, 0x80, 0x80, 0x00, 0xFF, 
		0xFF, 0xFF, 0xFF, 0xFF, 0x00, 0x80, 0x80, 0x00, 0x00, 0x00, 0x00, 0xC0, 0xC0, 0xC0, 0xC0, 0xC0, 
		0xC0, 0x80, 0x80, 0x80, 0xFF, 0xFF, 0xFF, 0xC0, 0xC0, 0xC0, 0xC0, 0xC0, 0xC0, 0xC0, 0xC0, 0xC0, 
		0xC0, 0xC0, 0xC0, 0xC0, 0xC0, 0xC0, 0xC0, 0xC0, 0xC0, 0xC0, 0xC0, 0xC0, 0xC0, 0xC0, 0xC0, 0xC0, 
		0xC0, 0xC0, 0x80, 0x80, 0x80, 0x80, 0x80, 0x80, 0x80, 0x80, 0x80, 0x80, 0x80, 0x80, 0x80, 0x80, 
		0x80, 0x80, 0x80, 0x80, 0xC0, 0xC0, 0xC0, 0x80, 0x80, 0x80, 0x80, 0x80, 0x80, 0x00, 0x00, 0x00, 
		0x00, 0x00, 0x00, 0x00, 0x00, 0x80, 0x00, 0x00, 0x00, 0x00, 0x00, 0x00, 0x80, 0x80, 0x00, 0xFF, 
		0xFF, 0xFF, 0xFF, 0xFF, 0x00, 0x80, 0x80, 0x00, 0x00, 0x00, 0x00, 0x00, 0x00, 0x00, 0x00, 0x00, 
		0x00, 0x80, 0x80, 0x80, 0xFF, 0xFF, 0xFF, 0xC0, 0xC0, 0xC0, 0x00, 0xFF, 0x00, 0x00, 0xFF, 0x00, 
		0xC0, 0xC0, 0xC0, 0xC0, 0xC0, 0xC0, 0xC0, 0xC0, 0xC0, 0xC0, 0xC0, 0xC0, 0xC0, 0xC0, 0xC0, 0xC0, 
		0xC0, 0xC0, 0x00, 0x00, 0x00, 0x00, 0x00, 0x00, 0x00, 0x00, 0x00, 0x00, 0x00, 0x00, 0x00, 0x00, 
		0x00, 0x00, 0x00, 0x00, 0xC0, 0xC0, 0xC0, 0x80, 0x80, 0x80, 0x80, 0x80, 0x80, 0x00, 0x00, 0x00, 
		0x00, 0x00, 0x80, 0x00, 0x00, 0x80, 0x00, 0x00, 0x80, 0x00, 0x00, 0x80, 0x00, 0x00, 0x00, 0x00, 
		0x00, 0x00, 0x00, 0x00, 0x00, 0x00, 0x00, 0x00, 0x00, 0x00, 0x00, 0x00, 0x00, 0x80, 0x00, 0x00, 
		0x80, 0x80, 0x80, 0x80, 0xFF, 0xFF, 0xFF, 0xC0, 0xC0, 0xC0, 0x00, 0x80, 0x00, 0x00, 0x80, 0x00, 
		0xC0, 0xC0, 0xC0, 0xC0, 0xC0, 0xC0, 0xC0, 0xC0, 0xC0, 0xC0, 0xC0, 0xC0, 0xC0, 0xC0, 0xC0, 0xC0, 
		0xC0, 0xC0, 0xC0, 0xC0, 0xC0, 0xC0, 0xC0, 0xC0, 0xC0, 0xC0, 0xC0, 0xC0, 0xC0, 0xC0, 0xC0, 0xC0, 
		0xC0, 0xC0, 0xC0, 0xC0, 0xC0, 0xC0, 0xC0, 0x80, 0x80, 0x80, 0x80, 0x80, 0x80, 0x00, 0x00, 0x00, 
		0x00, 0x00, 0x80, 0x00, 0x00, 0x80, 0x00, 0x00, 0x80, 0x00, 0x00, 0x80, 0x00, 0x00, 0x80, 0x00, 
		0x00, 0x80, 0x00, 0x00, 0x80, 0x00, 0x00, 0x80, 0x00, 0x00, 0x80, 0x00, 0x00, 0x80, 0x00, 0x00, 
		0x80, 0x80, 0x80, 0x80, 0x80, 0x80, 0x80, 0x80, 0x80, 0x80, 0x80, 0x80, 0x80, 0x80, 0x80, 0x80, 
		0x80, 0x80, 0x80, 0x80, 0x80, 0x80, 0x80, 0x80, 0x80, 0x80, 0x80, 0x80, 0x80, 0x80, 0x80, 0x80, 
		0x80, 0x80, 0x80, 0x80, 0x80, 0x80, 0x80, 0x80, 0x80, 0x80, 0x80, 0x80, 0x80, 0x80, 0x80, 0x80, 
		0x80, 0x80, 0x80, 0x80, 0x80, 0x80, 0x80, 0x80, 0x80, 0x80, 0x00, 0x00, 0x00, 0x00, 0x00, 0x80, 
		0x00, 0x00, 0x80, 0x00, 0x00, 0x80, 0x00, 0x00, 0x80, 0x00, 0x00, 0x80, 0x00, 0x00, 0x80, 0x00, 
		0x00, 0x80, 0x00, 0x00, 0x80, 0x00, 0x00, 0x80, 0x00, 0x00, 0x80, 0x00, 0x00, 0x80, 0x00, 0x00, 
		0x80, 0x00, 0x00, 0x80, 0x00, 0x00, 0x00, 0x00, 0x00, 0x00, 0x00, 0x00, 0x00, 0x00, 0x00, 0x00, 
		0x00, 0x00, 0x00, 0x00, 0x00, 0x00, 0x00, 0x00, 0x00, 0x00, 0x00, 0x00, 0x00, 0x00, 0x00, 0x00, 
		0x00, 0x00, 0x00, 0x00, 0x00, 0x00, 0x00, 0x00, 0x00, 0x00, 0x00, 0x00, 0x00, 0x00, 0x00, 0x00, 
		0x00, 0x00, 0x00, 0x00, 0x00, 0x00, 0x00, 0x00, 0x00, 0x00, 0x00, 0x00, 0x80, 0x00, 0x00, 0x80, 
		0x00, 0x00, 0x80, 0x00, 0x00, 0x80, 0x00, 0x00, 0x80, 0x00, 0x00, 0x80, 0x00, 0x00, 0x80, 0x00, 
		0x00, 0x80, 0x00, 0x00, 0x80, 0x00, 0x00, 0x80, 0x00, 0x00, 0x80, 0x00, 0x00, 0x80, 0x00, 0x00, 
		0x80, 0x00, 0x00, 0x80, 0x00, 0x00, 0x80, 0x00, 0x00, 0x80, 0x00, 0x00, 0x80, 0x00, 0x00, 0x80, 
		0x00, 0x00, 0x80, 0x00, 0x00, 0x80, 0x00, 0x00, 0x80, 0x00, 0x00, 0x80, 0x00, 0x00, 0x80, 0x00, 
		0x00, 0x80, 0x00, 0x00, 0x80, 0x00, 0x00, 0x80, 0x00, 0x00, 0x80, 0x00, 0x00, 0x80, 0x00, 0x00, 
		0x80, 0x00, 0x00, 0x80, 0x00, 0x00, 0x80, 0x00, 0x00, 0x80, 0x00, 0x00, 0x80, 0x00, 0x00, 0x80
	},
	.mask = {
		true , true , true , true , false, false, false, false, false, false, false, false, false, false, false, false, 
		false, false, true , true , true , true , true , true , true , true , true , true , true , true , true , true , 
		true , true , true , false, false, false, false, false, false, false, false, false, false, false, false, false, 
		false, false, false, true , true , true , true , true , true , true , true , true , true , true , true , true , 
		true , true , false, false, false, false, false, false, false, false, false, false, false, false, false, false, 
		false, false, false, true , true , true , true , true , true , true , true , true , true , true , true , true , 
		true , true , false, false, false, false, false, false, false, false, false, false, false, false, false, false, 
		false, false, false, true , true , true , true , true , true , true , true , true , true , true , true , true , 
		true , true , false, false, false, false, false, false, false, false, false, false, false, false, false, false, 
		false, false, false, true , true , true , true , true , true , true , true , true , true , true , true , true , 
		true , true , false, false, false, false, false, false, false, false, false, false, false, false, false, false, 
		false, false, false, true , true , true , true , true , true , true , true , true , true , true , true , true , 
		true , true , false, false, false, false, false, false, false, false, false, false, false, false, false, false, 
		false, false, false, true , true , true , true , true , true , true , true , true , true , true , true , true , 
		true , true , false, false, false, false, false, false, false, false, false, false, false, false, false, false, 
		false, false, false, true , true , true , true , true , true , true , true , true , true , true , true , true , 
		true , true , false, false, false, false, false, false, false, false, false, false, false, false, false, false, 
		false, false, false, true , true , true , true , true , true , true , true , true , true , true , true , true , 
		true , true , false, false, false, false, false, false, false, false, false, false, false, false, false, false, 
		false, false, false, true , true , true , true , true , true , true , true , true , true , true , true , true , 
		true , true , false, false, false, false, false, false, false, false, false, false, false, false, false, false, 
		false, false, false, false, false, false, false, false, false, false, false, false, false, true , true , true , 
		true , true , false, false, false, false, false, false, false, false, false, false, false, false, false, false, 
		false, false, false, false, false, false, false, false, false, false, false, false, false, false, true , true , 
		true , true , false, false, false, false, false, false, false, false, false, false, false, false, false, false, 
		false, false, false, false, false, false, false, false, false, false, false, false, false, false, true , true , 
		true , true , false, false, false, false, false, false, false, false, false, false, false, false, false, false, 
		false, false, false, false, false, false, false, false, false, false, false, false, false, false, true , true , 
		true , false, false, false, false, false, false, false, false, false, false, false, false, false, false, false, 
		false, false, false, false, false, false, false, false, false, false, false, false, false, false, true , true , 
		false, false, false, false, false, false, false, false, false, false, false, false, false, false, false, false, 
		false, false, false, false, false, false, false, false, false, false, false, false, false, false, true , true , 
		false, false, false, false, false, false, false, false, false, false, false, false, false, false, false, false, 
		false, false, false, false, false, false, false, false, false, false, false, false, false, false, true , true , 
		false, false, false, false, false, false, false, false, false, false, false, false, false, false, false, false, 
		false, false, false, false, false, false, false, false, false, false, false, false, false, false, true , true , 
		false, false, false, false, false, false, false, false, false, false, false, false, false, false, false, false, 
		false, false, false, false, false, false, false, false, false, false, false, false, false, false, true , true , 
		false, false, false, false, false, false, false, false, false, false, false, false, false, false, false, false, 
		false, false, false, false, false, false, false, false, false, false, false, false, false, false, true , true , 
		true , false, false, false, false, false, false, false, false, false, false, false, false, false, false, false, 
		false, false, false, false, false, false, false, false, false, false, false, false, false, false, true , true , 
		true , true , true , true , true , false, false, false, true , true , true , true , true , false, false, false, 
		false, false, false, false, false, false, false, false, false, false, false, false, false, false, true , true , 
		true , true , true , true , true , false, false, false, true , true , true , true , true , false, false, false, 
		false, false, false, false, false, false, false, false, false, false, false, false, false, false, false, true , 
		true , true , true , true , true , false, false, false, true , true , true , true , true , false, false, false, 
		false, false, false, false, false, false, false, false, false, false, false, false, false, false, false, false, 
		true , true , true , true , true , false, false, false, true , true , true , true , false, false, false, false, 
		false, false, false, false, false, false, false, false, false, false, false, false, false, false, false, false, 
		false, true , false, false, false, false, false, false, false, false, false, false, false, false, false, false, 
		false, false, false, false, false, false, false, false, false, false, false, false, false, false, false, false, 
		false, true , false, false, false, false, false, false, false, false, false, false, false, false, false, false, 
		false, false, false, false, false, false, false, false, false, false, false, false, false, false, false, false, 
		false, true , false, false, false, false, false, false, false, false, false, false, false, false, false, false, 
		false, false, false, false, false, false, false, false, false, false, false, false, false, false, false, false, 
		true , true , true , true , false, false, false, false, false, true , true , false, false, false, false, false, 
		false, false, false, false, false, false, false, false, false, false, false, false, false, false, false, false, 
		true , true , true , true , true , true , true , true , true , true , true , false, false, false, false, false, 
		false, false, false, false, false, false, false, false, false, false, false, false, false, false, false, true , 
		true , true , true , true , true , true , true , true , true , true , true , true , false, false, false, false, 
		false, false, false, false, false, false, false, false, false, false, false, false, false, false, true , true , 
		true , true , true , true , true , true , true , true , true , true , true , true , true , true , true , true , 
		true , true , true , true , true , true , true , true , true , true , true , true , true , true , true , true
	}
};

const pwder_style::icon32 search PROGMEM = {
	.bitmap = {
		0x00, 0x00, 0x80, 0x00, 0x00, 0x80, 0x00, 0x00, 0x80, 0x00, 0x00, 0x80, 0x00, 0x00, 0x80, 0x00, 
		0x00, 0x80, 0x00, 0x00, 0x80, 0x00, 0x00, 0x80, 0x00, 0x00, 0x80, 0x00, 0x00, 0x80, 0x00, 0x00, 
		0x80, 0x00, 0x00, 0x80, 0x00, 0x00, 0x80, 0x00, 0x00, 0x80, 0x00, 0x00, 0x80, 0x00, 0x00, 0x80, 
		0x00, 0x00, 0x80, 0x00, 0x00, 0x80, 0x00, 0x00, 0x80, 0x00, 0x00, 0x80, 0x00, 0x00, 0x80, 0x00, 
		0x00, 0x80, 0x00, 0x00, 0x80, 0x00, 0x00, 0x80, 0x00, 0x00, 0x80, 0x00, 0x00, 0x80, 0x00, 0x00, 
		0x80, 0x00, 0x00, 0x80, 0x00, 0x00, 0x80, 0x00, 0x00, 0x80, 0x00, 0x00, 0x80, 0x00, 0x00, 0x80, 
		0x00, 0x00, 0x80, 0x00, 0x00, 0x80, 0x00, 0x00, 0x80, 0x00, 0x00, 0x80, 0x00, 0x00, 0x80, 0x00, 
		0x00, 0x80, 0x00, 0x00, 0x80, 0x00, 0x00, 0x80, 0x00, 0x00, 0x80, 0x00, 0x00, 0x80, 0x00, 0x00, 
		0x80, 0x00, 0x00, 0x80, 0x00, 0x00, 0x80, 0x00, 0x00, 0x80, 0x00, 0x00, 0x80, 0x00, 0x00, 0x80, 
		0x00, 0x00, 0x80, 0x00, 0x00, 0x80, 0x00, 0x00, 0x80, 0x00, 0x00, 0x80, 0x00, 0x00, 0x80, 0x00, 
		0x00, 0x80, 0x00, 0x00, 0x80, 0x00, 0x00, 0x80, 0x00, 0x00, 0x80, 0x00, 0x00, 0x80, 0x00, 0x00, 
		0x80, 0x00, 0x00, 0x80, 0x00, 0x00, 0x80, 0x00, 0x00, 0x80, 0x00, 0x00, 0x80, 0x00, 0x00, 0x80, 
		0x00, 0x00, 0x80, 0x00, 0x00, 0x80, 0x00, 0x00, 0x80, 0x00, 0x00, 0x80, 0x00, 0x00, 0x80, 0x00, 
		0x00, 0x80, 0x00, 0x00, 0x80, 0x00, 0x00, 0x80, 0x00, 0x00, 0x80, 0x00, 0x00, 0x00, 0x00, 0x00, 
		0x00, 0x00, 0x00, 0x00, 0x00, 0x00, 0x00, 0x00, 0x00, 0x00, 0x00, 0x00, 0x80, 0x00, 0x00, 0x80, 
		0x00, 0x00, 0x80, 0x00, 0x00, 0x80, 0x00, 0x00, 0x80, 0x00, 0x00, 0x80, 0x00, 0x00, 0x80, 0x00, 
		0x00, 0x80, 0x00, 0x00, 0x80, 0x00, 0x00, 0x80, 0x00, 0x00, 0x80, 0x00, 0x00, 0x80, 0x00, 0x00, 
		0x80, 0x00, 0x00, 0x80, 0x00, 0x00, 0x80, 0x00, 0x00, 0x80, 0x00, 0x00, 0x80, 0x00, 0x00, 0x80, 
		0x00, 0x00, 0x80, 0x00, 0x00, 0x80, 0x00, 0x00, 0x80, 0x00, 0x00, 0x80, 0x00, 0x00, 0x80, 0x00, 
		0x00, 0x80, 0x00, 0x00, 0x80, 0x00, 0x00, 0x00, 0x00, 0x00, 0x00, 0xC0, 0xC0, 0xC0, 0xC0, 0xC0, 
		0xC0, 0xC0, 0xC0, 0xC0, 0xC0, 0xC0, 0xC0, 0xC0, 0xC0, 0xC0, 0x00, 0x00, 0x00, 0x00, 0x00, 0x00, 
		0x00, 0x00, 0x80, 0x00, 0x00, 0x80, 0x00, 0x00, 0x80, 0x00, 0x00, 0x80, 0x00, 0x00, 0x80, 0x00, 
		0x00, 0x80, 0x00, 0x00, 0x80, 0x00, 0x00, 0x80, 0x00, 0x00, 0x80, 0x00, 0x00, 0x80, 0x00, 0x00, 
		0x80, 0x00, 0x00, 0x80, 0x00, 0x00, 0x80, 0x00, 0x00, 0x80, 0x00, 0x00, 0x80, 0x00, 0x00, 0x80, 
		0x00, 0x00, 0x80, 0x00, 0x00, 0x80, 0x00, 0x00, 0x80, 0x00, 0x00, 0x80, 0x00, 0x00, 0x80, 0x00, 
		0x00, 0x00, 0x00, 0x00, 0x00, 0xC0, 0xC0, 0xC0, 0xC0, 0xC0, 0xC0, 0x00, 0xFF, 0xFF, 0x00, 0xFF, 
		0xFF, 0x00, 0xFF, 0xFF, 0x00, 0xFF, 0xFF, 0x00, 0xFF, 0xFF, 0xC0, 0xC0, 0xC0, 0xC0, 0xC0, 0xC0, 
		0x00, 0x00, 0x00, 0x00, 0x00, 0x00, 0x00, 0x00, 0x80, 0x00, 0x00, 0x80, 0x00, 0x00, 0x80, 0x00, 
		0x00, 0x80, 0x00, 0x00, 0x80, 0x00, 0x00, 0x80, 0x00, 0x00, 0x80, 0x00, 0x00, 0x80, 0x00, 0x00, 
		0x80, 0x00, 0x00, 0x80, 0x00, 0x00, 0x80, 0x00, 0x00, 0x80, 0x00, 0x00, 0x80, 0x00, 0x00, 0x80, 
		0x00, 0x00, 0x80, 0x00, 0x00, 0x80, 0x00, 0x00, 0x80, 0x00, 0x00, 0x80, 0x00, 0x00, 0x00, 0xC0, 
		0xC0, 0xC0, 0xC0, 0xC0, 0xC0, 0x00, 0xFF, 0xFF, 0x00, 0xFF, 0xFF, 0x00, 0xFF, 0xFF, 0xFF, 0xFF, 
		0xFF, 0xFF, 0xFF, 0xFF, 0xFF, 0xFF, 0xFF, 0xFF, 0xFF, 0xFF, 0x00, 0xFF, 0xFF, 0x00, 0xFF, 0xFF, 
		0xC0, 0xC0, 0xC0, 0x80, 0x80, 0x80, 0x00, 0x00, 0x00, 0x00, 0x00, 0x80, 0x00, 0x00, 0x80, 0x00, 
		0x00, 0x80, 0x00, 0x00, 0x80, 0x00, 0x00, 0x80, 0x00, 0x00, 0x80, 0x00, 0x00, 0x80, 0x00, 0x00, 
		0x80, 0x00, 0x00, 0x80, 0x00, 0x00, 0x80, 0x00, 0x00, 0x80, 0x00, 0x00, 0x80, 0x00, 0x00, 0x80, 
		0x00, 0x00, 0x80, 0x00, 0x00, 0x80, 0x00, 0x00, 0x80, 0x00, 0x00, 0x80, 0x00, 0x00, 0x00, 0xC0, 
		0xC0, 0xC0, 0x00, 0xFF, 0xFF, 0xFF, 0xFF, 0xFF, 0xFF, 0xFF, 0xFF, 0xFF, 0xFF, 0xFF, 0xFF, 0xFF, 
		0xFF, 0xFF, 0xFF, 0xFF, 0x00, 0xFF, 0xFF, 0xC0, 0xC0, 0xC0, 0x00, 0xFF, 0xFF, 0xC0, 0xC0, 0xC0, 
		0x00, 0xFF, 0xFF, 0x00, 0x80, 0x80, 0x00, 0x00, 0x00, 0x00, 0x00, 0x80, 0x00, 0x00, 0x80, 0x00, 
		0x00, 0x80, 0x00, 0x00, 0x80, 0x00, 0x00, 0x80, 0x00, 0x00, 0x80, 0x00, 0x00, 0x80, 0x00, 0x00, 
		0x80, 0x00, 0x00, 0x80, 0x00, 0x00, 0x80, 0x00, 0x00, 0x80, 0x00, 0x00, 0x80, 0x00, 0x00, 0x80, 
		0x00, 0x00, 0x80, 0x00, 0x00, 0x80, 0x00, 0x00, 0x80, 0x00, 0x00, 0x00, 0xC0, 0xC0, 0xC0, 0x00, 
		0xFF, 0xFF, 0xFF, 0xFF, 0xFF, 0xFF, 0xFF, 0xFF, 0xFF, 0xFF, 0xFF, 0xFF, 0xFF, 0xFF, 0xFF, 0xFF, 
		0xFF, 0x00, 0xFF, 0xFF, 0xC0, 0xC0, 0xC0, 0x00, 0xFF, 0xFF, 0xC0, 0xC0, 0xC0, 0x00, 0xFF, 0xFF, 
		0xC0, 0xC0, 0xC0, 0x00, 0xFF, 0xFF, 0x00, 0x80, 0x80, 0x00, 0x00, 0x00, 0x00, 0x00, 0x80, 0x00, 
		0x00, 0x80, 0x00, 0x00, 0x80, 0x00, 0x00, 0x80, 0x00, 0x00, 0x80, 0x00, 0x00, 0x80, 0x00, 0x00, 
		0x80, 0x00, 0x00, 0x80, 0x00, 0x00, 0x80, 0x00, 0x00, 0x80, 0x00, 0x00, 0x80, 0x00, 0x00, 0x80, 
		0x00, 0x00, 0x80, 0x00, 0x00, 0x80, 0x00, 0x00, 0x80, 0x00, 0x00, 0x00, 0xC0, 0xC0, 0xC0, 0x00, 
		0xFF, 0xFF, 0xFF, 0xFF, 0xFF, 0xFF, 0xFF, 0xFF, 0xFF, 0xFF, 0xFF, 0xFF, 0xFF, 0xFF, 0x00, 0xFF, 
		0xFF, 0xC0, 0xC0, 0xC0, 0x00, 0xFF, 0xFF, 0xC0, 0xC0, 0xC0, 0x00, 0xFF, 0xFF, 0xC0, 0xC0, 0xC0, 
		0x00, 0xFF, 0xFF, 0xC0, 0xC0, 0xC0, 0x00, 0xFF, 0xFF, 0x00, 0x00, 0x00, 0x00, 0x00, 0x80, 0x00, 
		0x00, 0x80, 0x00, 0x00, 0x80, 0x00, 0x00, 0x80, 0x00, 0x00, 0x80, 0x00, 0x00, 0x80, 0x00, 0x00, 
		0x80, 0x00, 0x00, 0x80, 0x00, 0x00, 0x80, 0x00, 0x00, 0x80, 0x00, 0x00, 0x80, 0x00, 0x00, 0x80, 
		0x00, 0x00, 0x80, 0x00, 0x00, 0x80, 0x00, 0x00, 0x00, 0xC0, 0xC0, 0xC0, 0x00, 0xFF, 0xFF, 0x00, 
		0xFF, 0xFF, 0xFF, 0xFF, 0xFF, 0xFF, 0xFF, 0xFF, 0xFF, 0xFF, 0xFF, 0x00, 0xFF, 0xFF, 0xC0, 0xC0, 
		0xC0, 0x00, 0xFF, 0xFF, 0xC0, 0xC0, 0xC0, 0x00, 0xFF, 0xFF, 0xC0, 0xC0, 0xC0, 0x00, 0xFF, 0xFF, 
		0xC0, 0xC0, 0xC0, 0x00, 0xFF, 0xFF, 0x00, 0xFF, 0xFF, 0x00, 0x80, 0x80, 0x00, 0x00, 0x00, 0x00, 
		0x00, 0x80, 0x00, 0x00, 0x80, 0x00, 0x00, 0x80, 0x00, 0x00, 0x80, 0x00, 0x00, 0x80, 0x00, 0x00, 
		0x80, 0x00, 0x00, 0x80, 0x00, 0x00, 0x80, 0x00, 0x00, 0x80, 0x00, 0x00, 0x80, 0x00, 0x00, 0x80, 
		0x00, 0x00, 0x80, 0x00, 0x00, 0x80, 0x00, 0x00, 0x00, 0xC0, 0xC0, 0xC0, 0x00, 0xFF, 0xFF, 0xFF, 
		0xFF, 0xFF, 0xFF, 0xFF, 0xFF, 0xFF, 0xFF, 0xFF, 0x00, 0xFF, 0xFF, 0xC0, 0xC0, 0xC0, 0x00, 0xFF, 
		0xFF, 0xC0, 0xC0, 0xC0, 0x00, 0xFF, 0xFF, 0xC0, 0xC0, 0xC0, 0x00, 0xFF, 0xFF, 0xC0, 0xC0, 0xC0, 
		0x00, 0xFF, 0xFF, 0xC0, 0xC0, 0xC0, 0x00, 0xFF, 0xFF, 0x00, 0x80, 0x80, 0x00, 0x00, 0x00, 0x00, 
		0x00, 0x80, 0x00, 0x00, 0x80, 0x00, 0x00, 0x80, 0x00, 0x00, 0x80, 0x00, 0x00, 0x80, 0x00, 0x00, 
		0x80, 0x00, 0x00, 0x80, 0x00, 0x00, 0x80, 0x00, 0x00, 0x80, 0x00, 0x00, 0x80, 0x00, 0x00, 0x80, 
		0x00, 0x00, 0x80, 0x00, 0x00, 0x80, 0x00, 0x00, 0x00, 0xC0, 0xC0, 0xC0, 0x00, 0xFF, 0xFF, 0x00, 
		0xFF, 0xFF, 0xFF, 0xFF, 0xFF, 0xFF, 0xFF, 0xFF, 0xFF, 0xFF, 0xFF, 0x00, 0xFF, 0xFF, 0xC0, 0xC0, 
		0xC0, 0x00, 0xFF, 0xFF, 0xC0, 0xC0, 0xC0, 0x00, 0xFF, 0xFF, 0xC0, 0xC0, 0xC0, 0x00, 0xFF, 0xFF, 
		0xC0, 0xC0, 0xC0, 0x00, 0xFF, 0xFF, 0x00, 0xFF, 0xFF, 0x00, 0x80, 0x80, 0x00, 0x00, 0x00, 0x00, 
		0x00, 0x80, 0x00, 0x00, 0x80, 0x00, 0x00, 0x80, 0x00, 0x00, 0x80, 0x00, 0x00, 0x80, 0x00, 0x00, 
		0x80, 0x00, 0x00, 0x80, 0x00, 0x00, 0x80, 0x00, 0x00, 0x80, 0x00, 0x00, 0x80, 0x00, 0x00, 0x80, 
		0x00, 0x00, 0x80, 0x00, 0x00, 0x80, 0x00, 0x00, 0x00, 0xC0, 0xC0, 0xC0, 0x00, 0xFF, 0xFF, 0xFF, 
		0xFF, 0xFF, 0xFF, 0xFF, 0xFF, 0xFF, 0xFF, 0xFF, 0x00, 0xFF, 0xFF, 0xC0, 0xC0, 0xC0, 0x00, 0xFF, 
		0xFF, 0xC0, 0xC0, 0xC0, 0x00, 0xFF, 0xFF, 0xC0, 0xC0, 0xC0, 0x00, 0xFF, 0xFF, 0xC0, 0xC0, 0xC0, 
		0x00, 0xFF, 0xFF, 0xC0, 0xC0, 0xC0, 0x00, 0xFF, 0xFF, 0x00, 0x80, 0x80, 0x00, 0x00, 0x00, 0x00, 
		0x00, 0x80, 0x00, 0x00, 0x80, 0x00, 0x00, 0x80, 0x00, 0x00, 0x80, 0x00, 0x00, 0x80, 0x00, 0x00, 
		0x80, 0x00, 0x00, 0x80, 0x00, 0x00, 0x80, 0x00, 0x00, 0x80, 0x00, 0x00, 0x80, 0x00, 0x00, 0x80, 
		0x00, 0x00, 0x80, 0x00, 0x00, 0x80, 0x00, 0x00, 0x00, 0xC0, 0xC0, 0xC0, 0x00, 0xFF, 0xFF, 0x00, 
		0xFF, 0xFF, 0xFF, 0xFF, 0xFF, 0xFF, 0xFF, 0xFF, 0xFF, 0xFF, 0xFF, 0x00, 0xFF, 0xFF, 0xC0, 0xC0, 
		0xC0, 0x00, 0xFF, 0xFF, 0xC0, 0xC0, 0xC0, 0x00, 0xFF, 0xFF, 0xC0, 0xC0, 0xC0, 0x00, 0xFF, 0xFF, 
		0xC0, 0xC0, 0xC0, 0x00, 0xFF, 0xFF, 0x00, 0xFF, 0xFF, 0x00, 0x80, 0x80, 0x00, 0x00, 0x00, 0x00, 
		0x00, 0x80, 0x00, 0x00, 0x80, 0x00, 0x00, 0x80, 0x00, 0x00, 0x80, 0x00, 0x00, 0x80, 0x00, 0x00, 
		0x80, 0x00, 0x00, 0x80, 0x00, 0x00, 0x80, 0x00, 0x00, 0x80, 0x00, 0x00, 0x80, 0x00, 0x00, 0x80, 
		0x00, 0x00, 0x80, 0x00, 0x00, 0x80, 0x00, 0x00, 0x80, 0x00, 0x00, 0x00, 0xC0, 0xC0, 0xC0, 0x00, 
		0xFF, 0xFF, 0x00, 0xFF, 0xFF, 0xFF, 0xFF, 0xFF, 0x00, 0xFF, 0xFF, 0xC0, 0xC0, 0xC0, 0x00, 0xFF, 
		0xFF, 0xC0, 0xC0, 0xC0, 0x00, 0xFF, 0xFF, 0xC0, 0xC0, 0xC0, 0x00, 0xFF, 0xFF, 0xC0, 0xC0, 0xC0, 
		0x00, 0xFF, 0xFF, 0x00, 0xFF, 0xFF, 0x00, 0x80, 0x80, 0x00, 0x00, 0x00, 0x80, 0x80, 0x80, 0x00, 
		0x00, 0x80, 0x00, 0x00, 0x80, 0x00, 0x00, 0x80, 0x00, 0x00, 0x80, 0x00, 0x00, 0x80, 0x00, 0x00, 
		0x80, 0x00, 0x00, 0x80, 0x00, 0x00, 0x80, 0x00, 0x00, 0x80, 0x00, 0x00, 0x80, 0x00, 0x00, 0x80, 
		0x00, 0x00, 0x80, 0x00, 0x00, 0x80, 0x00, 0x00, 0x80, 0x00, 0x00, 0x00, 0xC0, 0xC0, 0xC0, 0x00, 
		0xFF, 0xFF, 0xFF, 0xFF, 0xFF, 0x00, 0xFF, 0xFF, 0xFF, 0xFF, 0xFF, 0x00, 0xFF, 0xFF, 0xC0, 0xC0, 
		0xC0, 0x00, 0xFF, 0xFF, 0xC0, 0xC0, 0xC0, 0x00, 0xFF, 0xFF, 0xC0, 0xC0, 0xC0, 0x00, 0xFF, 0xFF, 
		0xC0, 0xC0, 0xC0, 0x00, 0xFF, 0xFF, 0x00, 0x80, 0x80, 0x00, 0x00, 0x00, 0x00, 0x00, 0x80, 0x00, 
		0x00, 0x80, 0x00, 0x00, 0x80, 0x00, 0x00, 0x80, 0x00, 0x00, 0x80, 0x00, 0x00, 0x80, 0x00, 0x00, 
		0x80, 0x00, 0x00, 0x80, 0x00, 0x00, 0x80, 0x00, 0x00, 0x80, 0x00, 0x00, 0x80, 0x00, 0x00, 0x80, 
		0x00, 0x00, 0x80, 0x00, 0x00, 0x80, 0x00, 0x00, 0x80, 0x00, 0x00, 0x80, 0x00, 0x00, 0x00, 0xC0, 
		0xC0, 0xC0, 0x00, 0xFF, 0xFF, 0xFF, 0xFF, 0xFF, 0x00, 0xFF, 0xFF, 0xC0, 0xC0, 0xC0, 0x00, 0xFF, 
		0xFF, 0xC0, 0xC0, 0xC0, 0x00, 0xFF, 0xFF, 0xC0, 0xC0, 0xC0, 0x00, 0xFF, 0xFF, 0xC0, 0xC0, 0xC0, 
		0x00, 0xFF, 0xFF, 0x00, 0x80, 0x80, 0x00, 0x00, 0x00, 0x00, 0x00, 0x00, 0x00, 0x00, 0x00, 0x00, 
		0x00, 0x80, 0x00, 0x00, 0x80, 0x00, 0x00, 0x80, 0x00, 0x00, 0x80, 0x00, 0x00, 0x80, 0x00, 0x00, 
		0x80, 0x00, 0x00, 0x80, 0x00, 0x00, 0x80, 0x00, 0x00, 0x80, 0x00, 0x00, 0x80, 0x00, 0x00, 0x80, 
		0x00, 0x00, 0x80, 0x00, 0x00, 0x80, 0x00, 0x00, 0x80, 0x00, 0x00, 0x80, 0x00, 0x00, 0x00, 0x80, 
		0x80, 0x80, 0x00, 0x80, 0x80, 0x00, 0xFF, 0xFF, 0x00, 0xFF, 0xFF, 0x00, 0xFF, 0xFF, 0xC0, 0xC0, 
		0xC0, 0x00, 0xFF, 0xFF, 0xC0, 0xC0, 0xC0, 0x00, 0xFF, 0xFF, 0x00, 0xFF, 0xFF, 0x00, 0xFF, 0xFF, 
		0x00, 0x80, 0x80, 0x00, 0x80, 0x80, 0x00, 0x00, 0x00, 0x80, 0x80, 0x80, 0x00, 0x00, 0x00, 0x00, 
		0x00, 0x00, 0x00, 0x00, 0x80, 0x00, 0x00, 0x80, 0x00, 0x00, 0x80, 0x00, 0x00, 0x80, 0x00, 0x00, 
		0x80, 0x00, 0x00, 0x80, 0x00, 0x00, 0x80, 0x00, 0x00, 0x80, 0x00, 0x00, 0x80, 0x00, 0x00, 0x80, 
		0x00, 0x00, 0x80, 0x00, 0x00, 0x80, 0x00, 0x00, 0x80, 0x00, 0x00, 0x80, 0x00, 0x00, 0x80, 0x00, 
		0x00, 0x00, 0x00, 0x00, 0x00, 0x00, 0x80, 0x80, 0x00, 0x80, 0x80, 0x00, 0xFF, 0xFF, 0x00, 0xFF, 
		0xFF, 0x00, 0xFF, 0xFF, 0x00, 0xFF, 0xFF, 0x00, 0xFF, 0xFF, 0x00, 0x80, 0x80, 0x00, 0x80, 0x80, 
		0x00, 0x00, 0x00, 0x00, 0x00, 0x00, 0xC0, 0xC0, 0xC0, 0x80, 0x80, 0x80, 0x80, 0x80, 0x80, 0x00, 
		0x00, 0x00, 0x00, 0x00, 0x00, 0x00, 0x00, 0x80, 0x00, 0x00, 0x80, 0x00, 0x00, 0x80, 0x00, 0x00, 
		0x80, 0x00, 0x00, 0x80, 0x00, 0x00, 0x80, 0x00, 0x00, 0x80, 0x00, 0x00, 0x80, 0x00, 0x00, 0x80, 
		0x00, 0x00, 0x80, 0x00, 0x00, 0x80, 0x00, 0x00, 0x80, 0x00, 0x00, 0x80, 0x00, 0x00, 0x80, 0x00, 
		0x00, 0x80, 0x00, 0x00, 0x80, 0x00, 0x00, 0x00, 0x00, 0x00, 0x00, 0x00, 0x80, 0x80, 0x00, 0x80, 
		0x80, 0x00, 0x80, 0x80, 0x00, 0x80, 0x80, 0x00, 0x80, 0x80, 0x00, 0x00, 0x00, 0x00, 0x00, 0x00, 
		0x00, 0x00, 0x00, 0x80, 0x80, 0x80, 0xFF, 0xFF, 0xFF, 0xC0, 0xC0, 0xC0, 0x00, 0x00, 0x00, 0x00, 
		0x00, 0xFF, 0x00, 0x00, 0x80, 0x00, 0x00, 0x00, 0x00, 0x00, 0x80, 0x00, 0x00, 0x80, 0x00, 0x00, 
		0x80, 0x00, 0x00, 0x80, 0x00, 0x00, 0x80, 0x00, 0x00, 0x80, 0x00, 0x00, 0x80, 0x00, 0x00, 0x80, 
		0x00, 0x00, 0x80, 0x00, 0x00, 0x80, 0x00, 0x00, 0x80, 0x00, 0x00, 0x80, 0x00, 0x00, 0x80, 0x00, 
		0x00, 0x80, 0x00, 0x00, 0x80, 0x00, 0x00, 0x80, 0x00, 0x00, 0x80, 0x00, 0x00, 0x00, 0x00, 0x00, 
		0x00, 0x00, 0x00, 0x00, 0x00, 0x00, 0x00, 0x00, 0x00, 0x00, 0x00, 0x00, 0x80, 0x00, 0x00, 0x80, 
		0x00, 0x00, 0x80, 0x00, 0x00, 0x00, 0x80, 0x80, 0x80, 0x80, 0x80, 0x80, 0xC0, 0xC0, 0xC0, 0x00, 
		0x00, 0xFF, 0x00, 0x00, 0xFF, 0x00, 0x00, 0x80, 0x00, 0x00, 0x00, 0x00, 0x00, 0x80, 0x00, 0x00, 
		0x80, 0x00, 0x00, 0x80, 0x00, 0x00, 0x80, 0x00, 0x00, 0x80, 0x00, 0x00, 0x80, 0x00, 0x00, 0x80, 
		0x00, 0x00, 0x80, 0x00, 0x00, 0x80, 0x00, 0x00, 0x80, 0x00, 0x00, 0x80, 0x00, 0x00, 0x80, 0x00, 
		0x00, 0x80, 0x00, 0x00, 0x80, 0x00, 0x00, 0x80, 0x00, 0x00, 0x80, 0x00, 0x00, 0x80, 0x00, 0x00, 
		0x80, 0x00, 0x00, 0x80, 0x00, 0x00, 0x80, 0x00, 0x00, 0x80, 0x00, 0x00, 0x80, 0x00, 0x00, 0x80, 
		0x00, 0x00, 0x80, 0x00, 0x00, 0x80, 0x00, 0x00, 0x00, 0x00, 0x00, 0xFF, 0xFF, 0xFF, 0xFF, 0x00, 
		0xFF, 0xFF, 0x00, 0x00, 0xFF, 0x00, 0x00, 0xFF, 0x00, 0x00, 0x80, 0x00, 0x00, 0x00, 0x00, 0x00, 
		0x80, 0x00, 0x00, 0x80, 0x00, 0x00, 0x80, 0x00, 0x00, 0x80, 0x00, 0x00, 0x80, 0x00, 0x00, 0x80, 
		0x00, 0x00, 0x80, 0x00, 0x00, 0x80, 0x00, 0x00, 0x80, 0x00, 0x00, 0x80, 0x00, 0x00, 0x80, 0x00, 
		0x00, 0x80, 0x00, 0x00, 0x80, 0x00, 0x00, 0x80, 0x00, 0x00, 0x80, 0x00, 0x00, 0x80, 0x00, 0x00, 
		0x80, 0x00, 0x00, 0x80, 0x00, 0x00, 0x80, 0x00, 0x00, 0x80, 0x00, 0x00, 0x80, 0x00, 0x00, 0x80, 
		0x00, 0x00, 0x80, 0x00, 0x00, 0x80, 0x00, 0x00, 0x80, 0x00, 0x00, 0x00, 0x00, 0x00, 0xFF, 0xFF, 
		0xFF, 0xFF, 0x00, 0xFF, 0xFF, 0x00, 0x00, 0xFF, 0x00, 0x00, 0xFF, 0x00, 0x00, 0x80, 0x00, 0x00, 
		0x00, 0x00, 0x00, 0x80, 0x00, 0x00, 0x80, 0x00, 0x00, 0x80, 0x00, 0x00, 0x80, 0x00, 0x00, 0x80, 
		0x00, 0x00, 0x80, 0x00, 0x00, 0x80, 0x00, 0x00, 0x80, 0x00, 0x00, 0x80, 0x00, 0x00, 0x80, 0x00, 
		0x00, 0x80, 0x00, 0x00, 0x80, 0x00, 0x00, 0x80, 0x00, 0x00, 0x80, 0x00, 0x00, 0x80, 0x00, 0x00, 
		0x80, 0x00, 0x00, 0x80, 0x00, 0x00, 0x80, 0x00, 0x00, 0x80, 0x00, 0x00, 0x80, 0x00, 0x00, 0x80, 
		0x00, 0x00, 0x80, 0x00, 0x00, 0x80, 0x00, 0x00, 0x80, 0x00, 0x00, 0x80, 0x00, 0x00, 0x00, 0x00, 
		0x00, 0xFF, 0xFF, 0xFF, 0xFF, 0x00, 0xFF, 0xFF, 0x00, 0x00, 0xFF, 0x00, 0x00, 0xFF, 0x00, 0x00, 
		0x80, 0x00, 0x00, 0x00, 0x00, 0x00, 0x80, 0x00, 0x00, 0x80, 0x00, 0x00, 0x80, 0x00, 0x00, 0x80, 
		0x00, 0x00, 0x80, 0x00, 0x00, 0x80, 0x00, 0x00, 0x80, 0x00, 0x00, 0x80, 0x00, 0x00, 0x80, 0x00, 
		0x00, 0x80, 0x00, 0x00, 0x80, 0x00, 0x00, 0x80, 0x00, 0x00, 0x80, 0x00, 0x00, 0x80, 0x00, 0x00, 
		0x80, 0x00, 0x00, 0x80, 0x00, 0x00, 0x80, 0x00, 0x00, 0x80, 0x00, 0x00, 0x80, 0x00, 0x00, 0x80, 
		0x00, 0x00, 0x80, 0x00, 0x00, 0x80, 0x00, 0x00, 0x80, 0x00, 0x00, 0x80, 0x00, 0x00, 0x80, 0x00, 
		0x00, 0x00, 0x00, 0x00, 0xFF, 0xFF, 0xFF, 0xFF, 0x00, 0xFF, 0xFF, 0x00, 0x00, 0xFF, 0x00, 0x00, 
		0xFF, 0x00, 0x00, 0x80, 0x00, 0x00, 0x00, 0x00, 0x00, 0x80, 0x00, 0x00, 0x80, 0x00, 0x00, 0x80, 
		0x00, 0x00, 0x80, 0x00, 0x00, 0x80, 0x00, 0x00, 0x80, 0x00, 0x00, 0x80, 0x00, 0x00, 0x80, 0x00, 
		0x00, 0x80, 0x00, 0x00, 0x80, 0x00, 0x00, 0x80, 0x00, 0x00, 0x80, 0x00, 0x00, 0x80, 0x00, 0x00, 
		0x80, 0x00, 0x00, 0x80, 0x00, 0x00, 0x80, 0x00, 0x00, 0x80, 0x00, 0x00, 0x80, 0x00, 0x00, 0x80, 
		0x00, 0x00, 0x80, 0x00, 0x00, 0x80, 0x00, 0x00, 0x80, 0x00, 0x00, 0x80, 0x00, 0x00, 0x80, 0x00, 
		0x00, 0x80, 0x00, 0x00, 0x00, 0x00, 0x00, 0xFF, 0xFF, 0xFF, 0xFF, 0x00, 0xFF, 0xFF, 0x00, 0x00, 
		0xFF, 0x00, 0x00, 0xFF, 0x00, 0x00, 0x80, 0x00, 0x00, 0x00, 0x00, 0x00, 0x80, 0x00, 0x00, 0x80, 
		0x00, 0x00, 0x80, 0x00, 0x00, 0x80, 0x00, 0x00, 0x80, 0x00, 0x00, 0x80, 0x00, 0x00, 0x80, 0x00, 
		0x00, 0x80, 0x00, 0x00, 0x80, 0x00, 0x00, 0x80, 0x00, 0x00, 0x80, 0x00, 0x00, 0x80, 0x00, 0x00, 
		0x80, 0x00, 0x00, 0x80, 0x00, 0x00, 0x80, 0x00, 0x00, 0x80, 0x00, 0x00, 0x80, 0x00, 0x00, 0x80, 
		0x00, 0x00, 0x80, 0x00, 0x00, 0x80, 0x00, 0x00, 0x80, 0x00, 0x00, 0x80, 0x00, 0x00, 0x80, 0x00, 
		0x00, 0x80, 0x00, 0x00, 0x80, 0x00, 0x00, 0x00, 0x00, 0x00, 0xFF, 0xFF, 0xFF, 0xFF, 0x00, 0xFF, 
		0xFF, 0x00, 0x00, 0xFF, 0x00, 0x00, 0xFF, 0x00, 0x00, 0x80, 0x00, 0x00, 0x00, 0x00, 0x00, 0x80, 
		0x00, 0x00, 0x80, 0x00, 0x00, 0x80, 0x00, 0x00, 0x80, 0x00, 0x00, 0x80, 0x00, 0x00, 0x80, 0x00, 
		0x00, 0x80, 0x00, 0x00, 0x80, 0x00, 0x00, 0x80, 0x00, 0x00, 0x80, 0x00, 0x00, 0x80, 0x00, 0x00, 
		0x80, 0x00, 0x00, 0x80, 0x00, 0x00, 0x80, 0x00, 0x00, 0x80, 0x00, 0x00, 0x80, 0x00, 0x00, 0x80, 
		0x00, 0x00, 0x80, 0x00, 0x00, 0x80, 0x00, 0x00, 0x80, 0x00, 0x00, 0x80, 0x00, 0x00, 0x80, 0x00, 
		0x00, 0x80, 0x00, 0x00, 0x80, 0x00, 0x00, 0x80, 0x00, 0x00, 0x00, 0x00, 0x00, 0xFF, 0xFF, 0xFF, 
		0xFF, 0x00, 0xFF, 0xFF, 0x00, 0x00, 0xFF, 0x00, 0x00, 0xFF, 0x00, 0x00, 0x00, 0x00, 0x00, 0x80, 
		0x00, 0x00, 0x80, 0x00, 0x00, 0x80, 0x00, 0x00, 0x80, 0x00, 0x00, 0x80, 0x00, 0x00, 0x80, 0x00, 
		0x00, 0x80, 0x00, 0x00, 0x80, 0x00, 0x00, 0x80, 0x00, 0x00, 0x80, 0x00, 0x00, 0x80, 0x00, 0x00, 
		0x80, 0x00, 0x00, 0x80, 0x00, 0x00, 0x80, 0x00, 0x00, 0x80, 0x00, 0x00, 0x80, 0x00, 0x00, 0x80, 
		0x00, 0x00, 0x80, 0x00, 0x00, 0x80, 0x00, 0x00, 0x80, 0x00, 0x00, 0x80, 0x00, 0x00, 0x80, 0x00, 
		0x00, 0x80, 0x00, 0x00, 0x80, 0x00, 0x00, 0x80, 0x00, 0x00, 0x80, 0x00, 0x00, 0x00, 0x00, 0x00, 
		0xFF, 0xFF, 0xFF, 0xFF, 0x00, 0xFF, 0xFF, 0x00, 0x00, 0xFF, 0x00, 0x00, 0x00, 0x00, 0x00, 0x80, 
		0x00, 0x00, 0x80, 0x00, 0x00, 0x80, 0x00, 0x00, 0x80, 0x00, 0x00, 0x80, 0x00, 0x00, 0x80, 0x00, 
		0x00, 0x80, 0x00, 0x00, 0x80, 0x00, 0x00, 0x80, 0x00, 0x00, 0x80, 0x00, 0x00, 0x80, 0x00, 0x00, 
		0x80, 0x00, 0x00, 0x80, 0x00, 0x00, 0x80, 0x00, 0x00, 0x80, 0x00, 0x00, 0x80, 0x00, 0x00, 0x80, 
		0x00, 0x00, 0x80, 0x00, 0x00, 0x80, 0x00, 0x00, 0x80, 0x00, 0x00, 0x80, 0x00, 0x00, 0x80, 0x00, 
		0x00, 0x80, 0x00, 0x00, 0x80, 0x00, 0x00, 0x80, 0x00, 0x00, 0x80, 0x00, 0x00, 0x80, 0x00, 0x00, 
		0x00, 0x00, 0x00, 0xFF, 0x00, 0x00, 0xFF, 0x00, 0x00, 0x80, 0x00, 0x00, 0x00, 0x00, 0x00, 0x80, 
		0x00, 0x00, 0x80, 0x00, 0x00, 0x80, 0x00, 0x00, 0x80, 0x00, 0x00, 0x80, 0x00, 0x00, 0x80, 0x00, 
		0x00, 0x80, 0x00, 0x00, 0x80, 0x00, 0x00, 0x80, 0x00, 0x00, 0x80, 0x00, 0x00, 0x80, 0x00, 0x00, 
		0x80, 0x00, 0x00, 0x80, 0x00, 0x00, 0x80, 0x00, 0x00, 0x80, 0x00, 0x00, 0x80, 0x00, 0x00, 0x80, 
		0x00, 0x00, 0x80, 0x00, 0x00, 0x80, 0x00, 0x00, 0x80, 0x00, 0x00, 0x80, 0x00, 0x00, 0x80, 0x00, 
		0x00, 0x80, 0x00, 0x00, 0x80, 0x00, 0x00, 0x80, 0x00, 0x00, 0x80, 0x00, 0x00, 0x80, 0x00, 0x00, 
		0x80, 0x00, 0x00, 0x00, 0x00, 0x00, 0x00, 0x00, 0x00, 0x00, 0x00, 0x00, 0x80, 0x00, 0x00, 0x80, 
		0x00, 0x00, 0x80, 0x00, 0x00, 0x80, 0x00, 0x00, 0x80, 0x00, 0x00, 0x80, 0x00, 0x00, 0x80, 0x00, 
		0x00, 0x80, 0x00, 0x00, 0x80, 0x00, 0x00, 0x80, 0x00, 0x00, 0x80, 0x00, 0x00, 0x80, 0x00, 0x00, 
		0x80, 0x00, 0x00, 0x80, 0x00, 0x00, 0x80, 0x00, 0x00, 0x80, 0x00, 0x00, 0x80, 0x00, 0x00, 0x80, 
		0x00, 0x00, 0x80, 0x00, 0x00, 0x80, 0x00, 0x00, 0x80, 0x00, 0x00, 0x80, 0x00, 0x00, 0x80, 0x00, 
		0x00, 0x80, 0x00, 0x00, 0x80, 0x00, 0x00, 0x80, 0x00, 0x00, 0x80, 0x00, 0x00, 0x80, 0x00, 0x00, 
		0x80, 0x00, 0x00, 0x80, 0x00, 0x00, 0x80, 0x00, 0x00, 0x80, 0x00, 0x00, 0x80, 0x00, 0x00, 0x80
	},
	.mask = {
		true , true , true , true , true , true , true , true , true , true , true , true , true , true , true , true , 
		true , true , true , true , true , true , true , true , true , true , true , true , true , true , true , true , 
		true , true , true , true , true , true , true , true , true , true , true , true , true , true , true , true , 
		true , true , true , true , true , true , true , true , true , true , true , true , true , true , true , true , 
		true , true , true , true , true , true , true , true , true , false, false, false, false, false, true , true , 
		true , true , true , true , true , true , true , true , true , true , true , true , true , true , true , true , 
		true , true , true , true , true , true , true , false, false, false, false, false, false, false, false, false, 
		true , true , true , true , true , true , true , true , true , true , true , true , true , true , true , true , 
		true , true , true , true , true , false, false, false, false, false, false, false, false, false, false, false, 
		false, false, true , true , true , true , true , true , true , true , true , true , true , true , true , true , 
		true , true , true , true , false, false, false, false, false, false, false, false, false, false, false, false, 
		false, false, false, true , true , true , true , true , true , true , true , true , true , true , true , true , 
		true , true , true , true , false, false, false, false, false, false, false, false, false, false, false, false, 
		false, false, false, true , true , true , true , true , true , true , true , true , true , true , true , true , 
		true , true , true , false, false, false, false, false, false, false, false, false, false, false, false, false, 
		false, false, false, false, true , true , true , true , true , true , true , true , true , true , true , true , 
		true , true , true , false, false, false, false, false, false, false, false, false, false, false, false, false, 
		false, false, false, false, true , true , true , true , true , true , true , true , true , true , true , true , 
		true , true , false, false, false, false, false, false, false, false, false, false, false, false, false, false, 
		false, false, false, false, false, true , true , true , true , true , true , true , true , true , true , true , 
		true , true , false, false, false, false, false, false, false, false, false, false, false, false, false, false, 
		false, false, false, false, false, true , true , true , true , true , true , true , true , true , true , true , 
		true , true , false, false, false, false, false, false, false, false, false, false, false, false, false, false, 
		false, false, false, false, false, true , true , true , true , true , true , true , true , true , true , true , 
		true , true , false, false, false, false, false, false, false, false, false, false, false, false, false, false, 
		false, false, false, false, false, true , true , true , true , true , true , true , true , true , true , true , 
		true , true , false, false, false, false, false, false, false, false, false, false, false, false, false, false, 
		false, false, false, false, false, true , true , true , true , true , true , true , true , true , true , true , 
		true , true , true , false, false, false, false, false, false, false, false, false, false, false, false, false, 
		false, false, false, false, false, true , true , true , true , true , true , true , true , true , true , true , 
		true , true , true , false, false, false, false, false, false, false, false, false, false, false, false, false, 
		false, false, false, false, true , true , true , true , true , true , true , true , true , true , true , true , 
		true , true , true , true , false, false, false, false, false, false, false, false, false, false, false, false, 
		false, false, false, false, false, true , true , true , true , true , true , true , true , true , true , true , 
		true , true , true , true , false, false, false, false, false, false, false, false, false, false, false, false, 
		false, false, false, false, false, false, true , true , true , true , true , true , true , true , true , true , 
		true , true , true , true , true , false, false, false, false, false, false, false, false, false, false, false, 
		false, false, false, false, false, false, false, true , true , true , true , true , true , true , true , true , 
		true , true , true , true , true , true , true , false, false, false, false, false, false, false, false, false, 
		false, false, false, false, false, false, false, false, true , true , true , true , true , true , true , true , 
		true , true , true , true , true , true , true , true , true , false, false, false, false, false, true , true , 
		true , false, false, false, false, false, false, false, false, true , true , true , true , true , true , true , 
		true , true , true , true , true , true , true , true , true , true , true , true , true , true , true , true , 
		true , true , false, false, false, false, false, false, false, false, true , true , true , true , true , true , 
		true , true , true , true , true , true , true , true , true , true , true , true , true , true , true , true , 
		true , true , true , false, false, false, false, false, false, false, false, true , true , true , true , true , 
		true , true , true , true , true , true , true , true , true , true , true , true , true , true , true , true , 
		true , true , true , true , false, false, false, false, false, false, false, false, true , true , true , true , 
		true , true , true , true , true , true , true , true , true , true , true , true , true , true , true , true , 
		true , true , true , true , true , false, false, false, false, false, false, false, false, true , true , true , 
		true , true , true , true , true , true , true , true , true , true , true , true , true , true , true , true , 
		true , true , true , true , true , true , false, false, false, false, false, false, false, false, true , true , 
		true , true , true , true , true , true , true , true , true , true , true , true , true , true , true , true , 
		true , true , true , true , true , true , true , false, false, false, false, false, false, false, false, true , 
		true , true , true , true , true , true , true , true , true , true , true , true , true , true , true , true , 
		true , true , true , true , true , true , true , true , false, false, false, false, false, false, false, true , 
		true , true , true , true , true , true , true , true , true , true , true , true , true , true , true , true , 
		true , true , true , true , true , true , true , true , true , false, false, false, false, false, false, true , 
		true , true , true , true , true , true , true , true , true , true , true , true , true , true , true , true , 
		true , true , true , true , true , true , true , true , true , true , false, false, false, false, false, true , 
		true , true , true , true , true , true , true , true , true , true , true , true , true , true , true , true , 
		true , true , true , true , true , true , true , true , true , true , true , false, false, false, true , true , 
		true , true , true , true , true , true , true , true , true , true , true , true , true , true , true , true , 
		true , true , true , true , true , true , true , true , true , true , true , true , true , true , true , true
	}
};

const pwder_style::icon32 error PROGMEM = {
	.bitmap = {
		0x00, 0x00, 0x80, 0x00, 0x00, 0x80, 0x00, 0x00, 0x80, 0x00, 0x00, 0x80, 0x00, 0x00, 0x80, 0x00, 
		0x00, 0x80, 0x00, 0x00, 0x80, 0x00, 0x00, 0x80, 0x00, 0x00, 0x80, 0x00, 0x00, 0x80, 0x00, 0x00, 
		0x80, 0x80, 0x00, 0x00, 0x80, 0x00, 0x00, 0x80, 0x00, 0x00, 0x80, 0x00, 0x00, 0x80, 0x00, 0x00, 
		0x80, 0x00, 0x00, 0x80, 0x00, 0x00, 0x80, 0x00, 0x00, 0x00, 0x00, 0x80, 0x00, 0x00, 0x80, 0x00, 
		0x00, 0x80, 0x00, 0x00, 0x80, 0x00, 0x00, 0x80, 0x00, 0x00, 0x80, 0x00, 0x00, 0x80, 0x00, 0x00, 
		0x80, 0x00, 0x00, 0x80, 0x00, 0x00, 0x80, 0x00, 0x00, 0x80, 0x00, 0x00, 0x80, 0x00, 0x00, 0x80, 
		0x00, 0x00, 0x80, 0x00, 0x00, 0x80, 0x00, 0x00, 0x80, 0x00, 0x00, 0x80, 0x00, 0x00, 0x80, 0x00, 
		0x00, 0x80, 0x00, 0x00, 0x80, 0x00, 0x00, 0x80, 0x80, 0x00, 0x00, 0x80, 0x00, 0x00, 0x80, 0x00, 
		0x00, 0xFF, 0x00, 0x00, 0xFF, 0x00, 0x00, 0xFF, 0x00, 0x00, 0xFF, 0x00, 0x00, 0xFF, 0x00, 0x00, 
		0xFF, 0x00, 0x00, 0xFF, 0x00, 0x00, 0xFF, 0x00, 0x00, 0x80, 0x00, 0x00, 0x80, 0x00, 0x00, 0x80, 
		0x00, 0x00, 0x00, 0x00, 0x80, 0x00, 0x00, 0x80, 0x00, 0x00, 0x80, 0x00, 0x00, 0x80, 0x00, 0x00, 
		0x80, 0x00, 0x00, 0x80, 0x00, 0x00, 0x80, 0x00, 0x00, 0x80, 0x00, 0x00, 0x80, 0x00, 0x00, 0x80, 
		0x00, 0x00, 0x80, 0x00, 0x00, 0x80, 0x00, 0x00, 0x80, 0x00, 0x00, 0x80, 0x00, 0x00, 0x80, 0x00, 
		0x00, 0x80, 0x00, 0x00, 0x80, 0x80, 0x00, 0x00, 0xFF, 0x00, 0x00, 0xFF, 0x00, 0x00, 0xFF, 0x00, 
		0x00, 0xFF, 0x00, 0x00, 0xFF, 0x00, 0x00, 0xFF, 0x00, 0x00, 0xFF, 0x00, 0x00, 0xFF, 0x00, 0x00, 
		0xFF, 0x00, 0x00, 0xFF, 0x00, 0x00, 0xFF, 0x00, 0x00, 0xFF, 0x00, 0x00, 0xFF, 0x00, 0x00, 0xFF, 
		0x00, 0x00, 0x80, 0x00, 0x00, 0x00, 0x00, 0x80, 0x00, 0x00, 0x80, 0x00, 0x00, 0x80, 0x00, 0x00, 
		0x80, 0x00, 0x00, 0x80, 0x00, 0x00, 0x80, 0x00, 0x00, 0x80, 0x00, 0x00, 0x80, 0x00, 0x00, 0x80, 
		0x00, 0x00, 0x80, 0x00, 0x00, 0x80, 0x00, 0x00, 0x80, 0x00, 0x00, 0x80, 0x00, 0x00, 0x80, 0x80, 
		0x00, 0x00, 0x80, 0x00, 0x00, 0xFF, 0x00, 0x00, 0xFF, 0x00, 0x00, 0xFF, 0x00, 0x00, 0xFF, 0x00, 
		0x00, 0xFF, 0x00, 0x00, 0xFF, 0x00, 0x00, 0xFF, 0x00, 0x00, 0xFF, 0x00, 0x00, 0xFF, 0x00, 0x00, 
		0xFF, 0x00, 0x00, 0xFF, 0x00, 0x00, 0xFF, 0x00, 0x00, 0xFF, 0x00, 0x00, 0xFF, 0x00, 0x00, 0xFF, 
		0x00, 0x00, 0xFF, 0x00, 0x00, 0x80, 0x00, 0x00, 0x80, 0x00, 0x00, 0x00, 0x00, 0x80, 0x00, 0x00, 
		0x80, 0x00, 0x00, 0x80, 0x00, 0x00, 0x80, 0x00, 0x00, 0x80, 0x00, 0x00, 0x80, 0x00, 0x00, 0x80, 
		0x00, 0x00, 0x80, 0x00, 0x00, 0x80, 0x00, 0x00, 0x80, 0x00, 0x00, 0x80, 0x80, 0x00, 0x00, 0xFF, 
		0x00, 0x00, 0xFF, 0x00, 0x00, 0xFF, 0x00, 0x00, 0xFF, 0x00, 0x00, 0xFF, 0x00, 0x00, 0xFF, 0x00, 
		0x00, 0xFF, 0x00, 0x00, 0xFF, 0x00, 0x00, 0xFF, 0x00, 0x00, 0xFF, 0x00, 0x00, 0xFF, 0x00, 0x00, 
		0xFF, 0x00, 0x00, 0xFF, 0x00, 0x00, 0xFF, 0x00, 0x00, 0xFF, 0x00, 0x00, 0xFF, 0x00, 0x00, 0xFF, 
		0x00, 0x00, 0xFF, 0x00, 0x00, 0xFF, 0x00, 0x00, 0xFF, 0x00, 0x00, 0x80, 0x00, 0x00, 0x00, 0x00, 
		0x80, 0x00, 0x00, 0x80, 0x00, 0x00, 0x80, 0x00, 0x00, 0x80, 0x00, 0x00, 0x80, 0x00, 0x00, 0x80, 
		0x00, 0x00, 0x80, 0x00, 0x00, 0x80, 0x00, 0x00, 0x80, 0x80, 0x00, 0x00, 0xFF, 0x00, 0x00, 0xFF, 
		0x00, 0x00, 0xFF, 0x00, 0x00, 0xFF, 0x00, 0x00, 0xFF, 0x00, 0x00, 0xFF, 0x00, 0x00, 0xFF, 0x00, 
		0x00, 0xFF, 0x00, 0x00, 0xFF, 0x00, 0x00, 0xFF, 0x00, 0x00, 0xFF, 0x00, 0x00, 0xFF, 0x00, 0x00, 
		0xFF, 0x00, 0x00, 0xFF, 0x00, 0x00, 0xFF, 0x00, 0x00, 0xFF, 0x00, 0x00, 0xFF, 0x00, 0x00, 0xFF, 
		0x00, 0x00, 0xFF, 0x00, 0x00, 0xFF, 0x00, 0x00, 0xFF, 0x00, 0x00, 0xFF, 0x00, 0x00, 0x80, 0x00, 
		0x00, 0x00, 0x00, 0x80, 0x00, 0x00, 0x80, 0x00, 0x00, 0x80, 0x00, 0x00, 0x80, 0x00, 0x00, 0x80, 
		0x00, 0x00, 0x80, 0x00, 0x00, 0x80, 0x00, 0x00, 0x80, 0x80, 0x00, 0x00, 0xFF, 0x00, 0x00, 0xFF, 
		0x00, 0x00, 0xFF, 0x00, 0x00, 0xFF, 0x00, 0x00, 0xFF, 0x00, 0x00, 0xFF, 0x00, 0x00, 0xFF, 0x00, 
		0x00, 0xFF, 0x00, 0x00, 0xFF, 0x00, 0x00, 0xFF, 0x00, 0x00, 0xFF, 0x00, 0x00, 0xFF, 0x00, 0x00, 
		0xFF, 0x00, 0x00, 0xFF, 0x00, 0x00, 0xFF, 0x00, 0x00, 0xFF, 0x00, 0x00, 0xFF, 0x00, 0x00, 0xFF, 
		0x00, 0x00, 0xFF, 0x00, 0x00, 0xFF, 0x00, 0x00, 0xFF, 0x00, 0x00, 0xFF, 0x00, 0x00, 0x80, 0x00, 
		0x00, 0x80, 0x80, 0x80, 0x00, 0x00, 0x80, 0x00, 0x00, 0x80, 0x00, 0x00, 0x80, 0x00, 0x00, 0x80, 
		0x00, 0x00, 0x80, 0x00, 0x00, 0x80, 0x80, 0x00, 0x00, 0xFF, 0x00, 0x00, 0xFF, 0x00, 0x00, 0xFF, 
		0x00, 0x00, 0xFF, 0x00, 0x00, 0xFF, 0x00, 0x00, 0xFF, 0x00, 0x00, 0xFF, 0xFF, 0xFF, 0xFF, 0x00, 
		0x00, 0xFF, 0x00, 0x00, 0xFF, 0x00, 0x00, 0xFF, 0x00, 0x00, 0xFF, 0x00, 0x00, 0xFF, 0x00, 0x00, 
		0xFF, 0x00, 0x00, 0xFF, 0x00, 0x00, 0xFF, 0x00, 0x00, 0xFF, 0x00, 0x00, 0xFF, 0xFF, 0xFF, 0xFF, 
		0x00, 0x00, 0xFF, 0x00, 0x00, 0xFF, 0x00, 0x00, 0xFF, 0x00, 0x00, 0xFF, 0x00, 0x00, 0xFF, 0x00, 
		0x00, 0x80, 0x00, 0x00, 0x80, 0x80, 0x80, 0x00, 0x00, 0x80, 0x00, 0x00, 0x80, 0x00, 0x00, 0x80, 
		0x00, 0x00, 0x80, 0x80, 0x00, 0x00, 0xFF, 0x00, 0x00, 0xFF, 0x00, 0x00, 0xFF, 0x00, 0x00, 0xFF, 
		0x00, 0x00, 0xFF, 0x00, 0x00, 0xFF, 0x00, 0x00, 0xFF, 0xFF, 0xFF, 0xFF, 0xFF, 0xFF, 0xFF, 0xFF, 
		0xFF, 0xFF, 0x00, 0x00, 0xFF, 0x00, 0x00, 0xFF, 0x00, 0x00, 0xFF, 0x00, 0x00, 0xFF, 0x00, 0x00, 
		0xFF, 0x00, 0x00, 0xFF, 0x00, 0x00, 0xFF, 0x00, 0x00, 0xFF, 0xFF, 0xFF, 0xFF, 0xFF, 0xFF, 0xFF, 
		0xFF, 0xFF, 0xFF, 0x00, 0x00, 0xFF, 0x00, 0x00, 0xFF, 0x00, 0x00, 0xFF, 0x00, 0x00, 0xFF, 0x00, 
		0x00, 0xFF, 0x00, 0x00, 0x80, 0x00, 0x00, 0x00, 0x00, 0x80, 0x00, 0x00, 0x80, 0x00, 0x00, 0x80, 
		0x00, 0x00, 0x80, 0x80, 0x00, 0x00, 0xFF, 0x00, 0x00, 0xFF, 0x00, 0x00, 0xFF, 0x00, 0x00, 0xFF, 
		0x00, 0x00, 0xFF, 0x00, 0x00, 0xFF, 0xFF, 0xFF, 0xFF, 0xFF, 0xFF, 0xFF, 0xFF, 0xFF, 0xFF, 0xFF, 
		0xFF, 0xFF, 0xFF, 0xFF, 0xFF, 0x00, 0x00, 0xFF, 0x00, 0x00, 0xFF, 0x00, 0x00, 0xFF, 0x00, 0x00, 
		0xFF, 0x00, 0x00, 0xFF, 0x00, 0x00, 0xFF, 0xFF, 0xFF, 0xFF, 0xFF, 0xFF, 0xFF, 0xFF, 0xFF, 0xFF, 
		0xFF, 0xFF, 0xFF, 0xFF, 0xFF, 0xFF, 0x00, 0x00, 0xFF, 0x00, 0x00, 0xFF, 0x00, 0x00, 0xFF, 0x00, 
		0x00, 0xFF, 0x00, 0x00, 0x80, 0x00, 0x00, 0x80, 0x80, 0x80, 0x00, 0x00, 0x80, 0x00, 0x00, 0x80, 
		0x00, 0x00, 0x80, 0x80, 0x00, 0x00, 0xFF, 0x00, 0x00, 0xFF, 0x00, 0x00, 0xFF, 0x00, 0x00, 0xFF, 
		0x00, 0x00, 0xFF, 0x00, 0x00, 0xFF, 0x00, 0x00, 0xFF, 0xFF, 0xFF, 0xFF, 0xFF, 0xFF, 0xFF, 0xFF, 
		0xFF, 0xFF, 0xFF, 0xFF, 0xFF, 0xFF, 0xFF, 0xFF, 0x00, 0x00, 0xFF, 0x00, 0x00, 0xFF, 0x00, 0x00, 
		0xFF, 0x00, 0x00, 0xFF, 0xFF, 0xFF, 0xFF, 0xFF, 0xFF, 0xFF, 0xFF, 0xFF, 0xFF, 0xFF, 0xFF, 0xFF, 
		0xFF, 0xFF, 0xFF, 0x00, 0x00, 0xFF, 0x00, 0x00, 0xFF, 0x00, 0x00, 0xFF, 0x00, 0x00, 0xFF, 0x00, 
		0x00, 0xFF, 0x00, 0x00, 0x80, 0x00, 0x00, 0x80, 0x80, 0x80, 0x80, 0x80, 0x80, 0x00, 0x00, 0x80, 
		0x80, 0x00, 0x00, 0xFF, 0x00, 0x00, 0xFF, 0x00, 0x00, 0xFF, 0x00, 0x00, 0xFF, 0x00, 0x00, 0xFF, 
		0x00, 0x00, 0xFF, 0x00, 0x00, 0xFF, 0x00, 0x00, 0xFF, 0x00, 0x00, 0xFF, 0xFF, 0xFF, 0xFF, 0xFF, 
		0xFF, 0xFF, 0xFF, 0xFF, 0xFF, 0xFF, 0xFF, 0xFF, 0xFF, 0xFF, 0xFF, 0x00, 0x00, 0xFF, 0x00, 0x00, 
		0xFF, 0xFF, 0xFF, 0xFF, 0xFF, 0xFF, 0xFF, 0xFF, 0xFF, 0xFF, 0xFF, 0xFF, 0xFF, 0xFF, 0xFF, 0xFF, 
		0x00, 0x00, 0xFF, 0x00, 0x00, 0xFF, 0x00, 0x00, 0xFF, 0x00, 0x00, 0xFF, 0x00, 0x00, 0xFF, 0x00, 
		0x00, 0xFF, 0x00, 0x00, 0xFF, 0x00, 0x00, 0x80, 0x00, 0x00, 0x80, 0x80, 0x80, 0x00, 0x00, 0x80, 
		0x80, 0x00, 0x00, 0xFF, 0x00, 0x00, 0xFF, 0x00, 0x00, 0xFF, 0x00, 0x00, 0xFF, 0x00, 0x00, 0xFF, 
		0x00, 0x00, 0xFF, 0x00, 0x00, 0xFF, 0x00, 0x00, 0xFF, 0x00, 0x00, 0xFF, 0x00, 0x00, 0xFF, 0xFF, 
		0xFF, 0xFF, 0xFF, 0xFF, 0xFF, 0xFF, 0xFF, 0xFF, 0xFF, 0xFF, 0xFF, 0xFF, 0xFF, 0xFF, 0xFF, 0xFF, 
		0xFF, 0xFF, 0xFF, 0xFF, 0xFF, 0xFF, 0xFF, 0xFF, 0xFF, 0xFF, 0xFF, 0xFF, 0xFF, 0x00, 0x00, 0xFF, 
		0x00, 0x00, 0xFF, 0x00, 0x00, 0xFF, 0x00, 0x00, 0xFF, 0x00, 0x00, 0xFF, 0x00, 0x00, 0xFF, 0x00, 
		0x00, 0xFF, 0x00, 0x00, 0xFF, 0x00, 0x00, 0x80, 0x00, 0x00, 0x80, 0x80, 0x80, 0x00, 0x00, 0x80, 
		0x80, 0x00, 0x00, 0xFF, 0x00, 0x00, 0xFF, 0x00, 0x00, 0xFF, 0x00, 0x00, 0xFF, 0x00, 0x00, 0xFF, 
		0x00, 0x00, 0xFF, 0x00, 0x00, 0xFF, 0x00, 0x00, 0xFF, 0x00, 0x00, 0xFF, 0x00, 0x00, 0xFF, 0x00, 
		0x00, 0xFF, 0xFF, 0xFF, 0xFF, 0xFF, 0xFF, 0xFF, 0xFF, 0xFF, 0xFF, 0xFF, 0xFF, 0xFF, 0xFF, 0xFF, 
		0xFF, 0xFF, 0xFF, 0xFF, 0xFF, 0xFF, 0xFF, 0xFF, 0xFF, 0xFF, 0x00, 0x00, 0xFF, 0x00, 0x00, 0xFF, 
		0x00, 0x00, 0xFF, 0x00, 0x00, 0xFF, 0x00, 0x00, 0xFF, 0x00, 0x00, 0xFF, 0x00, 0x00, 0xFF, 0x00, 
		0x00, 0xFF, 0x00, 0x00, 0xFF, 0x00, 0x00, 0x80, 0x00, 0x00, 0x80, 0x80, 0x80, 0x80, 0x80, 0x80, 
		0x80, 0x00, 0x00, 0xFF, 0x00, 0x00, 0xFF, 0x00, 0x00, 0xFF, 0x00, 0x00, 0xFF, 0x00, 0x00, 0xFF, 
		0x00, 0x00, 0xFF, 0x00, 0x00, 0xFF, 0x00, 0x00, 0xFF, 0x00, 0x00, 0xFF, 0x00, 0x00, 0xFF, 0x00, 
		0x00, 0xFF, 0x00, 0x00, 0xFF, 0xFF, 0xFF, 0xFF, 0xFF, 0xFF, 0xFF, 0xFF, 0xFF, 0xFF, 0xFF, 0xFF, 
		0xFF, 0xFF, 0xFF, 0xFF, 0xFF, 0xFF, 0xFF, 0x00, 0x00, 0xFF, 0x00, 0x00, 0xFF, 0x00, 0x00, 0xFF, 
		0x00, 0x00, 0xFF, 0x00, 0x00, 0xFF, 0x00, 0x00, 0xFF, 0x00, 0x00, 0xFF, 0x00, 0x00, 0xFF, 0x00, 
		0x00, 0xFF, 0x00, 0x00, 0xFF, 0x00, 0x00, 0x80, 0x00, 0x00, 0x80, 0x80, 0x80, 0x80, 0x80, 0x80, 
		0x80, 0x00, 0x00, 0xFF, 0x00, 0x00, 0xFF, 0x00, 0x00, 0xFF, 0x00, 0x00, 0xFF, 0x00, 0x00, 0xFF, 
		0x00, 0x00, 0xFF, 0x00, 0x00, 0xFF, 0x00, 0x00, 0xFF, 0x00, 0x00, 0xFF, 0x00, 0x00, 0xFF, 0x00, 
		0x00, 0xFF, 0x00, 0x00, 0xFF, 0xFF, 0xFF, 0xFF, 0xFF, 0xFF, 0xFF, 0xFF, 0xFF, 0xFF, 0xFF, 0xFF, 
		0xFF, 0xFF, 0xFF, 0xFF, 0xFF, 0xFF, 0xFF, 0x00, 0x00, 0xFF, 0x00, 0x00, 0xFF, 0x00, 0x00, 0xFF, 
		0x00, 0x00, 0xFF, 0x00, 0x00, 0xFF, 0x00, 0x00, 0xFF, 0x00, 0x00, 0xFF, 0x00, 0x00, 0xFF, 0x00, 
		0x00, 0xFF, 0x00, 0x00, 0xFF, 0x00, 0x00, 0x80, 0x00, 0x00, 0x80, 0x80, 0x80, 0x80, 0x80, 0x80, 
		0x80, 0x00, 0x00, 0xFF, 0x00, 0x00, 0xFF, 0x00, 0x00, 0xFF, 0x00, 0x00, 0xFF, 0x00, 0x00, 0xFF, 
		0x00, 0x00, 0xFF, 0x00, 0x00, 0xFF, 0x00, 0x00, 0xFF, 0x00, 0x00, 0xFF, 0x00, 0x00, 0xFF, 0x00, 
		0x00, 0xFF, 0xFF, 0xFF, 0xFF, 0xFF, 0xFF, 0xFF, 0xFF, 0xFF, 0xFF, 0xFF, 0xFF, 0xFF, 0xFF, 0xFF, 
		0xFF, 0xFF, 0xFF, 0xFF, 0xFF, 0xFF, 0xFF, 0xFF, 0xFF, 0xFF, 0x00, 0x00, 0xFF, 0x00, 0x00, 0xFF, 
		0x00, 0x00, 0xFF, 0x00, 0x00, 0xFF, 0x00, 0x00, 0xFF, 0x00, 0x00, 0xFF, 0x00, 0x00, 0xFF, 0x00, 
		0x00, 0xFF, 0x00, 0x00, 0xFF, 0x00, 0x00, 0x80, 0x00, 0x00, 0x80, 0x80, 0x80, 0x80, 0x80, 0x80, 
		0x80, 0x00, 0x00, 0xFF, 0x00, 0x00, 0xFF, 0x00, 0x00, 0xFF, 0x00, 0x00, 0xFF, 0x00, 0x00, 0xFF, 
		0x00, 0x00, 0xFF, 0x00, 0x00, 0xFF, 0x00, 0x00, 0xFF, 0x00, 0x00, 0xFF, 0x00, 0x00, 0xFF, 0xFF, 
		0xFF, 0xFF, 0xFF, 0xFF, 0xFF, 0xFF, 0xFF, 0xFF, 0xFF, 0xFF, 0xFF, 0xFF, 0xFF, 0xFF, 0xFF, 0xFF, 
		0xFF, 0xFF, 0xFF, 0xFF, 0xFF, 0xFF, 0xFF, 0xFF, 0xFF, 0xFF, 0xFF, 0xFF, 0xFF, 0x00, 0x00, 0xFF, 
		0x00, 0x00, 0xFF, 0x00, 0x00, 0xFF, 0x00, 0x00, 0xFF, 0x00, 0x00, 0xFF, 0x00, 0x00, 0xFF, 0x00, 
		0x00, 0xFF, 0x00, 0x00, 0xFF, 0x00, 0x00, 0x80, 0x00, 0x00, 0x80, 0x80, 0x80, 0x80, 0x80, 0x80, 
		0x80, 0x00, 0x00, 0xFF, 0x00, 0x00, 0xFF, 0x00, 0x00, 0xFF, 0x00, 0x00, 0xFF, 0x00, 0x00, 0xFF, 
		0x00, 0x00, 0xFF, 0x00, 0x00, 0xFF, 0x00, 0x00, 0xFF, 0x00, 0x00, 0xFF, 0xFF, 0xFF, 0xFF, 0xFF, 
		0xFF, 0xFF, 0xFF, 0xFF, 0xFF, 0xFF, 0xFF, 0xFF, 0xFF, 0xFF, 0xFF, 0x00, 0x00, 0xFF, 0x00, 0x00, 
		0xFF, 0xFF, 0xFF, 0xFF, 0xFF, 0xFF, 0xFF, 0xFF, 0xFF, 0xFF, 0xFF, 0xFF, 0xFF, 0xFF, 0xFF, 0xFF, 
		0x00, 0x00, 0xFF, 0x00, 0x00, 0xFF, 0x00, 0x00, 0xFF, 0x00, 0x00, 0xFF, 0x00, 0x00, 0xFF, 0x00, 
		0x00, 0xFF, 0x00, 0x00, 0xFF, 0x00, 0x00, 0x80, 0x00, 0x00, 0x80, 0x80, 0x80, 0x80, 0x80, 0x80, 
		0x00, 0x00, 0x80, 0x80, 0x00, 0x00, 0xFF, 0x00, 0x00, 0xFF, 0x00, 0x00, 0xFF, 0x00, 0x00, 0xFF, 
		0x00, 0x00, 0xFF, 0x00, 0x00, 0xFF, 0x00, 0x00, 0xFF, 0xFF, 0xFF, 0xFF, 0xFF, 0xFF, 0xFF, 0xFF, 
		0xFF, 0xFF, 0xFF, 0xFF, 0xFF, 0xFF, 0xFF, 0xFF, 0x00, 0x00, 0xFF, 0x00, 0x00, 0xFF, 0x00, 0x00, 
		0xFF, 0x00, 0x00, 0xFF, 0xFF, 0xFF, 0xFF, 0xFF, 0xFF, 0xFF, 0xFF, 0xFF, 0xFF, 0xFF, 0xFF, 0xFF, 
		0xFF, 0xFF, 0xFF, 0x00, 0x00, 0xFF, 0x00, 0x00, 0xFF, 0x00, 0x00, 0xFF, 0x00, 0x00, 0xFF, 0x00, 
		0x00, 0xFF, 0x00, 0x00, 0x80, 0x00, 0x00, 0x80, 0x80, 0x80, 0x80, 0x80, 0x80, 0x80, 0x80, 0x80, 
		0x00, 0x00, 0x80, 0x80, 0x00, 0x00, 0xFF, 0x00, 0x00, 0xFF, 0x00, 0x00, 0xFF, 0x00, 0x00, 0xFF, 
		0x00, 0x00, 0xFF, 0x00, 0x00, 0xFF, 0xFF, 0xFF, 0xFF, 0xFF, 0xFF, 0xFF, 0xFF, 0xFF, 0xFF, 0xFF, 
		0xFF, 0xFF, 0xFF, 0xFF, 0xFF, 0x00, 0x00, 0xFF, 0x00, 0x00, 0xFF, 0x00, 0x00, 0xFF, 0x00, 0x00, 
		0xFF, 0x00, 0x00, 0xFF, 0x00, 0x00, 0xFF, 0xFF, 0xFF, 0xFF, 0xFF, 0xFF, 0xFF, 0xFF, 0xFF, 0xFF, 
		0xFF, 0xFF, 0xFF, 0xFF, 0xFF, 0xFF, 0x00, 0x00, 0xFF, 0x00, 0x00, 0xFF, 0x00, 0x00, 0xFF, 0x00, 
		0x00, 0xFF, 0x00, 0x00, 0x80, 0x00, 0x00, 0x80, 0x80, 0x80, 0x80, 0x80, 0x80, 0x80, 0x80, 0x80, 
		0x00, 0x00, 0x80, 0x80, 0x00, 0x00, 0xFF, 0x00, 0x00, 0xFF, 0x00, 0x00, 0xFF, 0x00, 0x00, 0xFF, 
		0x00, 0x00, 0xFF, 0x00, 0x00, 0xFF, 0x00, 0x00, 0xFF, 0xFF, 0xFF, 0xFF, 0xFF, 0xFF, 0xFF, 0xFF, 
		0xFF, 0xFF, 0x00, 0x00, 0xFF, 0x00, 0x00, 0xFF, 0x00, 0x00, 0xFF, 0x00, 0x00, 0xFF, 0x00, 0x00, 
		0xFF, 0x00, 0x00, 0xFF, 0x00, 0x00, 0xFF, 0x00, 0x00, 0xFF, 0xFF, 0xFF, 0xFF, 0xFF, 0xFF, 0xFF, 
		0xFF, 0xFF, 0xFF, 0x00, 0x00, 0xFF, 0x00, 0x00, 0xFF, 0x00, 0x00, 0xFF, 0x00, 0x00, 0xFF, 0x00, 
		0x00, 0xFF, 0x00, 0x00, 0x80, 0x00, 0x00, 0x80, 0x80, 0x80, 0x80, 0x80, 0x80, 0x00, 0x00, 0x80, 
		0x00, 0x00, 0x80, 0x00, 0x00, 0x80, 0x80, 0x00, 0x00, 0xFF, 0x00, 0x00, 0xFF, 0x00, 0x00, 0xFF, 
		0x00, 0x00, 0xFF, 0x00, 0x00, 0xFF, 0x00, 0x00, 0xFF, 0x00, 0x00, 0xFF, 0xFF, 0xFF, 0xFF, 0x00, 
		0x00, 0xFF, 0x00, 0x00, 0xFF, 0x00, 0x00, 0xFF, 0x00, 0x00, 0xFF, 0x00, 0x00, 0xFF, 0x00, 0x00, 
		0xFF, 0x00, 0x00, 0xFF, 0x00, 0x00, 0xFF, 0x00, 0x00, 0xFF, 0x00, 0x00, 0xFF, 0xFF, 0xFF, 0xFF, 
		0x00, 0x00, 0xFF, 0x00, 0x00, 0xFF, 0x00, 0x00, 0xFF, 0x00, 0x00, 0xFF, 0x00, 0x00, 0xFF, 0x00, 
		0x00, 0x80, 0x00, 0x00, 0x80, 0x80, 0x80, 0x80, 0x80, 0x80, 0x80, 0x80, 0x80, 0x00, 0x00, 0x80, 
		0x00, 0x00, 0x80, 0x00, 0x00, 0x80, 0x00, 0x00, 0x80, 0x80, 0x00, 0x00, 0xFF, 0x00, 0x00, 0xFF, 
		0x00, 0x00, 0xFF, 0x00, 0x00, 0xFF, 0x00, 0x00, 0xFF, 0x00, 0x00, 0xFF, 0x00, 0x00, 0xFF, 0x00, 
		0x00, 0xFF, 0x00, 0x00, 0xFF, 0x00, 0x00, 0xFF, 0x00, 0x00, 0xFF, 0x00, 0x00, 0xFF, 0x00, 0x00, 
		0xFF, 0x00, 0x00, 0xFF, 0x00, 0x00, 0xFF, 0x00, 0x00, 0xFF, 0x00, 0x00, 0xFF, 0x00, 0x00, 0xFF, 
		0x00, 0x00, 0xFF, 0x00, 0x00, 0xFF, 0x00, 0x00, 0xFF, 0x00, 0x00, 0xFF, 0x00, 0x00, 0x80, 0x00, 
		0x00, 0x80, 0x80, 0x80, 0x80, 0x80, 0x80, 0x80, 0x80, 0x80, 0x80, 0x80, 0x80, 0x00, 0x00, 0x80, 
		0x00, 0x00, 0x80, 0x00, 0x00, 0x80, 0x00, 0x00, 0x80, 0x80, 0x00, 0x00, 0xFF, 0x00, 0x00, 0xFF, 
		0x00, 0x00, 0xFF, 0x00, 0x00, 0xFF, 0x00, 0x00, 0xFF, 0x00, 0x00, 0xFF, 0x00, 0x00, 0xFF, 0x00, 
		0x00, 0xFF, 0x00, 0x00, 0xFF, 0x00, 0x00, 0xFF, 0x00, 0x00, 0xFF, 0x00, 0x00, 0xFF, 0x00, 0x00, 
		0xFF, 0x00, 0x00, 0xFF, 0x00, 0x00, 0xFF, 0x00, 0x00, 0xFF, 0x00, 0x00, 0xFF, 0x00, 0x00, 0xFF, 
		0x00, 0x00, 0xFF, 0x00, 0x00, 0xFF, 0x00, 0x00, 0xFF, 0x00, 0x00, 0xFF, 0x00, 0x00, 0x80, 0x00, 
		0x00, 0x80, 0x80, 0x80, 0x80, 0x80, 0x80, 0x80, 0x80, 0x80, 0x00, 0x00, 0x80, 0x00, 0x00, 0x80, 
		0x00, 0x00, 0x80, 0x00, 0x00, 0x80, 0x00, 0x00, 0x80, 0x00, 0x00, 0x80, 0x80, 0x00, 0x00, 0xFF, 
		0x00, 0x00, 0xFF, 0x00, 0x00, 0xFF, 0x00, 0x00, 0xFF, 0x00, 0x00, 0xFF, 0x00, 0x00, 0xFF, 0x00, 
		0x00, 0xFF, 0x00, 0x00, 0xFF, 0x00, 0x00, 0xFF, 0x00, 0x00, 0xFF, 0x00, 0x00, 0xFF, 0x00, 0x00, 
		0xFF, 0x00, 0x00, 0xFF, 0x00, 0x00, 0xFF, 0x00, 0x00, 0xFF, 0x00, 0x00, 0xFF, 0x00, 0x00, 0xFF, 
		0x00, 0x00, 0xFF, 0x00, 0x00, 0xFF, 0x00, 0x00, 0xFF, 0x00, 0x00, 0x80, 0x00, 0x00, 0x80, 0x80, 
		0x80, 0x80, 0x80, 0x80, 0x80, 0x80, 0x80, 0x00, 0x00, 0x80, 0x00, 0x00, 0x80, 0x00, 0x00, 0x80, 
		0x00, 0x00, 0x80, 0x00, 0x00, 0x80, 0x00, 0x00, 0x80, 0x00, 0x00, 0x80, 0x00, 0x00, 0x80, 0x80, 
		0x00, 0x00, 0x80, 0x00, 0x00, 0xFF, 0x00, 0x00, 0xFF, 0x00, 0x00, 0xFF, 0x00, 0x00, 0xFF, 0x00, 
		0x00, 0xFF, 0x00, 0x00, 0xFF, 0x00, 0x00, 0xFF, 0x00, 0x00, 0xFF, 0x00, 0x00, 0xFF, 0x00, 0x00, 
		0xFF, 0x00, 0x00, 0xFF, 0x00, 0x00, 0xFF, 0x00, 0x00, 0xFF, 0x00, 0x00, 0xFF, 0x00, 0x00, 0xFF, 
		0x00, 0x00, 0xFF, 0x00, 0x00, 0x80, 0x00, 0x00, 0x80, 0x00, 0x00, 0x80, 0x80, 0x80, 0x80, 0x80, 
		0x80, 0x80, 0x80, 0x80, 0x80, 0x80, 0x80, 0x00, 0x00, 0x80, 0x00, 0x00, 0x80, 0x00, 0x00, 0x80, 
		0x00, 0x00, 0x80, 0x00, 0x00, 0x80, 0x00, 0x00, 0x80, 0x00, 0x00, 0x80, 0x00, 0x00, 0x80, 0x00, 
		0x00, 0x80, 0x80, 0x80, 0x80, 0x80, 0x00, 0x00, 0xFF, 0x00, 0x00, 0xFF, 0x00, 0x00, 0xFF, 0x00, 
		0x00, 0xFF, 0x00, 0x00, 0xFF, 0x00, 0x00, 0xFF, 0x00, 0x00, 0xFF, 0x00, 0x00, 0xFF, 0x00, 0x00, 
		0xFF, 0x00, 0x00, 0xFF, 0x00, 0x00, 0xFF, 0x00, 0x00, 0xFF, 0x00, 0x00, 0xFF, 0x00, 0x00, 0xFF, 
		0x00, 0x00, 0x80, 0x00, 0x00, 0x80, 0x80, 0x80, 0x80, 0x80, 0x80, 0x80, 0x80, 0x80, 0x80, 0x80, 
		0x80, 0x80, 0x80, 0x80, 0x00, 0x00, 0x80, 0x00, 0x00, 0x80, 0x00, 0x00, 0x80, 0x00, 0x00, 0x80, 
		0x00, 0x00, 0x80, 0x00, 0x00, 0x80, 0x00, 0x00, 0x80, 0x00, 0x00, 0x80, 0x00, 0x00, 0x80, 0x00, 
		0x00, 0x80, 0x00, 0x00, 0x80, 0x80, 0x80, 0x80, 0x80, 0x00, 0x00, 0x80, 0x00, 0x00, 0x80, 0x00, 
		0x00, 0xFF, 0x00, 0x00, 0xFF, 0x00, 0x00, 0xFF, 0x00, 0x00, 0xFF, 0x00, 0x00, 0xFF, 0x00, 0x00, 
		0xFF, 0x00, 0x00, 0xFF, 0x00, 0x00, 0xFF, 0x00, 0x00, 0x80, 0x00, 0x00, 0x80, 0x00, 0x00, 0x80, 
		0x00, 0x00, 0x80, 0x80, 0x80, 0x80, 0x80, 0x80, 0x80, 0x80, 0x80, 0x80, 0x80, 0x80, 0x80, 0x80, 
		0x80, 0x00, 0x00, 0x80, 0x00, 0x00, 0x80, 0x00, 0x00, 0x80, 0x00, 0x00, 0x80, 0x00, 0x00, 0x80, 
		0x00, 0x00, 0x80, 0x00, 0x00, 0x80, 0x00, 0x00, 0x80, 0x00, 0x00, 0x80, 0x00, 0x00, 0x80, 0x00, 
		0x00, 0x80, 0x00, 0x00, 0x80, 0x00, 0x00, 0x80, 0x00, 0x00, 0x80, 0x80, 0x80, 0x80, 0x80, 0x80, 
		0x80, 0x80, 0x00, 0x00, 0x80, 0x00, 0x00, 0x80, 0x00, 0x00, 0x80, 0x00, 0x00, 0x80, 0x00, 0x00, 
		0x80, 0x00, 0x00, 0x80, 0x00, 0x00, 0x80, 0x00, 0x00, 0x80, 0x80, 0x80, 0x80, 0x80, 0x80, 0x80, 
		0x80, 0x80, 0x80, 0x80, 0x80, 0x80, 0x80, 0x80, 0x80, 0x80, 0x80, 0x00, 0x00, 0x80, 0x00, 0x00, 
		0x80, 0x00, 0x00, 0x80, 0x00, 0x00, 0x80, 0x00, 0x00, 0x80, 0x00, 0x00, 0x80, 0x00, 0x00, 0x80, 
		0x00, 0x00, 0x80, 0x00, 0x00, 0x80, 0x00, 0x00, 0x80, 0x00, 0x00, 0x80, 0x00, 0x00, 0x80, 0x00, 
		0x00, 0x80, 0x00, 0x00, 0x80, 0x00, 0x00, 0x80, 0x00, 0x00, 0x80, 0x00, 0x00, 0x80, 0x80, 0x80, 
		0x80, 0x80, 0x80, 0x80, 0x80, 0x80, 0x80, 0x80, 0x80, 0x80, 0x80, 0x80, 0x80, 0x80, 0x80, 0x80, 
		0x80, 0x80, 0x80, 0x80, 0x80, 0x80, 0x80, 0x80, 0x80, 0x80, 0x80, 0x80, 0x80, 0x80, 0x80, 0x80, 
		0x80, 0x80, 0x80, 0x80, 0x80, 0x80, 0x80, 0x80, 0x00, 0x00, 0x80, 0x00, 0x00, 0x80, 0x00, 0x00, 
		0x80, 0x00, 0x00, 0x80, 0x00, 0x00, 0x80, 0x00, 0x00, 0x80, 0x00, 0x00, 0x80, 0x00, 0x00, 0x80, 
		0x00, 0x00, 0x80, 0x00, 0x00, 0x80, 0x00, 0x00, 0x80, 0x00, 0x00, 0x80, 0x00, 0x00, 0x80, 0x00, 
		0x00, 0x80, 0x00, 0x00, 0x80, 0x00, 0x00, 0x80, 0x00, 0x00, 0x80, 0x00, 0x00, 0x80, 0x00, 0x00, 
		0x80, 0x00, 0x00, 0x80, 0x00, 0x00, 0x80, 0x80, 0x80, 0x80, 0x80, 0x80, 0x80, 0x80, 0x80, 0x80, 
		0x80, 0x80, 0x80, 0x80, 0x80, 0x80, 0x80, 0x80, 0x80, 0x80, 0x80, 0x80, 0x80, 0x80, 0x80, 0x00, 
		0x00, 0x80, 0x00, 0x00, 0x80, 0x00, 0x00, 0x80, 0x00, 0x00, 0x80, 0x00, 0x00, 0x80, 0x00, 0x00, 
		0x80, 0x00, 0x00, 0x80, 0x00, 0x00, 0x80, 0x00, 0x00, 0x80, 0x00, 0x00, 0x80, 0x00, 0x00, 0x80
	},
	.mask = {
		true , true , true , true , true , true , true , true , true , true , true , true , true , true , true , true , 
		true , true , true , true , true , true , true , true , true , true , true , true , true , true , true , true , 
		true , true , true , true , true , true , true , true , true , true , true , true , false, false, false, false, 
		false, false, false, true , true , true , true , true , true , true , true , true , true , true , true , true , 
		true , true , true , true , true , true , true , true , true , false, false, false, false, false, false, false, 
		false, false, false, false, false, false, true , true , true , true , true , true , true , true , true , true , 
		true , true , true , true , true , true , true , false, false, false, false, false, false, false, false, false, 
		false, false, false, false, false, false, false, false, true , true , true , true , true , true , true , true , 
		true , true , true , true , true , true , false, false, false, false, false, false, false, false, false, false, 
		false, false, false, false, false, false, false, false, false, true , true , true , true , true , true , true , 
		true , true , true , true , true , false, false, false, false, false, false, false, false, false, false, false, 
		false, false, false, false, false, false, false, false, false, false, true , true , true , true , true , true , 
		true , true , true , true , false, false, false, false, false, false, false, false, false, false, false, false, 
		false, false, false, false, false, false, false, false, false, false, false, true , true , true , true , true , 
		true , true , true , false, false, false, false, false, false, false, false, false, false, false, false, false, 
		false, false, false, false, false, false, false, false, false, false, false, false, true , true , true , true , 
		true , true , true , false, false, false, false, false, false, false, false, false, false, false, false, false, 
		false, false, false, false, false, false, false, false, false, false, false, false, false, true , true , true , 
		true , true , false, false, false, false, false, false, false, false, false, false, false, false, false, false, 
		false, false, false, false, false, false, false, false, false, false, false, false, false, false, true , true , 
		true , true , false, false, false, false, false, false, false, false, false, false, false, false, false, false, 
		false, false, false, false, false, false, false, false, false, false, false, false, false, false, true , true , 
		true , true , false, false, false, false, false, false, false, false, false, false, false, false, false, false, 
		false, false, false, false, false, false, false, false, false, false, false, false, false, false, false, true , 
		true , false, false, false, false, false, false, false, false, false, false, false, false, false, false, false, 
		false, false, false, false, false, false, false, false, false, false, false, false, false, false, false, true , 
		true , false, false, false, false, false, false, false, false, false, false, false, false, false, false, false, 
		false, false, false, false, false, false, false, false, false, false, false, false, false, false, false, true , 
		true , false, false, false, false, false, false, false, false, false, false, false, false, false, false, false, 
		false, false, false, false, false, false, false, false, false, false, false, false, false, false, false, false, 
		true , false, false, false, false, false, false, false, false, false, false, false, false, false, false, false, 
		false, false, false, false, false, false, false, false, false, false, false, false, false, false, false, false, 
		true , false, false, false, false, false, false, false, false, false, false, false, false, false, false, false, 
		false, false, false, false, false, false, false, false, false, false, false, false, false, false, false, false, 
		true , false, false, false, false, false, false, false, false, false, false, false, false, false, false, false, 
		false, false, false, false, false, false, false, false, false, false, false, false, false, false, false, false, 
		true , false, false, false, false, false, false, false, false, false, false, false, false, false, false, false, 
		false, false, false, false, false, false, false, false, false, false, false, false, false, false, false, false, 
		true , true , false, false, false, false, false, false, false, false, false, false, false, false, false, false, 
		false, false, false, false, false, false, false, false, false, false, false, false, false, false, false, false, 
		true , true , false, false, false, false, false, false, false, false, false, false, false, false, false, false, 
		false, false, false, false, false, false, false, false, false, false, false, false, false, false, false, false, 
		true , true , false, false, false, false, false, false, false, false, false, false, false, false, false, false, 
		false, false, false, false, false, false, false, false, false, false, false, false, false, false, false, true , 
		true , true , true , false, false, false, false, false, false, false, false, false, false, false, false, false, 
		false, false, false, false, false, false, false, false, false, false, false, false, false, false, false, true , 
		true , true , true , false, false, false, false, false, false, false, false, false, false, false, false, false, 
		false, false, false, false, false, false, false, false, false, false, false, false, false, false, false, true , 
		true , true , true , true , false, false, false, false, false, false, false, false, false, false, false, false, 
		false, false, false, false, false, false, false, false, false, false, false, false, false, false, true , true , 
		true , true , true , true , true , false, false, false, false, false, false, false, false, false, false, false, 
		false, false, false, false, false, false, false, false, false, false, false, false, false, false, true , true , 
		true , true , true , true , true , true , false, false, false, false, false, false, false, false, false, false, 
		false, false, false, false, false, false, false, false, false, false, false, false, false, true , true , true , 
		true , true , true , true , true , true , true , false, false, false, false, false, false, false, false, false, 
		false, false, false, false, false, false, false, false, false, false, false, false, true , true , true , true , 
		true , true , true , true , true , true , true , true , false, false, false, false, false, false, false, false, 
		false, false, false, false, false, false, false, false, false, false, false, true , true , true , true , true , 
		true , true , true , true , true , true , true , true , true , false, false, false, false, false, false, false, 
		false, false, false, false, false, false, false, false, false, false, true , true , true , true , true , true , 
		true , true , true , true , true , true , true , true , true , true , true , false, false, false, false, false, 
		false, false, false, false, false, false, false, false, true , true , true , true , true , true , true , true , 
		true , true , true , true , true , true , true , true , true , true , true , true , true , true , false, false, 
		false, false, false, false, false, true , true , true , true , true , true , true , true , true , true , true
	}
};

const pwder_style::icon32 help PROGMEM = {
	.bitmap = {
		0x00, 0x00, 0x80, 0x00, 0x00, 0x80, 0x00, 0x00, 0x80, 0x00, 0x00, 0x80, 0x00, 0x00, 0x80, 0x00, 
		0x00, 0x80, 0x00, 0x00, 0x80, 0x00, 0x00, 0x80, 0x00, 0x00, 0x80, 0x00, 0x00, 0x80, 0x00, 0x00, 
		0x80, 0x00, 0x00, 0x80, 0x00, 0x00, 0x80, 0x00, 0x00, 0x80, 0x00, 0x00, 0x80, 0x80, 0x00, 0x80, 
		0x80, 0x00, 0x80, 0x00, 0x00, 0x00, 0x00, 0x00, 0x80, 0x00, 0x00, 0x80, 0x00, 0x00, 0x80, 0x00, 
		0x00, 0x80, 0x00, 0x00, 0x80, 0x00, 0x00, 0x80, 0x00, 0x00, 0x80, 0x00, 0x00, 0x80, 0x00, 0x00, 
		0x80, 0x00, 0x00, 0x80, 0x00, 0x00, 0x80, 0x00, 0x00, 0x80, 0x00, 0x00, 0x80, 0x00, 0x00, 0x80, 
		0x00, 0x00, 0x80, 0x00, 0x00, 0x80, 0x00, 0x00, 0x80, 0x00, 0x00, 0x80, 0x00, 0x00, 0x80, 0x00, 
		0x00, 0x80, 0x00, 0x00, 0x80, 0x00, 0x00, 0x80, 0x00, 0x00, 0x80, 0x00, 0x00, 0x80, 0x00, 0x00, 
		0x80, 0x00, 0x00, 0x80, 0x00, 0x00, 0x80, 0x00, 0x00, 0x80, 0x80, 0x00, 0x80, 0x80, 0x80, 0x80, 
		0x80, 0x00, 0x80, 0x80, 0x00, 0x80, 0x00, 0x00, 0x00, 0x00, 0x00, 0x00, 0x00, 0x00, 0x80, 0x00, 
		0x00, 0x80, 0x00, 0x00, 0x80, 0x00, 0x00, 0x80, 0x00, 0x00, 0x80, 0x00, 0x00, 0x80, 0x00, 0x00, 
		0x80, 0x00, 0x00, 0x80, 0x00, 0x00, 0x80, 0x00, 0x00, 0x80, 0x00, 0x00, 0x80, 0x00, 0x00, 0x80, 
		0x00, 0x00, 0x80, 0x00, 0x00, 0x80, 0x00, 0x00, 0x80, 0x00, 0x00, 0x80, 0x00, 0x00, 0x80, 0x00, 
		0x00, 0x80, 0x00, 0x00, 0x80, 0x00, 0x00, 0x80, 0x00, 0x00, 0x80, 0x00, 0x00, 0x80, 0x00, 0x00, 
		0x80, 0x00, 0x00, 0x80, 0x00, 0x00, 0x80, 0x80, 0x00, 0x80, 0x80, 0x80, 0x80, 0x80, 0x00, 0x80, 
		0x80, 0x00, 0x80, 0x80, 0x00, 0x80, 0x80, 0x00, 0x80, 0x80, 0x00, 0x80, 0x00, 0x00, 0x00, 0x00, 
		0x00, 0x00, 0x00, 0x00, 0x80, 0x00, 0x00, 0x80, 0x00, 0x00, 0x80, 0x00, 0x00, 0x80, 0x00, 0x00, 
		0x80, 0x00, 0x00, 0x80, 0x00, 0x00, 0x80, 0x00, 0x00, 0x80, 0x00, 0x00, 0x80, 0x00, 0x00, 0x80, 
		0x00, 0x00, 0x80, 0x00, 0x00, 0x80, 0x00, 0x00, 0x80, 0x00, 0x00, 0x80, 0x00, 0x00, 0x80, 0x00, 
		0x00, 0x80, 0x00, 0x00, 0x80, 0x00, 0x00, 0x80, 0x00, 0x00, 0x80, 0x00, 0x00, 0x80, 0x00, 0x00, 
		0x80, 0x00, 0x00, 0x80, 0x80, 0x00, 0x80, 0x80, 0x80, 0x80, 0x80, 0x00, 0x80, 0x80, 0x00, 0x80, 
		0x80, 0x00, 0x80, 0x80, 0x00, 0x80, 0x80, 0x00, 0x80, 0x80, 0x00, 0x80, 0x80, 0x00, 0x80, 0x80, 
		0x00, 0x80, 0x00, 0x00, 0x00, 0x00, 0x00, 0x00, 0x00, 0x00, 0x80, 0x00, 0x00, 0x80, 0x00, 0x00, 
		0x80, 0x00, 0x00, 0x80, 0x00, 0x00, 0x80, 0x00, 0x00, 0x80, 0x00, 0x00, 0x80, 0x00, 0x00, 0x80, 
		0x00, 0x00, 0x80, 0x00, 0x00, 0x80, 0x00, 0x00, 0x80, 0x00, 0x00, 0x80, 0x00, 0x00, 0x80, 0x00, 
		0x00, 0x80, 0x00, 0x00, 0x80, 0x00, 0x00, 0x80, 0x00, 0x00, 0x80, 0x00, 0x00, 0x80, 0x00, 0x00, 
		0x80, 0x80, 0x00, 0x80, 0x80, 0x80, 0x80, 0x80, 0x00, 0x80, 0x80, 0x00, 0x80, 0x80, 0x00, 0x80, 
		0x80, 0x00, 0x80, 0x80, 0x00, 0x80, 0x80, 0x00, 0x80, 0x80, 0x00, 0x80, 0x80, 0x00, 0x80, 0x80, 
		0x00, 0x80, 0x80, 0x00, 0x80, 0x80, 0x00, 0x80, 0x00, 0x00, 0x00, 0x00, 0x00, 0x00, 0x00, 0x00, 
		0x80, 0x00, 0x00, 0x80, 0x00, 0x00, 0x80, 0x00, 0x00, 0x80, 0x00, 0x00, 0x80, 0x00, 0x00, 0x80, 
		0x00, 0x00, 0x80, 0x00, 0x00, 0x80, 0x00, 0x00, 0x80, 0x00, 0x00, 0x80, 0x00, 0x00, 0x80, 0x00, 
		0x00, 0x80, 0x00, 0x00, 0x80, 0x00, 0x00, 0x80, 0x00, 0x00, 0x80, 0x00, 0x00, 0x80, 0x80, 0x00, 
		0x80, 0x80, 0x80, 0x80, 0x80, 0x00, 0x80, 0x80, 0x00, 0x80, 0x80, 0x00, 0x80, 0x80, 0x00, 0x80, 
		0x80, 0x00, 0x80, 0x80, 0x00, 0x80, 0x80, 0x00, 0x80, 0x80, 0x00, 0x80, 0x80, 0x00, 0x80, 0x80, 
		0x00, 0x80, 0x80, 0x00, 0x80, 0x80, 0x00, 0x80, 0x80, 0x00, 0x80, 0x80, 0x00, 0x80, 0x00, 0x00, 
		0x00, 0x00, 0x00, 0x00, 0x00, 0x00, 0x80, 0x00, 0x00, 0x80, 0x00, 0x00, 0x80, 0x00, 0x00, 0x80, 
		0x00, 0x00, 0x80, 0x00, 0x00, 0x80, 0x00, 0x00, 0x80, 0x00, 0x00, 0x80, 0x00, 0x00, 0x80, 0x00, 
		0x00, 0x80, 0x00, 0x00, 0x80, 0x00, 0x00, 0x80, 0x00, 0x00, 0x80, 0x80, 0x00, 0x80, 0x80, 0x80, 
		0x80, 0x80, 0x00, 0x80, 0x80, 0x00, 0x80, 0x80, 0x00, 0x80, 0x80, 0x00, 0x80, 0x80, 0x00, 0x80, 
		0x80, 0x80, 0x00, 0xFF, 0xFF, 0x00, 0xFF, 0xFF, 0x00, 0xFF, 0xFF, 0x00, 0x80, 0x80, 0x00, 0x80, 
		0x00, 0x80, 0x80, 0x00, 0x80, 0x80, 0x00, 0x80, 0x80, 0x00, 0x80, 0x80, 0x00, 0x80, 0x80, 0x00, 
		0x80, 0x80, 0x00, 0x80, 0x00, 0x00, 0x00, 0x00, 0x00, 0x00, 0x00, 0x00, 0x80, 0x00, 0x00, 0x80, 
		0x00, 0x00, 0x80, 0x00, 0x00, 0x80, 0x00, 0x00, 0x80, 0x00, 0x00, 0x80, 0x00, 0x00, 0x80, 0x00, 
		0x00, 0x80, 0x00, 0x00, 0x80, 0x00, 0x00, 0x80, 0x80, 0x00, 0x80, 0x80, 0x80, 0x80, 0x80, 0x00, 
		0x80, 0x80, 0x00, 0x80, 0x80, 0x00, 0x80, 0x80, 0x00, 0x80, 0x80, 0x00, 0x80, 0xFF, 0xFF, 0x00, 
		0xFF, 0xFF, 0x00, 0xFF, 0xFF, 0x00, 0xFF, 0xFF, 0x00, 0xFF, 0xFF, 0x00, 0xFF, 0xFF, 0x00, 0xFF, 
		0xFF, 0x00, 0x80, 0x00, 0x80, 0x80, 0x00, 0x80, 0x80, 0x00, 0x80, 0x80, 0x00, 0x80, 0x80, 0x00, 
		0x80, 0x80, 0x00, 0x80, 0x80, 0x00, 0x80, 0x80, 0x00, 0x80, 0x00, 0x00, 0x00, 0x00, 0x00, 0x00, 
		0x00, 0x00, 0x80, 0x00, 0x00, 0x80, 0x00, 0x00, 0x80, 0x00, 0x00, 0x80, 0x00, 0x00, 0x80, 0x00, 
		0x00, 0x80, 0x00, 0x00, 0x80, 0x80, 0x00, 0x80, 0x80, 0x80, 0x80, 0x80, 0x00, 0x80, 0x80, 0x00, 
		0x80, 0x80, 0x00, 0x80, 0x80, 0x00, 0x80, 0x80, 0x00, 0x80, 0xFF, 0xFF, 0x00, 0xFF, 0xFF, 0x00, 
		0xFF, 0xFF, 0x00, 0x80, 0x80, 0x00, 0x80, 0x80, 0x00, 0x80, 0x80, 0x00, 0xFF, 0xFF, 0x00, 0xFF, 
		0xFF, 0x00, 0xFF, 0xFF, 0x00, 0x80, 0x00, 0x80, 0x80, 0x00, 0x80, 0x80, 0x00, 0x80, 0x80, 0x00, 
		0x80, 0x80, 0x00, 0x80, 0x80, 0x00, 0x80, 0x80, 0x00, 0x80, 0x80, 0x00, 0x80, 0x00, 0x00, 0x00, 
		0x00, 0x00, 0x80, 0x00, 0x00, 0x80, 0x00, 0x00, 0x80, 0x00, 0x00, 0x80, 0x00, 0x00, 0x80, 0x00, 
		0x00, 0x80, 0x80, 0x00, 0x80, 0x80, 0x80, 0x80, 0x80, 0x00, 0x80, 0x80, 0x00, 0x80, 0x80, 0x00, 
		0x80, 0x80, 0x00, 0x80, 0x80, 0x00, 0x80, 0x80, 0x80, 0x00, 0xFF, 0xFF, 0x00, 0xFF, 0xFF, 0x00, 
		0x80, 0x00, 0x80, 0x80, 0x00, 0x80, 0x80, 0x00, 0x80, 0x80, 0x00, 0x80, 0xFF, 0xFF, 0x00, 0xFF, 
		0xFF, 0x00, 0xFF, 0xFF, 0x00, 0x80, 0x00, 0x80, 0x80, 0x00, 0x80, 0x80, 0x00, 0x80, 0x80, 0x00, 
		0x80, 0x80, 0x00, 0x80, 0x80, 0x00, 0x80, 0x80, 0x00, 0x80, 0x00, 0x00, 0x00, 0x00, 0x00, 0x80, 
		0x00, 0x00, 0x80, 0x00, 0x00, 0x80, 0x00, 0x00, 0x80, 0x00, 0x00, 0x80, 0x00, 0x00, 0x80, 0x80, 
		0x00, 0x80, 0x80, 0x80, 0x80, 0x80, 0x00, 0x80, 0x80, 0x00, 0x80, 0x80, 0x00, 0x80, 0x80, 0x00, 
		0x80, 0x80, 0x00, 0x80, 0x80, 0x00, 0x80, 0x80, 0x00, 0x80, 0x80, 0x00, 0x80, 0x80, 0x80, 0x00, 
		0x80, 0x00, 0x80, 0x80, 0x00, 0x80, 0x80, 0x00, 0x80, 0x80, 0x80, 0x00, 0xFF, 0xFF, 0x00, 0xFF, 
		0xFF, 0x00, 0xFF, 0xFF, 0x00, 0x80, 0x00, 0x80, 0x80, 0x00, 0x80, 0x80, 0x00, 0x80, 0x80, 0x00, 
		0x80, 0x80, 0x00, 0x80, 0x80, 0x00, 0x80, 0x00, 0x00, 0x00, 0x00, 0x00, 0x00, 0x00, 0x00, 0x80, 
		0x00, 0x00, 0x80, 0x00, 0x00, 0x80, 0x00, 0x00, 0x80, 0x00, 0x00, 0x80, 0x80, 0x00, 0x80, 0x80, 
		0x80, 0x80, 0x80, 0x00, 0x80, 0x80, 0x00, 0x80, 0x80, 0x00, 0x80, 0x80, 0x00, 0x80, 0x80, 0x00, 
		0x80, 0x80, 0x00, 0x80, 0x80, 0x00, 0x80, 0x80, 0x00, 0x80, 0x80, 0x00, 0x80, 0x80, 0x00, 0x80, 
		0x80, 0x80, 0x00, 0xFF, 0xFF, 0x00, 0xFF, 0xFF, 0x00, 0xFF, 0xFF, 0x00, 0xFF, 0xFF, 0x00, 0xFF, 
		0xFF, 0x00, 0x80, 0x00, 0x80, 0x80, 0x00, 0x80, 0x80, 0x00, 0x80, 0x80, 0x00, 0x80, 0x80, 0x00, 
		0x80, 0x80, 0x00, 0x80, 0x00, 0x00, 0x00, 0x80, 0x80, 0x80, 0x00, 0x00, 0x00, 0x00, 0x00, 0x80, 
		0x00, 0x00, 0x80, 0x00, 0x00, 0x80, 0x00, 0x00, 0x80, 0x80, 0x00, 0x80, 0x80, 0x80, 0x80, 0x80, 
		0x00, 0x80, 0x80, 0x00, 0x80, 0x80, 0x00, 0x80, 0x80, 0x00, 0x80, 0x80, 0x00, 0x80, 0x80, 0x00, 
		0x80, 0x80, 0x00, 0x80, 0x80, 0x00, 0x80, 0x80, 0x00, 0x80, 0x80, 0x80, 0x00, 0xFF, 0xFF, 0x00, 
		0xFF, 0xFF, 0x00, 0xFF, 0xFF, 0x00, 0xFF, 0xFF, 0x00, 0xFF, 0xFF, 0x00, 0x80, 0x80, 0x00, 0x80, 
		0x00, 0x80, 0x80, 0x00, 0x80, 0x80, 0x00, 0x80, 0x80, 0x00, 0x80, 0x80, 0x00, 0x80, 0x80, 0x00, 
		0x80, 0x00, 0x00, 0x00, 0x80, 0x80, 0x80, 0xC0, 0xC0, 0xC0, 0x00, 0x00, 0x00, 0x00, 0x00, 0x80, 
		0x00, 0x00, 0x80, 0x00, 0x00, 0x80, 0x80, 0x00, 0x80, 0x80, 0x80, 0x80, 0x80, 0x00, 0x80, 0x80, 
		0x00, 0x80, 0x80, 0x00, 0x80, 0x80, 0x00, 0x80, 0x80, 0x00, 0x80, 0x80, 0x00, 0x80, 0x80, 0x00, 
		0x80, 0x80, 0x00, 0x80, 0x80, 0x00, 0x80, 0x80, 0x80, 0x00, 0xFF, 0xFF, 0x00, 0xFF, 0xFF, 0x00, 
		0xFF, 0xFF, 0x00, 0x80, 0x80, 0x00, 0x80, 0x80, 0x00, 0x80, 0x00, 0x80, 0x80, 0x00, 0x80, 0x80, 
		0x00, 0x80, 0x80, 0x00, 0x80, 0x80, 0x00, 0x80, 0x80, 0x00, 0x80, 0x80, 0x00, 0x80, 0x00, 0x00, 
		0x00, 0x80, 0x80, 0x80, 0xC0, 0xC0, 0xC0, 0xC0, 0xC0, 0xC0, 0x00, 0x00, 0x00, 0x00, 0x00, 0x80, 
		0x00, 0x00, 0x80, 0x80, 0x00, 0x80, 0x80, 0x80, 0x80, 0x80, 0x00, 0x80, 0x80, 0x00, 0x80, 0x80, 
		0x00, 0x80, 0x80, 0x00, 0x80, 0x80, 0x00, 0x80, 0x80, 0x00, 0x80, 0x80, 0x00, 0x80, 0x80, 0x00, 
		0x80, 0x80, 0x00, 0x80, 0x80, 0x00, 0x80, 0x80, 0x00, 0x80, 0x80, 0x00, 0x80, 0x80, 0x80, 0x00, 
		0x80, 0x80, 0x00, 0x80, 0x00, 0x80, 0x80, 0x00, 0x80, 0x80, 0x00, 0x80, 0x80, 0x00, 0x80, 0x80, 
		0x00, 0x80, 0x80, 0x00, 0x80, 0x80, 0x00, 0x80, 0x80, 0x00, 0x80, 0x00, 0x00, 0x00, 0x80, 0x80, 
		0x80, 0xC0, 0xC0, 0xC0, 0xC0, 0xC0, 0xC0, 0xC0, 0xC0, 0xC0, 0x00, 0x00, 0x00, 0x00, 0x00, 0x80, 
		0x80, 0x00, 0x80, 0x00, 0x00, 0x00, 0x00, 0x00, 0x00, 0x00, 0x00, 0x00, 0x80, 0x00, 0x80, 0x80, 
		0x00, 0x80, 0x80, 0x00, 0x80, 0x80, 0x00, 0x80, 0x80, 0x00, 0x80, 0x80, 0x00, 0x80, 0x80, 0x00, 
		0x80, 0x80, 0x00, 0x80, 0x80, 0x80, 0x00, 0xFF, 0xFF, 0x00, 0x80, 0x80, 0x00, 0x80, 0x00, 0x80, 
		0x80, 0x00, 0x80, 0x80, 0x00, 0x80, 0x80, 0x00, 0x80, 0x80, 0x00, 0x80, 0x80, 0x00, 0x80, 0x80, 
		0x00, 0x80, 0x80, 0x00, 0x80, 0x80, 0x00, 0x80, 0x00, 0x00, 0x00, 0x80, 0x80, 0x80, 0xC0, 0xC0, 
		0xC0, 0xC0, 0xC0, 0xC0, 0xC0, 0xC0, 0xC0, 0xC0, 0xC0, 0xC0, 0x00, 0x00, 0x00, 0x00, 0x00, 0x80, 
		0x80, 0x00, 0x80, 0x00, 0x00, 0x00, 0x80, 0x80, 0x80, 0x80, 0x80, 0x80, 0x00, 0x00, 0x00, 0x00, 
		0x00, 0x00, 0x80, 0x00, 0x80, 0x80, 0x00, 0x80, 0x80, 0x00, 0x80, 0x80, 0x00, 0x80, 0x80, 0x00, 
		0x80, 0x80, 0x00, 0x80, 0xFF, 0xFF, 0x00, 0xFF, 0xFF, 0x00, 0xFF, 0xFF, 0x00, 0x80, 0x00, 0x80, 
		0x80, 0x00, 0x80, 0x80, 0x00, 0x80, 0x80, 0x00, 0x80, 0x80, 0x00, 0x80, 0x80, 0x00, 0x80, 0x80, 
		0x00, 0x80, 0x80, 0x00, 0x80, 0x80, 0x00, 0x80, 0x80, 0x80, 0x80, 0xC0, 0xC0, 0xC0, 0xC0, 0xC0, 
		0xC0, 0xC0, 0xC0, 0xC0, 0xC0, 0xC0, 0xC0, 0xC0, 0xC0, 0xC0, 0x00, 0x00, 0x00, 0x00, 0x00, 0x00, 
		0x80, 0x00, 0x80, 0x00, 0x00, 0x00, 0xC0, 0xC0, 0xC0, 0xC0, 0xC0, 0xC0, 0x80, 0x80, 0x80, 0x80, 
		0x80, 0x80, 0x00, 0x00, 0x00, 0x00, 0x00, 0x00, 0x80, 0x00, 0x80, 0x80, 0x00, 0x80, 0x80, 0x00, 
		0x80, 0x80, 0x00, 0x80, 0x80, 0x80, 0x00, 0xFF, 0xFF, 0x00, 0x80, 0x80, 0x00, 0x80, 0x00, 0x80, 
		0x80, 0x00, 0x80, 0x80, 0x00, 0x80, 0x80, 0x00, 0x80, 0x80, 0x00, 0x80, 0x80, 0x00, 0x80, 0x80, 
		0x00, 0x80, 0x00, 0x00, 0x00, 0x80, 0x80, 0x80, 0xC0, 0xC0, 0xC0, 0xC0, 0xC0, 0xC0, 0xC0, 0xC0, 
		0xC0, 0xC0, 0xC0, 0xC0, 0xC0, 0xC0, 0xC0, 0x00, 0x00, 0x00, 0x80, 0x00, 0x80, 0x00, 0x00, 0x00, 
		0x80, 0x00, 0x80, 0x00, 0x00, 0x00, 0xC0, 0xC0, 0xC0, 0xFF, 0xFF, 0xFF, 0xFF, 0xFF, 0xFF, 0xC0, 
		0xC0, 0xC0, 0x80, 0x80, 0x80, 0x80, 0x80, 0x80, 0x00, 0x00, 0x00, 0x00, 0x00, 0x00, 0x80, 0x00, 
		0x80, 0x80, 0x00, 0x80, 0x80, 0x00, 0x80, 0x80, 0x00, 0x80, 0x80, 0x00, 0x80, 0x80, 0x00, 0x80, 
		0x80, 0x00, 0x80, 0x80, 0x00, 0x80, 0x80, 0x00, 0x80, 0x80, 0x00, 0x80, 0x80, 0x00, 0x80, 0x00, 
		0x00, 0x00, 0x80, 0x80, 0x80, 0xC0, 0xC0, 0xC0, 0xC0, 0xC0, 0xC0, 0xC0, 0xC0, 0xC0, 0xC0, 0xC0, 
		0xC0, 0xC0, 0xC0, 0xC0, 0x00, 0x00, 0x00, 0x80, 0x00, 0x80, 0x00, 0x00, 0x00, 0x00, 0x00, 0x80, 
		0x80, 0x00, 0x80, 0x00, 0x00, 0x00, 0xC0, 0xC0, 0xC0, 0xFF, 0xFF, 0xFF, 0xFF, 0xFF, 0xFF, 0xFF, 
		0xFF, 0xFF, 0xFF, 0xFF, 0xFF, 0xC0, 0xC0, 0xC0, 0x80, 0x80, 0x80, 0x80, 0x80, 0x80, 0x00, 0x00, 
		0x00, 0x00, 0x00, 0x00, 0x80, 0x00, 0x80, 0x80, 0x00, 0x80, 0x80, 0x00, 0x80, 0x80, 0x00, 0x80, 
		0x80, 0x00, 0x80, 0x80, 0x00, 0x80, 0x80, 0x00, 0x80, 0x80, 0x00, 0x80, 0x00, 0x00, 0x00, 0x80, 
		0x80, 0x80, 0xC0, 0xC0, 0xC0, 0xC0, 0xC0, 0xC0, 0xC0, 0xC0, 0xC0, 0xC0, 0xC0, 0xC0, 0xC0, 0xC0, 
		0xC0, 0x00, 0x00, 0x00, 0x80, 0x00, 0x80, 0x00, 0x00, 0x00, 0x00, 0x00, 0x80, 0x00, 0x00, 0x80, 
		0x80, 0x00, 0x80, 0x00, 0x00, 0x00, 0xC0, 0xC0, 0xC0, 0xFF, 0xFF, 0xFF, 0xFF, 0xFF, 0xFF, 0xFF, 
		0xFF, 0xFF, 0xFF, 0xFF, 0xFF, 0xFF, 0xFF, 0xFF, 0xFF, 0xFF, 0xFF, 0xC0, 0xC0, 0xC0, 0x80, 0x80, 
		0x80, 0x80, 0x80, 0x80, 0x00, 0x00, 0x00, 0x00, 0x00, 0x00, 0x80, 0x00, 0x80, 0x80, 0x00, 0x80, 
		0x80, 0x00, 0x80, 0x80, 0x00, 0x80, 0x80, 0x00, 0x80, 0x00, 0x00, 0x00, 0x80, 0x80, 0x80, 0xC0, 
		0xC0, 0xC0, 0xC0, 0xC0, 0xC0, 0xC0, 0xC0, 0xC0, 0xC0, 0xC0, 0xC0, 0xC0, 0xC0, 0xC0, 0x00, 0x00, 
		0x00, 0x80, 0x00, 0x80, 0x00, 0x00, 0x00, 0x00, 0x00, 0x80, 0x00, 0x00, 0x80, 0x00, 0x00, 0x80, 
		0x80, 0x00, 0x80, 0x80, 0x00, 0x80, 0x80, 0x00, 0x80, 0x80, 0x80, 0x80, 0x80, 0x80, 0x80, 0xFF, 
		0xFF, 0xFF, 0xFF, 0xFF, 0xFF, 0xFF, 0xFF, 0xFF, 0xFF, 0xFF, 0xFF, 0xFF, 0xFF, 0xFF, 0xFF, 0xFF, 
		0xFF, 0xC0, 0xC0, 0xC0, 0x80, 0x80, 0x80, 0x80, 0x80, 0x80, 0x00, 0x00, 0x00, 0x00, 0x00, 0x00, 
		0x80, 0x00, 0x80, 0x80, 0x00, 0x80, 0x00, 0x00, 0x00, 0x80, 0x80, 0x80, 0xC0, 0xC0, 0xC0, 0xC0, 
		0xC0, 0xC0, 0xC0, 0xC0, 0xC0, 0xC0, 0xC0, 0xC0, 0xC0, 0xC0, 0xC0, 0x00, 0x00, 0x00, 0x80, 0x00, 
		0x80, 0x00, 0x00, 0x00, 0x00, 0x00, 0x80, 0x00, 0x00, 0x80, 0x00, 0x00, 0x80, 0x00, 0x00, 0x80, 
		0x00, 0x00, 0x80, 0x00, 0x00, 0x00, 0x00, 0x00, 0x00, 0x80, 0x00, 0x80, 0x80, 0x00, 0x80, 0x80, 
		0x80, 0x80, 0x80, 0x80, 0x80, 0xFF, 0xFF, 0xFF, 0xFF, 0xFF, 0xFF, 0xFF, 0xFF, 0xFF, 0xFF, 0xFF, 
		0xFF, 0xFF, 0xFF, 0xFF, 0xFF, 0xFF, 0xFF, 0xC0, 0xC0, 0xC0, 0x80, 0x80, 0x80, 0x80, 0x80, 0x80, 
		0x00, 0x00, 0x00, 0x00, 0x00, 0x00, 0x80, 0x80, 0x80, 0xC0, 0xC0, 0xC0, 0xC0, 0xC0, 0xC0, 0xC0, 
		0xC0, 0xC0, 0xC0, 0xC0, 0xC0, 0xC0, 0xC0, 0xC0, 0x00, 0x00, 0x00, 0x80, 0x00, 0x80, 0x00, 0x00, 
		0x00, 0x00, 0x00, 0x80, 0x00, 0x00, 0x80, 0x00, 0x00, 0x80, 0x00, 0x00, 0x80, 0x00, 0x00, 0x80, 
		0x00, 0x00, 0x80, 0x00, 0x00, 0x80, 0x00, 0x00, 0x80, 0x00, 0x00, 0x00, 0x00, 0x00, 0x00, 0x80, 
		0x00, 0x80, 0x80, 0x00, 0x80, 0x80, 0x80, 0x80, 0x80, 0x80, 0x80, 0xFF, 0xFF, 0xFF, 0xFF, 0xFF, 
		0xFF, 0xFF, 0xFF, 0xFF, 0xFF, 0xFF, 0xFF, 0xFF, 0xFF, 0xFF, 0xFF, 0xFF, 0xFF, 0xC0, 0xC0, 0xC0, 
		0x80, 0x80, 0x80, 0x80, 0x80, 0x80, 0xC0, 0xC0, 0xC0, 0xC0, 0xC0, 0xC0, 0xC0, 0xC0, 0xC0, 0xC0, 
		0xC0, 0xC0, 0xC0, 0xC0, 0xC0, 0x00, 0x00, 0x00, 0x80, 0x00, 0x80, 0x00, 0x00, 0x00, 0x00, 0x00, 
		0x80, 0x00, 0x00, 0x80, 0x00, 0x00, 0x80, 0x00, 0x00, 0x80, 0x00, 0x00, 0x80, 0x00, 0x00, 0x80, 
		0x00, 0x00, 0x80, 0x00, 0x00, 0x80, 0x00, 0x00, 0x80, 0x00, 0x00, 0x80, 0x00, 0x00, 0x80, 0x00, 
		0x00, 0x00, 0x00, 0x00, 0x00, 0x80, 0x00, 0x80, 0x80, 0x00, 0x80, 0x80, 0x80, 0x80, 0x80, 0x80, 
		0x80, 0xFF, 0xFF, 0xFF, 0xFF, 0xFF, 0xFF, 0xFF, 0xFF, 0xFF, 0xFF, 0xFF, 0xFF, 0xFF, 0xFF, 0xFF, 
		0xFF, 0xFF, 0xFF, 0xFF, 0xFF, 0xFF, 0xC0, 0xC0, 0xC0, 0xC0, 0xC0, 0xC0, 0xC0, 0xC0, 0xC0, 0xC0, 
		0xC0, 0xC0, 0x00, 0x00, 0x00, 0x80, 0x00, 0x80, 0x00, 0x00, 0x00, 0x00, 0x00, 0x80, 0x00, 0x00, 
		0x80, 0x00, 0x00, 0x80, 0x00, 0x00, 0x80, 0x00, 0x00, 0x80, 0x00, 0x00, 0x80, 0x00, 0x00, 0x80, 
		0x00, 0x00, 0x80, 0x00, 0x00, 0x80, 0x00, 0x00, 0x80, 0x00, 0x00, 0x80, 0x00, 0x00, 0x80, 0x00, 
		0x00, 0x80, 0x00, 0x00, 0x80, 0x00, 0x00, 0x00, 0x00, 0x00, 0x00, 0x80, 0x00, 0x80, 0x80, 0x00, 
		0x80, 0x80, 0x80, 0x80, 0x80, 0x80, 0x80, 0xFF, 0xFF, 0xFF, 0xFF, 0xFF, 0xFF, 0xFF, 0xFF, 0xFF, 
		0xFF, 0xFF, 0xFF, 0xFF, 0xFF, 0xFF, 0xC0, 0xC0, 0xC0, 0xC0, 0xC0, 0xC0, 0xC0, 0xC0, 0xC0, 0x00, 
		0x00, 0x00, 0x80, 0x00, 0x80, 0x00, 0x00, 0x00, 0x00, 0x00, 0x80, 0x00, 0x00, 0x80, 0x00, 0x00, 
		0x80, 0x00, 0x00, 0x80, 0x00, 0x00, 0x80, 0x00, 0x00, 0x80, 0x00, 0x00, 0x80, 0x00, 0x00, 0x80, 
		0x00, 0x00, 0x80, 0x00, 0x00, 0x80, 0x00, 0x00, 0x80, 0x00, 0x00, 0x80, 0x00, 0x00, 0x80, 0x00, 
		0x00, 0x80, 0x00, 0x00, 0x80, 0x00, 0x00, 0x80, 0x00, 0x00, 0x80, 0x00, 0x00, 0x00, 0x00, 0x00, 
		0x00, 0x80, 0x00, 0x80, 0x80, 0x00, 0x80, 0x80, 0x80, 0x80, 0x80, 0x80, 0x80, 0xFF, 0xFF, 0xFF, 
		0xFF, 0xFF, 0xFF, 0xFF, 0xFF, 0xFF, 0xC0, 0xC0, 0xC0, 0xC0, 0xC0, 0xC0, 0x00, 0x00, 0x00, 0x80, 
		0x00, 0x80, 0x00, 0x00, 0x00, 0x00, 0x00, 0x80, 0x00, 0x00, 0x80, 0x00, 0x00, 0x80, 0x00, 0x00, 
		0x80, 0x00, 0x00, 0x80, 0x00, 0x00, 0x80, 0x00, 0x00, 0x80, 0x00, 0x00, 0x80, 0x00, 0x00, 0x80, 
		0x00, 0x00, 0x80, 0x00, 0x00, 0x80, 0x00, 0x00, 0x80, 0x00, 0x00, 0x80, 0x00, 0x00, 0x80, 0x00, 
		0x00, 0x80, 0x00, 0x00, 0x80, 0x00, 0x00, 0x80, 0x00, 0x00, 0x80, 0x00, 0x00, 0x80, 0x00, 0x00, 
		0x80, 0x00, 0x00, 0x00, 0x00, 0x00, 0x00, 0x80, 0x00, 0x80, 0x80, 0x00, 0x80, 0x80, 0x80, 0x80, 
		0x80, 0x80, 0x80, 0xFF, 0xFF, 0xFF, 0xC0, 0xC0, 0xC0, 0x00, 0x00, 0x00, 0x80, 0x00, 0x80, 0x00, 
		0x00, 0x00, 0x00, 0x00, 0x80, 0x00, 0x00, 0x80, 0x00, 0x00, 0x80, 0x00, 0x00, 0x80, 0x00, 0x00, 
		0x80, 0x00, 0x00, 0x80, 0x00, 0x00, 0x80, 0x00, 0x00, 0x80, 0x00, 0x00, 0x80, 0x00, 0x00, 0x80, 
		0x00, 0x00, 0x80, 0x00, 0x00, 0x80, 0x00, 0x00, 0x80, 0x00, 0x00, 0x80, 0x00, 0x00, 0x80, 0x00, 
		0x00, 0x80, 0x00, 0x00, 0x80, 0x00, 0x00, 0x80, 0x00, 0x00, 0x80, 0x00, 0x00, 0x80, 0x00, 0x00, 
		0x80, 0x00, 0x00, 0x80, 0x00, 0x00, 0x80, 0x00, 0x00, 0x00, 0x00, 0x00, 0x00, 0x80, 0x00, 0x80, 
		0x80, 0x00, 0x80, 0x80, 0x80, 0x80, 0x00, 0x00, 0x00, 0x80, 0x00, 0x80, 0x00, 0x00, 0x00, 0x00, 
		0x00, 0x80, 0x00, 0x00, 0x80, 0x00, 0x00, 0x80, 0x00, 0x00, 0x80, 0x00, 0x00, 0x80, 0x00, 0x00, 
		0x80, 0x00, 0x00, 0x80, 0x00, 0x00, 0x80, 0x00, 0x00, 0x80, 0x00, 0x00, 0x80, 0x00, 0x00, 0x80, 
		0x00, 0x00, 0x80, 0x00, 0x00, 0x80, 0x00, 0x00, 0x80, 0x00, 0x00, 0x80, 0x00, 0x00, 0x80, 0x00, 
		0x00, 0x80, 0x00, 0x00, 0x80, 0x00, 0x00, 0x80, 0x00, 0x00, 0x80, 0x00, 0x00, 0x80, 0x00, 0x00, 
		0x80, 0x00, 0x00, 0x80, 0x00, 0x00, 0x80, 0x00, 0x00, 0x80, 0x00, 0x00, 0x80, 0x00, 0x00, 0x00, 
		0x00, 0x00, 0x00, 0x80, 0x00, 0x80, 0x80, 0x00, 0x80, 0x00, 0x00, 0x00, 0x00, 0x00, 0x80, 0x00, 
		0x00, 0x80, 0x00, 0x00, 0x80, 0x00, 0x00, 0x80, 0x00, 0x00, 0x80, 0x00, 0x00, 0x80, 0x00, 0x00, 
		0x80, 0x00, 0x00, 0x80, 0x00, 0x00, 0x80, 0x00, 0x00, 0x80, 0x00, 0x00, 0x80, 0x00, 0x00, 0x80, 
		0x00, 0x00, 0x80, 0x00, 0x00, 0x80, 0x00, 0x00, 0x80, 0x00, 0x00, 0x80, 0x00, 0x00, 0x80, 0x00, 
		0x00, 0x80, 0x00, 0x00, 0x80, 0x00, 0x00, 0x80, 0x00, 0x00, 0x80, 0x00, 0x00, 0x80, 0x00, 0x00, 
		0x80, 0x00, 0x00, 0x80, 0x00, 0x00, 0x80, 0x00, 0x00, 0x80, 0x00, 0x00, 0x80, 0x00, 0x00, 0x80, 
		0x00, 0x00, 0x80, 0x00, 0x00, 0x00, 0x00, 0x00, 0x00, 0x00, 0x00, 0x80, 0x00, 0x00, 0x80, 0x00, 
		0x00, 0x80, 0x00, 0x00, 0x80, 0x00, 0x00, 0x80, 0x00, 0x00, 0x80, 0x00, 0x00, 0x80, 0x00, 0x00, 
		0x80, 0x00, 0x00, 0x80, 0x00, 0x00, 0x80, 0x00, 0x00, 0x80, 0x00, 0x00, 0x80, 0x00, 0x00, 0x80, 
		0x00, 0x00, 0x80, 0x00, 0x00, 0x80, 0x00, 0x00, 0x80, 0x00, 0x00, 0x80, 0x00, 0x00, 0x80, 0x00, 
		0x00, 0x80, 0x00, 0x00, 0x80, 0x00, 0x00, 0x80, 0x00, 0x00, 0x80, 0x00, 0x00, 0x80, 0x00, 0x00, 
		0x80, 0x00, 0x00, 0x80, 0x00, 0x00, 0x80, 0x00, 0x00, 0x80, 0x00, 0x00, 0x80, 0x00, 0x00, 0x80, 
		0x00, 0x00, 0x80, 0x00, 0x00, 0x80, 0x00, 0x00, 0x80, 0x00, 0x00, 0x80, 0x00, 0x00, 0x80, 0x00, 
		0x00, 0x80, 0x00, 0x00, 0x80, 0x00, 0x00, 0x80, 0x00, 0x00, 0x80, 0x00, 0x00, 0x80, 0x00, 0x00, 
		0x80, 0x00, 0x00, 0x80, 0x00, 0x00, 0x80, 0x00, 0x00, 0x80, 0x00, 0x00, 0x80, 0x00, 0x00, 0x80
	},
	.mask = {
		true , true , true , true , true , true , true , true , true , true , true , true , true , true , true , false, 
		false, false, true , true , true , true , true , true , true , true , true , true , true , true , true , true , 
		true , true , true , true , true , true , true , true , true , true , true , true , true , true , false, false, 
		false, false, false, false, true , true , true , true , true , true , true , true , true , true , true , true , 
		true , true , true , true , true , true , true , true , true , true , true , true , true , false, false, false, 
		false, false, false, false, false, false, true , true , true , true , true , true , true , true , true , true , 
		true , true , true , true , true , true , true , true , true , true , true , true , false, false, false, false, 
		false, false, false, false, false, false, false, false, true , true , true , true , true , true , true , true , 
		true , true , true , true , true , true , true , true , true , true , true , false, false, false, false, false, 
		false, false, false, false, false, false, false, false, false, false, true , true , true , true , true , true , 
		true , true , true , true , true , true , true , true , true , true , false, false, false, false, false, false, 
		false, false, false, false, false, false, false, false, false, false, false, false, true , true , true , true , 
		true , true , true , true , true , true , true , true , true , false, false, false, false, false, false, false, 
		false, false, false, false, false, false, false, false, false, false, false, false, false, false, true , true , 
		true , true , true , true , true , true , true , true , false, false, false, false, false, false, false, false, 
		false, false, false, false, false, false, false, false, false, false, false, false, false, false, false, false, 
		true , true , true , true , true , true , true , false, false, false, false, false, false, false, false, false, 
		false, false, false, false, false, false, false, false, false, false, false, false, false, false, false, false, 
		true , true , true , true , true , true , false, false, false, false, false, false, false, false, false, false, 
		false, false, false, false, false, false, false, false, false, false, false, false, false, false, false, true , 
		true , true , true , true , true , false, false, false, false, false, false, false, false, false, false, false, 
		false, false, false, false, false, false, false, false, false, false, false, false, false, false, false, true , 
		true , true , true , true , false, false, false, false, false, false, false, false, false, false, false, false, 
		false, false, false, false, false, false, false, false, false, false, false, false, false, false, false, true , 
		true , true , true , false, false, false, false, false, false, false, false, false, false, false, false, false, 
		false, false, false, false, false, false, false, false, false, false, false, false, false, false, false, true , 
		true , true , false, false, false, false, false, false, false, false, false, false, false, false, false, false, 
		false, false, false, false, false, false, false, false, false, false, false, false, false, false, false, true , 
		true , false, false, false, false, false, false, false, false, false, false, false, false, false, false, false, 
		false, false, false, false, false, false, false, false, false, false, false, false, false, false, false, true , 
		false, false, false, false, false, false, false, false, false, false, false, false, false, false, false, false, 
		false, false, false, false, false, false, false, false, false, false, false, false, false, false, false, true , 
		false, false, false, false, false, false, false, false, false, false, false, false, false, false, false, false, 
		false, false, false, false, false, false, false, false, false, false, false, false, false, false, false, false, 
		false, false, false, false, false, false, false, false, false, false, false, false, false, false, false, false, 
		false, false, false, false, false, false, false, false, false, false, false, false, false, false, false, false, 
		false, false, false, false, false, false, false, false, false, false, false, false, false, false, false, false, 
		false, false, false, false, false, false, false, false, false, false, false, false, false, false, false, true , 
		false, false, false, false, false, false, false, false, false, false, false, false, false, false, false, false, 
		false, false, false, false, false, false, false, false, false, false, false, false, false, false, true , true , 
		false, false, false, false, false, false, false, false, false, false, false, false, false, false, false, false, 
		false, false, false, false, false, false, false, false, false, false, false, false, false, true , true , true , 
		false, false, false, false, false, false, false, false, false, false, false, false, false, false, false, false, 
		false, false, false, false, false, false, false, false, false, false, false, false, true , true , true , true , 
		true , false, false, false, false, false, false, false, false, false, false, false, false, false, false, false, 
		false, false, false, false, false, false, false, false, false, false, false, true , true , true , true , true , 
		true , true , true , false, false, false, false, false, false, false, false, false, false, false, false, false, 
		false, false, false, false, false, false, false, false, false, false, true , true , true , true , true , true , 
		true , true , true , true , true , false, false, false, false, false, false, false, false, false, false, false, 
		false, false, false, false, false, false, false, false, false, true , true , true , true , true , true , true , 
		true , true , true , true , true , true , true , false, false, false, false, false, false, false, false, false, 
		false, false, false, false, false, false, false, false, true , true , true , true , true , true , true , true , 
		true , true , true , true , true , true , true , true , true , false, false, false, false, false, false, false, 
		false, false, false, false, false, false, false, true , true , true , true , true , true , true , true , true , 
		true , true , true , true , true , true , true , true , true , true , true , false, false, false, false, false, 
		false, false, false, false, false, false, true , true , true , true , true , true , true , true , true , true , 
		true , true , true , true , true , true , true , true , true , true , true , true , true , false, false, false, 
		false, false, false, false, false, true , true , true , true , true , true , true , true , true , true , true , 
		true , true , true , true , true , true , true , true , true , true , true , true , true , true , true , false, 
		false, false, false, false, true , true , true , true , true , true , true , true , true , true , true , true , 
		true , true , true , true , true , true , true , true , true , true , true , true , true , true , true , true , 
		true , false, false, true , true , true , true , true , true , true , true , true , true , true , true , true , 
		true , true , true , true , true , true , true , true , true , true , true , true , true , true , true , true , 
		true , true , true , true , true , true , true , true , true , true , true , true , true , true , true , true
	}
};

const pwder_style::icon32 drum PROGMEM = {
	.bitmap = {
		0x00, 0x00, 0x80, 0x00, 0x00, 0x80, 0x00, 0x00, 0x80, 0x00, 0x00, 0x80, 0x00, 0x00, 0x80, 0x00, 
		0x00, 0x80, 0x00, 0x00, 0x80, 0x00, 0x00, 0x80, 0x00, 0x00, 0x80, 0x00, 0x00, 0x80, 0x00, 0x00, 
		0x80, 0x00, 0x00, 0x80, 0x00, 0x00, 0x80, 0x00, 0x00, 0x80, 0x00, 0x00, 0x80, 0x00, 0x00, 0x80, 
		0x00, 0x00, 0x80, 0x00, 0x00, 0x80, 0x00, 0x00, 0x80, 0x00, 0x00, 0x80, 0x00, 0x00, 0x80, 0x00, 
		0x00, 0x80, 0x00, 0x00, 0x80, 0x00, 0x00, 0x80, 0x00, 0x00, 0x80, 0x00, 0x00, 0x80, 0x00, 0x00, 
		0x80, 0x00, 0x00, 0x80, 0x00, 0x00, 0x80, 0x00, 0x00, 0x80, 0x00, 0x00, 0x80, 0x00, 0x00, 0x80, 
		0x00, 0x00, 0x80, 0x00, 0x00, 0x80, 0x00, 0x00, 0x80, 0x00, 0x00, 0x80, 0x00, 0x00, 0x80, 0x00, 
		0x00, 0x80, 0x00, 0x00, 0x80, 0x00, 0x00, 0x80, 0x00, 0x00, 0x80, 0x00, 0x00, 0x80, 0x00, 0x00, 
		0x80, 0x00, 0x00, 0x80, 0x00, 0x00, 0x80, 0x00, 0x00, 0x80, 0x00, 0x00, 0x80, 0x00, 0x00, 0x80, 
		0x00, 0x00, 0x80, 0x00, 0x00, 0x80, 0x00, 0x00, 0x80, 0x00, 0x00, 0x80, 0x00, 0x00, 0x80, 0x00, 
		0x00, 0x80, 0x00, 0x00, 0x80, 0x00, 0x00, 0x80, 0x00, 0x00, 0x80, 0x00, 0x00, 0x80, 0x00, 0x00, 
		0x80, 0x00, 0x00, 0x80, 0x00, 0x00, 0x80, 0x00, 0x00, 0x80, 0x00, 0x00, 0x80, 0x00, 0x00, 0x80, 
		0x00, 0x00, 0x80, 0x00, 0x00, 0x80, 0x00, 0x00, 0x80, 0x00, 0x00, 0x80, 0x00, 0x00, 0x80, 0x00, 
		0x00, 0x80, 0x00, 0x00, 0x80, 0x00, 0x00, 0x80, 0x00, 0x00, 0x80, 0x00, 0x00, 0x80, 0x00, 0x00, 
		0x80, 0x00, 0x00, 0x80, 0x00, 0x00, 0x80, 0x00, 0x00, 0x80, 0x00, 0x00, 0x80, 0x00, 0x00, 0x80, 
		0x00, 0x00, 0x80, 0x00, 0x00, 0x80, 0x00, 0x00, 0x80, 0x00, 0x00, 0x80, 0x00, 0x00, 0x80, 0x00, 
		0x00, 0x80, 0x00, 0x00, 0x80, 0x00, 0x00, 0x80, 0x00, 0x00, 0x80, 0x00, 0x00, 0x80, 0x00, 0x00, 
		0x80, 0x00, 0x00, 0x80, 0x00, 0x00, 0x80, 0x00, 0x00, 0x80, 0x00, 0x00, 0x80, 0x00, 0x00, 0x80, 
		0x00, 0x00, 0x80, 0x00, 0x00, 0x80, 0x00, 0x00, 0x80, 0x00, 0x00, 0x80, 0x00, 0x00, 0x80, 0x00, 
		0x00, 0x80, 0x00, 0x00, 0x80, 0x00, 0x00, 0x80, 0x00, 0x00, 0x80, 0x00, 0x00, 0x80, 0x00, 0x00, 
		0x80, 0x00, 0x00, 0x80, 0x00, 0x00, 0x80, 0x00, 0x00, 0x80, 0x00, 0x00, 0x80, 0x00, 0x00, 0x80, 
		0x00, 0x00, 0x80, 0x00, 0x00, 0x80, 0x00, 0x00, 0x80, 0x00, 0x00, 0x80, 0x00, 0x00, 0x80, 0x00, 
		0x00, 0x80, 0x00, 0x00, 0x80, 0x00, 0x00, 0x80, 0x00, 0x00, 0x80, 0x00, 0x00, 0x80, 0x00, 0x00, 
		0x80, 0x00, 0x00, 0x80, 0x00, 0x00, 0x80, 0x00, 0x00, 0x80, 0x00, 0x00, 0x80, 0x00, 0x00, 0x80, 
		0x00, 0x00, 0x80, 0x00, 0x00, 0x80, 0x00, 0x00, 0x80, 0x00, 0x00, 0x80, 0x00, 0x00, 0x80, 0x00, 
		0x00, 0x80, 0x00, 0x00, 0x80, 0x00, 0x00, 0x80, 0x00, 0x00, 0x80, 0x00, 0x00, 0x80, 0x00, 0x00, 
		0x80, 0x00, 0x00, 0x80, 0x00, 0x00, 0x80, 0x00, 0x00, 0x80, 0x00, 0x00, 0x80, 0x00, 0x00, 0x80, 
		0x00, 0x00, 0x80, 0x00, 0x00, 0x80, 0x00, 0x00, 0x80, 0x00, 0x00, 0x80, 0x00, 0x00, 0x80, 0x00, 
		0x00, 0x80, 0x00, 0x00, 0x80, 0x00, 0x00, 0x80, 0x00, 0x00, 0x80, 0x00, 0x00, 0x80, 0x00, 0x00, 
		0x80, 0x00, 0x00, 0x80, 0x00, 0x00, 0x80, 0x00, 0x00, 0x80, 0x00, 0x00, 0x80, 0x00, 0x00, 0x80, 
		0x00, 0x00, 0x80, 0x00, 0x00, 0x80, 0x00, 0x00, 0x80, 0x00, 0x00, 0x80, 0x00, 0x00, 0x80, 0x00, 
		0x00, 0x80, 0x00, 0x00, 0x80, 0x00, 0x00, 0x80, 0x00, 0x00, 0x80, 0x00, 0x00, 0x80, 0x00, 0x00, 
		0x80, 0x00, 0x00, 0x80, 0x00, 0x00, 0x80, 0x00, 0x00, 0x80, 0x00, 0x00, 0x80, 0x00, 0x00, 0x80, 
		0x00, 0x00, 0x80, 0x00, 0x00, 0x80, 0x00, 0x00, 0x80, 0x00, 0x00, 0x80, 0x00, 0x00, 0x80, 0x00, 
		0x00, 0x80, 0x00, 0x00, 0x80, 0x00, 0x00, 0x80, 0x00, 0x00, 0x80, 0x00, 0x00, 0x80, 0x00, 0x00, 
		0x80, 0x00, 0x00, 0x80, 0x00, 0x00, 0x80, 0x00, 0x00, 0x80, 0x00, 0x00, 0x80, 0x00, 0x00, 0x80, 
		0x00, 0x00, 0x80, 0x00, 0x00, 0x80, 0x00, 0x00, 0x80, 0x00, 0x00, 0x80, 0x00, 0x00, 0x80, 0x00, 
		0x00, 0x80, 0x00, 0x00, 0x80, 0x00, 0x00, 0x80, 0x00, 0x00, 0x80, 0x00, 0x00, 0x80, 0x00, 0x00, 
		0x80, 0x00, 0x00, 0x80, 0x00, 0x00, 0x80, 0x00, 0x00, 0x80, 0x00, 0x00, 0x80, 0x00, 0x00, 0x80, 
		0x00, 0x00, 0x80, 0x00, 0x00, 0x80, 0x00, 0x00, 0x80, 0x00, 0x00, 0x80, 0x00, 0x00, 0x80, 0x00, 
		0x00, 0x80, 0x00, 0x00, 0x80, 0x00, 0x00, 0x80, 0x00, 0x00, 0x80, 0x00, 0x00, 0x80, 0x00, 0x00, 
		0x80, 0x00, 0x00, 0x80, 0x00, 0x00, 0x80, 0x00, 0x00, 0x80, 0x00, 0x00, 0x80, 0x00, 0x00, 0x80, 
		0x00, 0x00, 0x80, 0x00, 0x00, 0x80, 0x84, 0x84, 0x00, 0x84, 0x84, 0x00, 0x84, 0x84, 0x00, 0x84, 
		0x84, 0x00, 0x00, 0x00, 0x80, 0x00, 0x00, 0x80, 0x00, 0x00, 0x80, 0x00, 0x00, 0x80, 0x00, 0x00, 
		0x80, 0x00, 0x00, 0x80, 0x00, 0x00, 0x80, 0x00, 0x00, 0x80, 0x00, 0x00, 0x80, 0x00, 0x00, 0x80, 
		0x00, 0x00, 0x80, 0x00, 0x00, 0x80, 0x00, 0x00, 0x80, 0x00, 0x00, 0x80, 0x00, 0x00, 0x80, 0x00, 
		0x00, 0x80, 0x00, 0x00, 0x80, 0x00, 0x00, 0x80, 0x00, 0x00, 0x80, 0x00, 0x00, 0x80, 0x00, 0x00, 
		0x80, 0x00, 0x00, 0x80, 0x00, 0x00, 0x80, 0x00, 0x00, 0x80, 0x00, 0x00, 0x80, 0x00, 0x00, 0x80, 
		0x00, 0x00, 0x80, 0x00, 0x00, 0x80, 0x84, 0x84, 0x00, 0xFF, 0xFF, 0x00, 0xFF, 0xFF, 0x00, 0xFF, 
		0xFF, 0x00, 0x84, 0x84, 0x00, 0x84, 0x84, 0x00, 0x84, 0x84, 0x00, 0x00, 0x00, 0x80, 0x00, 0x00, 
		0x80, 0x00, 0x00, 0x80, 0x00, 0x00, 0x80, 0x00, 0x00, 0x80, 0x00, 0x00, 0x80, 0x00, 0x00, 0x80, 
		0x00, 0x00, 0x80, 0x00, 0x00, 0x80, 0x00, 0x00, 0x80, 0x00, 0x00, 0x80, 0x00, 0x00, 0x80, 0x00, 
		0x00, 0x80, 0x00, 0x00, 0x80, 0x00, 0x00, 0x80, 0x00, 0x00, 0x80, 0x00, 0x00, 0x80, 0x84, 0x84, 
		0x00, 0x84, 0x84, 0x00, 0x84, 0x84, 0x00, 0x00, 0x00, 0x80, 0x00, 0x00, 0x80, 0x00, 0x00, 0x80, 
		0x00, 0x00, 0x80, 0x00, 0x00, 0x80, 0x00, 0x00, 0x80, 0x00, 0x00, 0x00, 0x00, 0x00, 0x00, 0x84, 
		0x84, 0x00, 0xFF, 0xFF, 0x00, 0xFF, 0xFF, 0x00, 0xFF, 0xFF, 0x00, 0x84, 0x84, 0x00, 0x84, 0x84, 
		0x00, 0x84, 0x84, 0x00, 0x84, 0x84, 0x84, 0x84, 0x84, 0x84, 0x84, 0x84, 0x84, 0x84, 0x84, 0x84, 
		0x84, 0x84, 0x84, 0x84, 0x84, 0x84, 0x84, 0x84, 0x84, 0x84, 0x84, 0x84, 0x84, 0x84, 0x84, 0x00, 
		0x00, 0x80, 0x00, 0x00, 0x80, 0x00, 0x00, 0x80, 0x84, 0x84, 0x00, 0x84, 0x84, 0x00, 0xFF, 0xFF, 
		0x00, 0xFF, 0xFF, 0x00, 0x00, 0x00, 0x00, 0x00, 0x00, 0x80, 0x00, 0x00, 0x80, 0x00, 0x00, 0x80, 
		0x00, 0x00, 0x80, 0x00, 0x00, 0x80, 0x00, 0x00, 0x80, 0x00, 0x00, 0x80, 0x00, 0x00, 0x80, 0x00, 
		0x00, 0x80, 0x00, 0x00, 0x00, 0x00, 0x00, 0x00, 0x84, 0x84, 0x00, 0xFF, 0xFF, 0x00, 0xFF, 0xFF, 
		0x00, 0xFF, 0xFF, 0x00, 0x84, 0x84, 0x00, 0x84, 0x84, 0x00, 0x84, 0x84, 0x00, 0xFF, 0xFF, 0xFF, 
		0xFF, 0xFF, 0xFF, 0xFF, 0xFF, 0xFF, 0xFF, 0xFF, 0xFF, 0xFF, 0xFF, 0xFF, 0xFF, 0xFF, 0xFF, 0x84, 
		0x84, 0x84, 0x84, 0x84, 0x00, 0x84, 0x84, 0x00, 0xFF, 0xFF, 0x00, 0xFF, 0xFF, 0x00, 0x84, 0x84, 
		0x00, 0x00, 0x00, 0x00, 0x00, 0x00, 0x80, 0x00, 0x00, 0x80, 0x00, 0x00, 0x80, 0x00, 0x00, 0x80, 
		0x00, 0x00, 0x80, 0x00, 0x00, 0x80, 0x00, 0x00, 0x80, 0x00, 0x00, 0x80, 0x00, 0x00, 0x80, 0x00, 
		0x00, 0x80, 0x00, 0x00, 0x80, 0x00, 0x00, 0x80, 0x84, 0x84, 0x84, 0x00, 0x00, 0x00, 0x00, 0x00, 
		0x00, 0x84, 0x84, 0x00, 0xFF, 0xFF, 0x00, 0xFF, 0xFF, 0x00, 0xFF, 0xFF, 0x00, 0x84, 0x84, 0x00, 
		0x84, 0x84, 0x84, 0x84, 0x84, 0x84, 0x84, 0x84, 0x84, 0x84, 0x84, 0x84, 0x84, 0x84, 0x00, 0x84, 
		0x84, 0x00, 0xFF, 0xFF, 0x00, 0xFF, 0xFF, 0x00, 0x84, 0x84, 0x00, 0x00, 0x00, 0x00, 0x00, 0x00, 
		0x80, 0x00, 0x00, 0x80, 0x00, 0x00, 0x80, 0x00, 0x00, 0x80, 0x00, 0x00, 0x80, 0x00, 0x00, 0x80, 
		0x00, 0x00, 0x80, 0x00, 0x00, 0x80, 0x00, 0x00, 0x80, 0x00, 0x00, 0x80, 0x00, 0x00, 0x80, 0x00, 
		0x00, 0x80, 0x00, 0x00, 0x80, 0x84, 0x84, 0x84, 0xFF, 0xFF, 0xFF, 0x00, 0x00, 0x00, 0x84, 0x84, 
		0x84, 0xC6, 0xC6, 0xC6, 0x00, 0x00, 0x00, 0x00, 0x00, 0x00, 0x00, 0x00, 0x00, 0x84, 0x84, 0x00, 
		0xC6, 0xC6, 0xC6, 0xC6, 0xC6, 0xC6, 0x84, 0x84, 0x00, 0x84, 0x84, 0x00, 0xFF, 0xFF, 0x00, 0xFF, 
		0xFF, 0x00, 0x84, 0x84, 0x00, 0x00, 0x00, 0x00, 0x00, 0x00, 0x00, 0x00, 0x00, 0x80, 0x00, 0x00, 
		0x80, 0x00, 0x00, 0x80, 0x00, 0x00, 0x80, 0x00, 0x00, 0x80, 0x00, 0x00, 0x80, 0x00, 0x00, 0x80, 
		0x00, 0x00, 0x80, 0x00, 0x00, 0x80, 0x00, 0x00, 0x80, 0x00, 0x00, 0x80, 0x00, 0x00, 0x80, 0x00, 
		0x00, 0x80, 0x00, 0x00, 0x80, 0x84, 0x84, 0x84, 0x84, 0x84, 0x84, 0x00, 0x00, 0x00, 0xC6, 0xC6, 
		0xC6, 0xC6, 0xC6, 0xC6, 0xC6, 0xC6, 0xC6, 0xC6, 0xC6, 0xC6, 0xC6, 0xC6, 0xC6, 0xC6, 0xC6, 0xC6, 
		0xC6, 0xC6, 0xC6, 0x84, 0x84, 0x00, 0xFF, 0xFF, 0x00, 0xFF, 0xFF, 0x00, 0x84, 0x84, 0x00, 0x00, 
		0x00, 0x00, 0x84, 0x84, 0x84, 0x84, 0x84, 0x84, 0x00, 0x00, 0x00, 0x00, 0x00, 0x80, 0x00, 0x00, 
		0x80, 0x00, 0x00, 0x80, 0x00, 0x00, 0x80, 0x00, 0x00, 0x80, 0x00, 0x00, 0x80, 0x00, 0x00, 0x80, 
		0x00, 0x00, 0x80, 0x00, 0x00, 0x80, 0x00, 0x00, 0x80, 0x00, 0x00, 0x80, 0x00, 0x00, 0x80, 0x00, 
		0x00, 0x80, 0x00, 0x00, 0x80, 0x84, 0x84, 0x84, 0xFF, 0xFF, 0xFF, 0x84, 0x84, 0x84, 0x84, 0x84, 
		0x84, 0xC6, 0xC6, 0xC6, 0xC6, 0xC6, 0xC6, 0xC6, 0xC6, 0xC6, 0xC6, 0xC6, 0xC6, 0xC6, 0xC6, 0xC6, 
		0xC6, 0xC6, 0xC6, 0x84, 0x84, 0x00, 0x00, 0x00, 0x00, 0x00, 0x00, 0x00, 0xC6, 0xC6, 0xC6, 0x84, 
		0x84, 0x84, 0x84, 0x84, 0x84, 0xFF, 0xFF, 0xFF, 0x00, 0x00, 0x00, 0x00, 0x00, 0x80, 0x00, 0x00, 
		0x80, 0x00, 0x00, 0x80, 0x00, 0x00, 0x80, 0x00, 0x00, 0x80, 0x00, 0x00, 0x80, 0x00, 0x00, 0x80, 
		0x00, 0x00, 0x80, 0x00, 0x00, 0x80, 0x00, 0x00, 0x80, 0x00, 0x00, 0x80, 0x00, 0x00, 0x80, 0x00, 
		0x00, 0x80, 0x00, 0x00, 0x80, 0x84, 0x84, 0x84, 0xC6, 0xC6, 0xC6, 0xFF, 0xFF, 0xFF, 0xFF, 0xFF, 
		0xFF, 0x84, 0x84, 0x84, 0x84, 0x84, 0x84, 0x84, 0x84, 0x84, 0x84, 0x84, 0x84, 0x84, 0x84, 0x84, 
		0x84, 0x84, 0x84, 0x84, 0x84, 0x84, 0x84, 0x84, 0x84, 0x84, 0x84, 0x84, 0x84, 0x84, 0x84, 0xFF, 
		0xFF, 0xFF, 0xFF, 0xFF, 0xFF, 0x84, 0x84, 0x84, 0x00, 0x00, 0x00, 0x00, 0x00, 0x80, 0x00, 0x00, 
		0x80, 0x00, 0x00, 0x80, 0x00, 0x00, 0x80, 0x00, 0x00, 0x80, 0x00, 0x00, 0x80, 0x00, 0x00, 0x80, 
		0x00, 0x00, 0x80, 0x00, 0x00, 0x80, 0x00, 0x00, 0x80, 0x00, 0x00, 0x80, 0x00, 0x00, 0x80, 0x00, 
		0x00, 0x80, 0x00, 0x00, 0x80, 0x84, 0x00, 0x00, 0x84, 0x00, 0x00, 0xC6, 0xC6, 0xC6, 0xC6, 0xC6, 
		0xC6, 0xFF, 0xFF, 0xFF, 0xFF, 0xFF, 0xFF, 0xFF, 0xFF, 0xFF, 0xFF, 0xFF, 0xFF, 0xFF, 0xFF, 0xFF, 
		0xFF, 0xFF, 0xFF, 0xFF, 0xFF, 0xFF, 0xFF, 0xFF, 0xFF, 0xFF, 0xFF, 0xFF, 0xFF, 0xFF, 0xFF, 0x84, 
		0x84, 0x84, 0x84, 0x84, 0x84, 0x00, 0x00, 0x00, 0x00, 0x00, 0x00, 0x00, 0x00, 0x80, 0x00, 0x00, 
		0x80, 0x00, 0x00, 0x80, 0x00, 0x00, 0x80, 0x00, 0x00, 0x80, 0x00, 0x00, 0x80, 0x00, 0x00, 0x80, 
		0x00, 0x00, 0x80, 0x00, 0x00, 0x80, 0x00, 0x00, 0x80, 0x00, 0x00, 0x80, 0x00, 0x00, 0x80, 0x00, 
		0x00, 0x80, 0x00, 0x00, 0x80, 0x84, 0x00, 0x00, 0xFF, 0x00, 0x00, 0x84, 0x00, 0x00, 0x84, 0x00, 
		0x00, 0xC6, 0xC6, 0xC6, 0xC6, 0xC6, 0xC6, 0xC6, 0xC6, 0xC6, 0xC6, 0xC6, 0xC6, 0xC6, 0xC6, 0xC6, 
		0xC6, 0xC6, 0xC6, 0xC6, 0xC6, 0xC6, 0xC6, 0xC6, 0xC6, 0x84, 0x84, 0x84, 0x84, 0x84, 0x84, 0x00, 
		0x00, 0x00, 0x00, 0x00, 0x00, 0x84, 0x00, 0x00, 0x00, 0x00, 0x00, 0x00, 0x00, 0x80, 0x00, 0x00, 
		0x80, 0x00, 0x00, 0x80, 0x00, 0x00, 0x80, 0x00, 0x00, 0x80, 0x00, 0x00, 0x80, 0x00, 0x00, 0x80, 
		0x00, 0x00, 0x80, 0x00, 0x00, 0x80, 0x00, 0x00, 0x80, 0x00, 0x00, 0x80, 0x00, 0x00, 0x80, 0x00, 
		0x00, 0x80, 0x00, 0x00, 0x80, 0x84, 0x00, 0x00, 0xFF, 0x00, 0x00, 0xFF, 0x00, 0x00, 0xFF, 0x00, 
		0x00, 0x84, 0x00, 0x00, 0x84, 0x00, 0x00, 0x84, 0x00, 0x00, 0x84, 0x00, 0x00, 0x84, 0x00, 0x00, 
		0x84, 0x00, 0x00, 0x84, 0x00, 0x00, 0x00, 0x00, 0x00, 0x00, 0x00, 0x00, 0x00, 0x00, 0x00, 0x84, 
		0x00, 0x00, 0x84, 0x00, 0x00, 0x84, 0x00, 0x00, 0x00, 0x00, 0x00, 0x00, 0x00, 0x80, 0x00, 0x00, 
		0x80, 0x00, 0x00, 0x80, 0x00, 0x00, 0x80, 0x00, 0x00, 0x80, 0x00, 0x00, 0x80, 0x00, 0x00, 0x80, 
		0x00, 0x00, 0x80, 0x00, 0x00, 0x80, 0x00, 0x00, 0x80, 0x00, 0x00, 0x80, 0x00, 0x00, 0x80, 0x00, 
		0x00, 0x80, 0x00, 0x00, 0x80, 0x84, 0x00, 0x00, 0xFF, 0x00, 0x00, 0xFF, 0x00, 0x00, 0xFF, 0x00, 
		0x00, 0xFF, 0x00, 0x00, 0xFF, 0x00, 0x00, 0xFF, 0x00, 0x00, 0xFF, 0x00, 0x00, 0xFF, 0x00, 0x00, 
		0xFF, 0x00, 0x00, 0xFF, 0x00, 0x00, 0x84, 0x00, 0x00, 0x84, 0x00, 0x00, 0x84, 0x00, 0x00, 0x84, 
		0x00, 0x00, 0x84, 0x00, 0x00, 0x84, 0x00, 0x00, 0x00, 0x00, 0x00, 0x00, 0x00, 0x80, 0x00, 0x00, 
		0x80, 0x00, 0x00, 0x80, 0x00, 0x00, 0x80, 0x00, 0x00, 0x80, 0x00, 0x00, 0x80, 0x00, 0x00, 0x80, 
		0x00, 0x00, 0x80, 0x00, 0x00, 0x80, 0x00, 0x00, 0x80, 0x00, 0x00, 0x80, 0x00, 0x00, 0x80, 0x00, 
		0x00, 0x80, 0x00, 0x00, 0x80, 0x84, 0x00, 0x00, 0xFF, 0x00, 0x00, 0xFF, 0x00, 0x00, 0xFF, 0x00, 
		0x00, 0xFF, 0x00, 0x00, 0xFF, 0x00, 0x00, 0xFF, 0x00, 0x00, 0xFF, 0x00, 0x00, 0xFF, 0x00, 0x00, 
		0xFF, 0x00, 0x00, 0xFF, 0x00, 0x00, 0x84, 0x00, 0x00, 0x84, 0x00, 0x00, 0x84, 0x00, 0x00, 0x84, 
		0x00, 0x00, 0x84, 0x00, 0x00, 0x84, 0x00, 0x00, 0x00, 0x00, 0x00, 0x00, 0x00, 0x80, 0x00, 0x00, 
		0x80, 0x00, 0x00, 0x80, 0x00, 0x00, 0x80, 0x00, 0x00, 0x80, 0x00, 0x00, 0x80, 0x00, 0x00, 0x80, 
		0x00, 0x00, 0x80, 0x00, 0x00, 0x80, 0x00, 0x00, 0x80, 0x00, 0x00, 0x80, 0x00, 0x00, 0x80, 0x00, 
		0x00, 0x80, 0x00, 0x00, 0x80, 0x00, 0x00, 0x00, 0xFF, 0xFF, 0xFF, 0xFF, 0x00, 0x00, 0xFF, 0x00, 
		0x00, 0xFF, 0x00, 0x00, 0xFF, 0x00, 0x00, 0xFF, 0x00, 0x00, 0xFF, 0x00, 0x00, 0xFF, 0x00, 0x00, 
		0xFF, 0x00, 0x00, 0xFF, 0x00, 0x00, 0x84, 0x00, 0x00, 0x84, 0x00, 0x00, 0x84, 0x00, 0x00, 0x84, 
		0x00, 0x00, 0x84, 0x00, 0x00, 0xC6, 0xC6, 0xC6, 0x00, 0x00, 0x00, 0x00, 0x00, 0x80, 0x00, 0x00, 
		0x80, 0x00, 0x00, 0x80, 0x00, 0x00, 0x80, 0x00, 0x00, 0x80, 0x00, 0x00, 0x80, 0x00, 0x00, 0x80, 
		0x00, 0x00, 0x80, 0x00, 0x00, 0x80, 0x00, 0x00, 0x80, 0x00, 0x00, 0x80, 0x00, 0x00, 0x80, 0x00, 
		0x00, 0x80, 0x00, 0x00, 0x80, 0x00, 0x00, 0x00, 0xC6, 0xC6, 0xC6, 0xFF, 0xFF, 0xFF, 0xFF, 0xFF, 
		0xFF, 0xFF, 0x00, 0x00, 0xFF, 0x00, 0x00, 0xFF, 0x00, 0x00, 0xFF, 0x00, 0x00, 0xFF, 0x00, 0x00, 
		0xFF, 0x00, 0x00, 0xFF, 0x00, 0x00, 0x84, 0x00, 0x00, 0x84, 0x00, 0x00, 0x84, 0x00, 0x00, 0xC6, 
		0xC6, 0xC6, 0xC6, 0xC6, 0xC6, 0x84, 0x84, 0x84, 0x00, 0x00, 0x00, 0x00, 0x00, 0x80, 0x00, 0x00, 
		0x80, 0x00, 0x00, 0x80, 0x00, 0x00, 0x80, 0x00, 0x00, 0x80, 0x00, 0x00, 0x80, 0x00, 0x00, 0x80, 
		0x00, 0x00, 0x80, 0x00, 0x00, 0x80, 0x00, 0x00, 0x80, 0x00, 0x00, 0x80, 0x00, 0x00, 0x80, 0x00, 
		0x00, 0x80, 0x00, 0x00, 0x80, 0x00, 0x00, 0x80, 0x00, 0x00, 0x00, 0xC6, 0xC6, 0xC6, 0xC6, 0xC6, 
		0xC6, 0xFF, 0xFF, 0xFF, 0xFF, 0xFF, 0xFF, 0xFF, 0xFF, 0xFF, 0xFF, 0xFF, 0xFF, 0xFF, 0xFF, 0xFF, 
		0xFF, 0xFF, 0xFF, 0xFF, 0xFF, 0xFF, 0xFF, 0xFF, 0xFF, 0xC6, 0xC6, 0xC6, 0xC6, 0xC6, 0xC6, 0x84, 
		0x84, 0x84, 0x84, 0x84, 0x84, 0x00, 0x00, 0x00, 0x00, 0x00, 0x80, 0x00, 0x00, 0x80, 0x00, 0x00, 
		0x80, 0x00, 0x00, 0x80, 0x00, 0x00, 0x80, 0x00, 0x00, 0x80, 0x00, 0x00, 0x80, 0x00, 0x00, 0x80, 
		0x00, 0x00, 0x80, 0x00, 0x00, 0x80, 0x00, 0x00, 0x80, 0x00, 0x00, 0x80, 0x00, 0x00, 0x80, 0x00, 
		0x00, 0x80, 0x00, 0x00, 0x80, 0x00, 0x00, 0x80, 0x00, 0x00, 0x80, 0x00, 0x00, 0x00, 0x00, 0x00, 
		0x00, 0xC6, 0xC6, 0xC6, 0xC6, 0xC6, 0xC6, 0xC6, 0xC6, 0xC6, 0xC6, 0xC6, 0xC6, 0xC6, 0xC6, 0xC6, 
		0xC6, 0xC6, 0xC6, 0xC6, 0xC6, 0xC6, 0xC6, 0xC6, 0xC6, 0x84, 0x84, 0x84, 0x84, 0x84, 0x84, 0x00, 
		0x00, 0x00, 0x00, 0x00, 0x00, 0x00, 0x00, 0x80, 0x00, 0x00, 0x80, 0x00, 0x00, 0x80, 0x00, 0x00, 
		0x80, 0x00, 0x00, 0x80, 0x00, 0x00, 0x80, 0x00, 0x00, 0x80, 0x00, 0x00, 0x80, 0x00, 0x00, 0x80, 
		0x00, 0x00, 0x80, 0x00, 0x00, 0x80, 0x00, 0x00, 0x80, 0x00, 0x00, 0x80, 0x00, 0x00, 0x80, 0x00, 
		0x00, 0x80, 0x00, 0x00, 0x80, 0x00, 0x00, 0x80, 0x00, 0x00, 0x80, 0x00, 0x00, 0x80, 0x00, 0x00, 
		0x80, 0x00, 0x00, 0x00, 0x00, 0x00, 0x00, 0x00, 0x00, 0x00, 0x00, 0x00, 0x00, 0x00, 0x00, 0x00, 
		0x00, 0x00, 0x00, 0x00, 0x00, 0x00, 0x00, 0x00, 0x00, 0x00, 0x00, 0x00, 0x00, 0x00, 0x00, 0x00, 
		0x00, 0x80, 0x00, 0x00, 0x80, 0x00, 0x00, 0x80, 0x00, 0x00, 0x80, 0x00, 0x00, 0x80, 0x00, 0x00, 
		0x80, 0x00, 0x00, 0x80, 0x00, 0x00, 0x80, 0x00, 0x00, 0x80, 0x00, 0x00, 0x80, 0x00, 0x00, 0x80, 
		0x00, 0x00, 0x80, 0x00, 0x00, 0x80, 0x00, 0x00, 0x80, 0x00, 0x00, 0x80, 0x00, 0x00, 0x80, 0x00, 
		0x00, 0x80, 0x00, 0x00, 0x80, 0x00, 0x00, 0x80, 0x00, 0x00, 0x80, 0x00, 0x00, 0x80, 0x00, 0x00, 
		0x80, 0x00, 0x00, 0x80, 0x00, 0x00, 0x80, 0x00, 0x00, 0x80, 0x00, 0x00, 0x80, 0x00, 0x00, 0x80, 
		0x00, 0x00, 0x80, 0x00, 0x00, 0x80, 0x00, 0x00, 0x80, 0x00, 0x00, 0x80, 0x00, 0x00, 0x80, 0x00, 
		0x00, 0x80, 0x00, 0x00, 0x80, 0x00, 0x00, 0x80, 0x00, 0x00, 0x80, 0x00, 0x00, 0x80, 0x00, 0x00, 
		0x80, 0x00, 0x00, 0x80, 0x00, 0x00, 0x80, 0x00, 0x00, 0x80, 0x00, 0x00, 0x80, 0x00, 0x00, 0x80, 
		0x00, 0x00, 0x80, 0x00, 0x00, 0x80, 0x00, 0x00, 0x80, 0x00, 0x00, 0x80, 0x00, 0x00, 0x80, 0x00, 
		0x00, 0x80, 0x00, 0x00, 0x80, 0x00, 0x00, 0x80, 0x00, 0x00, 0x80, 0x00, 0x00, 0x80, 0x00, 0x00, 
		0x80, 0x00, 0x00, 0x80, 0x00, 0x00, 0x80, 0x00, 0x00, 0x80, 0x00, 0x00, 0x80, 0x00, 0x00, 0x80, 
		0x00, 0x00, 0x80, 0x00, 0x00, 0x80, 0x00, 0x00, 0x80, 0x00, 0x00, 0x80, 0x00, 0x00, 0x80, 0x00, 
		0x00, 0x80, 0x00, 0x00, 0x80, 0x00, 0x00, 0x80, 0x00, 0x00, 0x80, 0x00, 0x00, 0x80, 0x00, 0x00, 
		0x80, 0x00, 0x00, 0x80, 0x00, 0x00, 0x80, 0x00, 0x00, 0x80, 0x00, 0x00, 0x80, 0x00, 0x00, 0x80, 
		0x00, 0x00, 0x80, 0x00, 0x00, 0x80, 0x00, 0x00, 0x80, 0x00, 0x00, 0x80, 0x00, 0x00, 0x80, 0x00, 
		0x00, 0x80, 0x00, 0x00, 0x80, 0x00, 0x00, 0x80, 0x00, 0x00, 0x80, 0x00, 0x00, 0x80, 0x00, 0x00, 
		0x80, 0x00, 0x00, 0x80, 0x00, 0x00, 0x80, 0x00, 0x00, 0x80, 0x00, 0x00, 0x80, 0x00, 0x00, 0x80, 
		0x00, 0x00, 0x80, 0x00, 0x00, 0x80, 0x00, 0x00, 0x80, 0x00, 0x00, 0x80, 0x00, 0x00, 0x80, 0x00, 
		0x00, 0x80, 0x00, 0x00, 0x80, 0x00, 0x00, 0x80, 0x00, 0x00, 0x80, 0x00, 0x00, 0x80, 0x00, 0x00, 
		0x80, 0x00, 0x00, 0x80, 0x00, 0x00, 0x80, 0x00, 0x00, 0x80, 0x00, 0x00, 0x80, 0x00, 0x00, 0x80, 
		0x00, 0x00, 0x80, 0x00, 0x00, 0x80, 0x00, 0x00, 0x80, 0x00, 0x00, 0x80, 0x00, 0x00, 0x80, 0x00, 
		0x00, 0x80, 0x00, 0x00, 0x80, 0x00, 0x00, 0x80, 0x00, 0x00, 0x80, 0x00, 0x00, 0x80, 0x00, 0x00, 
		0x80, 0x00, 0x00, 0x80, 0x00, 0x00, 0x80, 0x00, 0x00, 0x80, 0x00, 0x00, 0x80, 0x00, 0x00, 0x80, 
		0x00, 0x00, 0x80, 0x00, 0x00, 0x80, 0x00, 0x00, 0x80, 0x00, 0x00, 0x80, 0x00, 0x00, 0x80, 0x00, 
		0x00, 0x80, 0x00, 0x00, 0x80, 0x00, 0x00, 0x80, 0x00, 0x00, 0x80, 0x00, 0x00, 0x80, 0x00, 0x00, 
		0x80, 0x00, 0x00, 0x80, 0x00, 0x00, 0x80, 0x00, 0x00, 0x80, 0x00, 0x00, 0x80, 0x00, 0x00, 0x80, 
		0x00, 0x00, 0x80, 0x00, 0x00, 0x80, 0x00, 0x00, 0x80, 0x00, 0x00, 0x80, 0x00, 0x00, 0x80, 0x00, 
		0x00, 0x80, 0x00, 0x00, 0x80, 0x00, 0x00, 0x80, 0x00, 0x00, 0x80, 0x00, 0x00, 0x80, 0x00, 0x00, 
		0x80, 0x00, 0x00, 0x80, 0x00, 0x00, 0x80, 0x00, 0x00, 0x80, 0x00, 0x00, 0x80, 0x00, 0x00, 0x80, 
		0x00, 0x00, 0x80, 0x00, 0x00, 0x80, 0x00, 0x00, 0x80, 0x00, 0x00, 0x80, 0x00, 0x00, 0x80, 0x00, 
		0x00, 0x80, 0x00, 0x00, 0x80, 0x00, 0x00, 0x80, 0x00, 0x00, 0x80, 0x00, 0x00, 0x80, 0x00, 0x00, 
		0x80, 0x00, 0x00, 0x80, 0x00, 0x00, 0x80, 0x00, 0x00, 0x80, 0x00, 0x00, 0x80, 0x00, 0x00, 0x80, 
		0x00, 0x00, 0x80, 0x00, 0x00, 0x80, 0x00, 0x00, 0x80, 0x00, 0x00, 0x80, 0x00, 0x00, 0x80, 0x00, 
		0x00, 0x80, 0x00, 0x00, 0x80, 0x00, 0x00, 0x80, 0x00, 0x00, 0x80, 0x00, 0x00, 0x80, 0x00, 0x00, 
		0x80, 0x00, 0x00, 0x80, 0x00, 0x00, 0x80, 0x00, 0x00, 0x80, 0x00, 0x00, 0x80, 0x00, 0x00, 0x80, 
		0x00, 0x00, 0x80, 0x00, 0x00, 0x80, 0x00, 0x00, 0x80, 0x00, 0x00, 0x80, 0x00, 0x00, 0x80, 0x00, 
		0x00, 0x80, 0x00, 0x00, 0x80, 0x00, 0x00, 0x80, 0x00, 0x00, 0x80, 0x00, 0x00, 0x80, 0x00, 0x00, 
		0x80, 0x00, 0x00, 0x80, 0x00, 0x00, 0x80, 0x00, 0x00, 0x80, 0x00, 0x00, 0x80, 0x00, 0x00, 0x80
	},
	.mask = {
		true , true , true , true , true , true , true , true , true , true , true , true , true , true , true , true , 
		true , true , true , true , true , true , true , true , true , true , true , true , true , true , true , true , 
		true , true , true , true , true , true , true , true , true , true , true , true , true , true , true , true , 
		true , true , true , true , true , true , true , true , true , true , true , true , true , true , true , true , 
		true , true , true , true , true , true , true , true , true , true , true , true , true , true , true , true , 
		true , true , true , true , true , true , true , true , true , true , true , true , true , true , true , true , 
		true , true , true , true , true , true , true , true , true , true , true , true , true , true , true , true , 
		true , true , true , true , true , true , true , true , true , true , true , true , true , true , true , true , 
		true , true , true , true , true , true , true , true , true , true , true , true , true , true , true , true , 
		true , true , true , true , true , true , true , true , true , true , true , true , true , true , true , true , 
		true , true , true , true , true , true , true , true , true , true , true , true , true , true , true , true , 
		true , true , true , true , true , true , true , true , true , true , true , true , true , true , true , true , 
		true , true , true , true , true , true , true , true , true , true , true , true , true , true , true , true , 
		true , true , true , true , true , true , true , true , true , true , true , true , true , true , true , true , 
		true , true , false, false, false, false, true , true , true , true , true , true , true , true , true , true , 
		true , true , true , true , true , true , true , true , true , true , true , true , true , true , true , true , 
		true , true , false, false, false, false, false, false, false, true , true , true , true , true , true , true , 
		true , true , true , true , true , true , true , true , true , true , false, false, false, true , true , true , 
		true , true , true , false, false, false, false, false, false, false, false, false, false, false, false, false, 
		false, false, false, false, false, true , true , true , false, false, false, false, false, true , true , true , 
		true , true , true , true , true , true , false, false, false, false, false, false, false, false, false, false, 
		false, false, false, false, false, false, false, false, false, false, false, false, true , true , true , true , 
		true , true , true , true , true , true , true , true , false, false, false, false, false, false, false, false, 
		false, false, false, false, false, false, false, false, false, false, true , true , true , true , true , true , 
		true , true , true , true , true , true , true , false, false, false, false, false, false, false, false, false, 
		false, false, false, false, false, false, false, false, false, true , true , true , true , true , true , true , 
		true , true , true , true , true , true , true , false, false, false, false, false, false, false, false, false, 
		false, false, false, false, false, false, false, false, false, true , true , true , true , true , true , true , 
		true , true , true , true , true , true , true , false, false, false, false, false, false, false, false, false, 
		false, false, false, false, false, false, false, false, false, true , true , true , true , true , true , true , 
		true , true , true , true , true , true , true , false, false, false, false, false, false, false, false, false, 
		false, false, false, false, false, false, false, false, false, true , true , true , true , true , true , true , 
		true , true , true , true , true , true , true , false, false, false, false, false, false, false, false, false, 
		false, false, false, false, false, false, false, false, false, true , true , true , true , true , true , true , 
		true , true , true , true , true , true , true , false, false, false, false, false, false, false, false, false, 
		false, false, false, false, false, false, false, false, false, true , true , true , true , true , true , true , 
		true , true , true , true , true , true , true , false, false, false, false, false, false, false, false, false, 
		false, false, false, false, false, false, false, false, false, true , true , true , true , true , true , true , 
		true , true , true , true , true , true , true , false, false, false, false, false, false, false, false, false, 
		false, false, false, false, false, false, false, false, false, true , true , true , true , true , true , true , 
		true , true , true , true , true , true , true , false, false, false, false, false, false, false, false, false, 
		false, false, false, false, false, false, false, false, false, true , true , true , true , true , true , true , 
		true , true , true , true , true , true , true , false, false, false, false, false, false, false, false, false, 
		false, false, false, false, false, false, false, false, false, true , true , true , true , true , true , true , 
		true , true , true , true , true , true , true , false, false, false, false, false, false, false, false, false, 
		false, false, false, false, false, false, false, false, false, true , true , true , true , true , true , true , 
		true , true , true , true , true , true , true , true , false, false, false, false, false, false, false, false, 
		false, false, false, false, false, false, false, false, true , true , true , true , true , true , true , true , 
		true , true , true , true , true , true , true , true , true , false, false, false, false, false, false, false, 
		false, false, false, false, false, false, false, true , true , true , true , true , true , true , true , true , 
		true , true , true , true , true , true , true , true , true , true , true , false, false, false, false, false, 
		false, false, false, false, false, true , true , true , true , true , true , true , true , true , true , true , 
		true , true , true , true , true , true , true , true , true , true , true , true , true , true , true , true , 
		true , true , true , true , true , true , true , true , true , true , true , true , true , true , true , true , 
		true , true , true , true , true , true , true , true , true , true , true , true , true , true , true , true , 
		true , true , true , true , true , true , true , true , true , true , true , true , true , true , true , true , 
		true , true , true , true , true , true , true , true , true , true , true , true , true , true , true , true , 
		true , true , true , true , true , true , true , true , true , true , true , true , true , true , true , true , 
		true , true , true , true , true , true , true , true , true , true , true , true , true , true , true , true , 
		true , true , true , true , true , true , true , true , true , true , true , true , true , true , true , true , 
		true , true , true , true , true , true , true , true , true , true , true , true , true , true , true , true , 
		true , true , true , true , true , true , true , true , true , true , true , true , true , true , true , true , 
		true , true , true , true , true , true , true , true , true , true , true , true , true , true , true , true , 
		true , true , true , true , true , true , true , true , true , true , true , true , true , true , true , true
	}
};

const pwder_style::icon32 key PROGMEM = {
	.bitmap = {
		0x00, 0x00, 0x80, 0x00, 0x00, 0x80, 0x00, 0x00, 0x80, 0x00, 0x00, 0x80, 0x00, 0x00, 0x80, 0x00, 
		0x00, 0x80, 0x00, 0x00, 0x80, 0x00, 0x00, 0x80, 0x00, 0x00, 0x80, 0x00, 0x00, 0x80, 0x00, 0x00, 
		0x80, 0x00, 0x00, 0x80, 0x00, 0x00, 0x80, 0x00, 0x00, 0x80, 0x00, 0x00, 0x80, 0x00, 0x00, 0x80, 
		0x86, 0x86, 0x86, 0x86, 0x86, 0x86, 0x00, 0x00, 0x00, 0x00, 0x00, 0x80, 0x00, 0x00, 0x80, 0x00, 
		0x00, 0x80, 0x00, 0x00, 0x80, 0x00, 0x00, 0x80, 0x00, 0x00, 0x80, 0x00, 0x00, 0x80, 0x00, 0x00, 
		0x80, 0x00, 0x00, 0x80, 0x00, 0x00, 0x80, 0x00, 0x00, 0x80, 0x00, 0x00, 0x80, 0x00, 0x00, 0x80, 
		0x00, 0x00, 0x80, 0x00, 0x00, 0x80, 0x00, 0x00, 0x80, 0x00, 0x00, 0x80, 0x00, 0x00, 0x80, 0x00, 
		0x00, 0x80, 0x00, 0x00, 0x80, 0x00, 0x00, 0x80, 0x00, 0x00, 0x80, 0x00, 0x00, 0x80, 0x00, 0x00, 
		0x80, 0x00, 0x00, 0x80, 0x00, 0x00, 0x80, 0x00, 0x00, 0x80, 0x00, 0x00, 0x80, 0x86, 0x86, 0x86, 
		0xF8, 0xF8, 0xF8, 0xF8, 0xF8, 0xF8, 0xB2, 0xB2, 0xB2, 0x00, 0x00, 0x00, 0x00, 0x00, 0x80, 0x00, 
		0x00, 0x80, 0x00, 0x00, 0x80, 0x00, 0x00, 0x80, 0x00, 0x00, 0x80, 0x00, 0x00, 0x80, 0x00, 0x00, 
		0x80, 0x00, 0x00, 0x80, 0x00, 0x00, 0x80, 0x00, 0x00, 0x80, 0x00, 0x00, 0x80, 0x00, 0x00, 0x80, 
		0x00, 0x00, 0x80, 0x00, 0x00, 0x80, 0x00, 0x00, 0x80, 0x00, 0x00, 0x80, 0x00, 0x00, 0x80, 0x00, 
		0x00, 0x80, 0x00, 0x00, 0x80, 0x00, 0x00, 0x80, 0x00, 0x00, 0x80, 0x00, 0x00, 0x80, 0x00, 0x00, 
		0x80, 0x00, 0x00, 0x80, 0x00, 0x00, 0x80, 0x00, 0x00, 0x80, 0x86, 0x86, 0x86, 0xF8, 0xF8, 0xF8, 
		0xF8, 0xF8, 0xF8, 0xF8, 0xF8, 0xF8, 0xF8, 0xF8, 0xF8, 0xB2, 0xB2, 0xB2, 0x00, 0x00, 0x00, 0x00, 
		0x00, 0x80, 0x00, 0x00, 0x80, 0x00, 0x00, 0x80, 0x00, 0x00, 0x80, 0x00, 0x00, 0x80, 0x00, 0x00, 
		0x80, 0x00, 0x00, 0x80, 0x00, 0x00, 0x80, 0x00, 0x00, 0x80, 0x00, 0x00, 0x80, 0x00, 0x00, 0x80, 
		0x00, 0x00, 0x80, 0x00, 0x00, 0x80, 0x00, 0x00, 0x80, 0x00, 0x00, 0x80, 0x00, 0x00, 0x80, 0x00, 
		0x00, 0x80, 0x00, 0x00, 0x80, 0x00, 0x00, 0x80, 0x00, 0x00, 0x80, 0x00, 0x00, 0x80, 0x00, 0x00, 
		0x80, 0x00, 0x00, 0x80, 0x00, 0x00, 0x80, 0x86, 0x86, 0x86, 0xF8, 0xF8, 0xF8, 0xF8, 0xF8, 0xF8, 
		0xF8, 0xF8, 0xF8, 0xF8, 0xF8, 0xF8, 0xF8, 0xF8, 0xF8, 0xF8, 0xF8, 0xF8, 0xB2, 0xB2, 0xB2, 0x00, 
		0x00, 0x00, 0x00, 0x00, 0x80, 0x00, 0x00, 0x80, 0x00, 0x00, 0x80, 0x00, 0x00, 0x80, 0x00, 0x00, 
		0x80, 0x00, 0x00, 0x80, 0x00, 0x00, 0x80, 0x00, 0x00, 0x80, 0x00, 0x00, 0x80, 0x00, 0x00, 0x80, 
		0x00, 0x00, 0x80, 0x00, 0x00, 0x80, 0x00, 0x00, 0x80, 0x00, 0x00, 0x80, 0x00, 0x00, 0x80, 0x00, 
		0x00, 0x80, 0x00, 0x00, 0x80, 0x00, 0x00, 0x80, 0x00, 0x00, 0x80, 0x00, 0x00, 0x80, 0x00, 0x00, 
		0x80, 0x00, 0x00, 0x80, 0x77, 0x77, 0x77, 0xF8, 0xF8, 0xF8, 0xC0, 0xC0, 0xC0, 0x86, 0x86, 0x86, 
		0x00, 0x00, 0x00, 0x00, 0x00, 0x00, 0x00, 0x00, 0x00, 0xF8, 0xF8, 0xF8, 0xF8, 0xF8, 0xF8, 0xB2, 
		0xB2, 0xB2, 0x00, 0x00, 0x00, 0x00, 0x00, 0x80, 0x00, 0x00, 0x80, 0x00, 0x00, 0x80, 0x00, 0x00, 
		0x80, 0x00, 0x00, 0x80, 0x00, 0x00, 0x80, 0x00, 0x00, 0x80, 0x00, 0x00, 0x80, 0x00, 0x00, 0x80, 
		0x00, 0x00, 0x80, 0x00, 0x00, 0x80, 0x00, 0x00, 0x80, 0x00, 0x00, 0x80, 0x00, 0x00, 0x80, 0x00, 
		0x00, 0x80, 0x00, 0x00, 0x80, 0x00, 0x00, 0x80, 0x00, 0x00, 0x80, 0x00, 0x00, 0x80, 0x00, 0x00, 
		0x80, 0x86, 0x86, 0x86, 0xF8, 0xF8, 0xF8, 0xC0, 0xC0, 0xC0, 0x00, 0x00, 0x00, 0x00, 0x00, 0x00, 
		0x00, 0x99, 0x33, 0x00, 0x99, 0x33, 0x00, 0x99, 0x33, 0x00, 0x00, 0x00, 0xF8, 0xF8, 0xF8, 0xF8, 
		0xF8, 0xF8, 0xC0, 0xC0, 0xC0, 0x00, 0x00, 0x00, 0x00, 0x00, 0x80, 0x00, 0x00, 0x80, 0x00, 0x00, 
		0x80, 0x00, 0x00, 0x80, 0x00, 0x00, 0x80, 0x00, 0x00, 0x80, 0x00, 0x00, 0x80, 0x00, 0x00, 0x80, 
		0x00, 0x00, 0x80, 0x00, 0x00, 0x80, 0x00, 0x00, 0x80, 0x00, 0x00, 0x80, 0x00, 0x00, 0x80, 0x00, 
		0x00, 0x80, 0x00, 0x00, 0x80, 0x00, 0x00, 0x80, 0x00, 0x00, 0x80, 0x00, 0x00, 0x80, 0x86, 0x86, 
		0x86, 0xF8, 0xF8, 0xF8, 0xF8, 0xF8, 0xF8, 0x00, 0x00, 0x00, 0x00, 0x00, 0x00, 0x00, 0x66, 0x33, 
		0x00, 0xFF, 0x00, 0x00, 0xFF, 0x00, 0x00, 0x99, 0x33, 0x00, 0x66, 0x33, 0x00, 0x00, 0x00, 0xF8, 
		0xF8, 0xF8, 0xF8, 0xF8, 0xF8, 0xB2, 0xB2, 0xB2, 0x00, 0x00, 0x00, 0x00, 0x00, 0x80, 0x00, 0x00, 
		0x80, 0x00, 0x00, 0x80, 0x00, 0x00, 0x80, 0x00, 0x00, 0x80, 0x00, 0x00, 0x80, 0x00, 0x00, 0x80, 
		0x00, 0x00, 0x80, 0x00, 0x00, 0x80, 0x00, 0x00, 0x80, 0x00, 0x00, 0x80, 0x00, 0x00, 0x80, 0x00, 
		0x00, 0x80, 0x00, 0x00, 0x80, 0x00, 0x00, 0x80, 0x00, 0x00, 0x80, 0x86, 0x86, 0x86, 0xF8, 0xF8, 
		0xF8, 0xF8, 0xF8, 0xF8, 0x86, 0x86, 0x86, 0x00, 0x00, 0x00, 0xA5, 0x00, 0x21, 0x00, 0x00, 0x00, 
		0x00, 0x99, 0x33, 0x00, 0xFF, 0x00, 0x00, 0xFF, 0x00, 0x00, 0x99, 0x33, 0x00, 0x00, 0x00, 0x00, 
		0x00, 0x00, 0xF8, 0xF8, 0xF8, 0xF8, 0xF8, 0xF8, 0xB2, 0xB2, 0xB2, 0x00, 0x00, 0x00, 0x00, 0x00, 
		0x80, 0x00, 0x00, 0x80, 0x00, 0x00, 0x80, 0x00, 0x00, 0x80, 0x00, 0x00, 0x80, 0x00, 0x00, 0x80, 
		0x00, 0x00, 0x80, 0x00, 0x00, 0x80, 0x00, 0x00, 0x80, 0x00, 0x00, 0x80, 0x00, 0x00, 0x80, 0x00, 
		0x00, 0x80, 0x00, 0x00, 0x80, 0x00, 0x00, 0x80, 0x86, 0x86, 0x86, 0xF8, 0xF8, 0xF8, 0xF8, 0xF8, 
		0xF8, 0xF8, 0xF8, 0xF8, 0x00, 0x00, 0x00, 0xA5, 0x00, 0x21, 0xCC, 0x00, 0x33, 0xA5, 0x00, 0x21, 
		0x00, 0x00, 0x00, 0x00, 0x66, 0x33, 0x00, 0x66, 0x33, 0x00, 0x00, 0x00, 0xCC, 0xCC, 0x00, 0xCC, 
		0xCC, 0x00, 0x00, 0x00, 0x00, 0xF8, 0xF8, 0xF8, 0xF8, 0xF8, 0xF8, 0xB2, 0xB2, 0xB2, 0x00, 0x00, 
		0x00, 0x00, 0x00, 0x80, 0x00, 0x00, 0x80, 0x00, 0x00, 0x80, 0x00, 0x00, 0x80, 0x00, 0x00, 0x80, 
		0x00, 0x00, 0x80, 0x00, 0x00, 0x80, 0x00, 0x00, 0x80, 0x00, 0x00, 0x80, 0x00, 0x00, 0x80, 0x00, 
		0x00, 0x80, 0x00, 0x00, 0x80, 0x00, 0x00, 0x80, 0x86, 0x86, 0x86, 0xF8, 0xF8, 0xF8, 0xF8, 0xF8, 
		0xF8, 0xF8, 0xF8, 0xF8, 0x00, 0x00, 0x00, 0xCC, 0x00, 0x33, 0xFF, 0x00, 0x00, 0xFF, 0x00, 0x00, 
		0xA5, 0x00, 0x21, 0x09, 0x09, 0x09, 0x09, 0x09, 0x09, 0xCC, 0xCC, 0x00, 0xFF, 0xFF, 0x00, 0xCC, 
		0xCC, 0x00, 0x99, 0x99, 0x00, 0x80, 0x80, 0x00, 0xF8, 0xF8, 0xF8, 0xF8, 0xF8, 0xF8, 0xC0, 0xC0, 
		0xC0, 0x00, 0x00, 0x00, 0x00, 0x00, 0x80, 0x00, 0x00, 0x80, 0x00, 0x00, 0x80, 0x00, 0x00, 0x80, 
		0x00, 0x00, 0x80, 0x00, 0x00, 0x80, 0x00, 0x00, 0x80, 0x00, 0x00, 0x80, 0x00, 0x00, 0x80, 0x00, 
		0x00, 0x80, 0x00, 0x00, 0x80, 0x00, 0x00, 0x80, 0x86, 0x86, 0x86, 0xF8, 0xF8, 0xF8, 0xF8, 0xF8, 
		0xF8, 0xF8, 0xF8, 0xF8, 0x00, 0x00, 0x00, 0xA5, 0x00, 0x21, 0xFF, 0x00, 0x00, 0xFF, 0x00, 0x00, 
		0xCC, 0x00, 0x33, 0x09, 0x09, 0x09, 0x09, 0x09, 0x09, 0x86, 0x86, 0x86, 0xFF, 0xFF, 0x00, 0xCC, 
		0xCC, 0x00, 0x00, 0x00, 0x00, 0x00, 0x00, 0x00, 0x00, 0x00, 0x00, 0xF8, 0xF8, 0xF8, 0xC0, 0xC0, 
		0xC0, 0x00, 0x00, 0x00, 0x00, 0x00, 0x80, 0x00, 0x00, 0x80, 0x00, 0x00, 0x80, 0x00, 0x00, 0x80, 
		0x00, 0x00, 0x80, 0x00, 0x00, 0x80, 0x00, 0x00, 0x80, 0x00, 0x00, 0x80, 0x00, 0x00, 0x80, 0x00, 
		0x00, 0x80, 0x00, 0x00, 0x80, 0x00, 0x00, 0x80, 0x86, 0x86, 0x86, 0xF8, 0xF8, 0xF8, 0xF8, 0xF8, 
		0xF8, 0xF8, 0xF8, 0xF8, 0x00, 0x00, 0xFF, 0x00, 0x00, 0x00, 0xCC, 0x00, 0x33, 0xCC, 0x00, 0x33, 
		0x00, 0x00, 0x00, 0x00, 0x00, 0xFF, 0x00, 0x00, 0x80, 0x09, 0x09, 0x09, 0x86, 0x86, 0x86, 0x00, 
		0x00, 0x00, 0x86, 0x86, 0x86, 0xC0, 0xC0, 0xC0, 0xF8, 0xF8, 0xF8, 0xF8, 0xF8, 0xF8, 0xC0, 0xC0, 
		0xC0, 0x00, 0x00, 0x00, 0x00, 0x00, 0x80, 0x00, 0x00, 0x80, 0x00, 0x00, 0x80, 0x00, 0x00, 0x80, 
		0x00, 0x00, 0x80, 0x00, 0x00, 0x80, 0x00, 0x00, 0x80, 0x00, 0x00, 0x80, 0x00, 0x00, 0x80, 0x00, 
		0x00, 0x80, 0x00, 0x00, 0x80, 0x00, 0x00, 0x80, 0x86, 0x86, 0x86, 0xF8, 0xF8, 0xF8, 0xF8, 0xF8, 
		0xF8, 0xF8, 0xF8, 0xF8, 0x00, 0x00, 0xFF, 0xC0, 0xC0, 0xC0, 0x00, 0x00, 0x00, 0x00, 0x00, 0x00, 
		0x00, 0x00, 0xFF, 0x00, 0x00, 0xFF, 0x00, 0x00, 0xFF, 0x00, 0x00, 0x80, 0x00, 0x00, 0x00, 0x86, 
		0x86, 0x86, 0xC0, 0xC0, 0xC0, 0xF8, 0xF8, 0xF8, 0xF8, 0xF8, 0xF8, 0xB2, 0xB2, 0xB2, 0x00, 0x00, 
		0x00, 0x00, 0x00, 0x80, 0x00, 0x00, 0x80, 0x00, 0x00, 0x80, 0x00, 0x00, 0x80, 0x00, 0x00, 0x80, 
		0x00, 0x00, 0x80, 0x00, 0x00, 0x80, 0x00, 0x00, 0x80, 0x00, 0x00, 0x80, 0x00, 0x00, 0x80, 0x00, 
		0x00, 0x80, 0x00, 0x00, 0x80, 0x00, 0x00, 0x80, 0x86, 0x86, 0x86, 0xF8, 0xF8, 0xF8, 0xF8, 0xF8, 
		0xF8, 0x00, 0x00, 0xFF, 0xC0, 0xC0, 0xC0, 0xFF, 0x00, 0x00, 0xC0, 0xC0, 0xC0, 0x00, 0x00, 0x00, 
		0x00, 0x00, 0xFF, 0x00, 0x00, 0xFF, 0x00, 0x00, 0xFF, 0x00, 0x00, 0x00, 0x86, 0x86, 0x86, 0xF8, 
		0xF8, 0xF8, 0xF8, 0xF8, 0xF8, 0xF8, 0xF8, 0xF8, 0xB2, 0xB2, 0xB2, 0x00, 0x00, 0x00, 0x00, 0x00, 
		0x80, 0x00, 0x00, 0x80, 0x00, 0x00, 0x80, 0x00, 0x00, 0x80, 0x00, 0x00, 0x80, 0x00, 0x00, 0x80, 
		0x00, 0x00, 0x80, 0x00, 0x00, 0x80, 0x00, 0x00, 0x80, 0x00, 0x00, 0x80, 0x00, 0x00, 0x80, 0x00, 
		0x00, 0x80, 0x00, 0x00, 0x80, 0x00, 0x00, 0x80, 0x86, 0x86, 0x86, 0xF8, 0xF8, 0xF8, 0xC0, 0xC0, 
		0xC0, 0xF8, 0xF8, 0xF8, 0xF8, 0xF8, 0xF8, 0xFF, 0x00, 0x00, 0xF8, 0xF8, 0xF8, 0xB2, 0xB2, 0xB2, 
		0x00, 0x00, 0x00, 0x00, 0x00, 0xFF, 0x00, 0x00, 0xFF, 0x86, 0x86, 0x86, 0xC0, 0xC0, 0xC0, 0xF8, 
		0xF8, 0xF8, 0xF8, 0xF8, 0xF8, 0xC0, 0xC0, 0xC0, 0x00, 0x00, 0x00, 0x00, 0x00, 0x80, 0x00, 0x00, 
		0x80, 0x00, 0x00, 0x80, 0x00, 0x00, 0x80, 0x00, 0x00, 0x80, 0x00, 0x00, 0x80, 0x00, 0x00, 0x80, 
		0x00, 0x00, 0x80, 0x00, 0x00, 0x80, 0x00, 0x00, 0x80, 0x00, 0x00, 0x80, 0x00, 0x00, 0x80, 0x00, 
		0x00, 0x80, 0x00, 0x00, 0x80, 0x00, 0x00, 0x80, 0x86, 0x86, 0x86, 0xC0, 0xC0, 0xC0, 0xC0, 0xC0, 
		0xC0, 0xC0, 0xC0, 0xC0, 0xFF, 0x00, 0x00, 0xC0, 0xC0, 0xC0, 0xF8, 0xF8, 0xF8, 0x00, 0x00, 0xFF, 
		0xC0, 0xC0, 0xC0, 0x00, 0x00, 0x80, 0x00, 0x00, 0x00, 0xC0, 0xC0, 0xC0, 0xF8, 0xF8, 0xF8, 0xF8, 
		0xF8, 0xF8, 0xB2, 0xB2, 0xB2, 0x00, 0x00, 0x00, 0x00, 0x00, 0x80, 0x00, 0x00, 0x80, 0x00, 0x00, 
		0x80, 0x00, 0x00, 0x80, 0x00, 0x00, 0x80, 0x00, 0x00, 0x80, 0x00, 0x00, 0x80, 0x00, 0x00, 0x80, 
		0x00, 0x00, 0x80, 0x00, 0x00, 0x80, 0x00, 0x00, 0x80, 0x00, 0x00, 0x80, 0x00, 0x00, 0x80, 0x00, 
		0x00, 0x80, 0x00, 0x00, 0x80, 0x00, 0x00, 0x00, 0x00, 0x00, 0x00, 0x00, 0x00, 0x00, 0x00, 0x00, 
		0x00, 0x86, 0x86, 0x86, 0xF8, 0xF8, 0xF8, 0xF8, 0xF8, 0xF8, 0x00, 0x00, 0xFF, 0xC0, 0xC0, 0xC0, 
		0xF8, 0xF8, 0xF8, 0xB2, 0xB2, 0xB2, 0x00, 0x00, 0x00, 0xF8, 0xF8, 0xF8, 0xF8, 0xF8, 0xF8, 0xB2, 
		0xB2, 0xB2, 0x00, 0x00, 0x00, 0x00, 0x00, 0x80, 0x00, 0x00, 0x80, 0x00, 0x00, 0x80, 0x00, 0x00, 
		0x80, 0x00, 0x00, 0x80, 0x00, 0x00, 0x80, 0x00, 0x00, 0x80, 0x00, 0x00, 0x80, 0x00, 0x00, 0x80, 
		0x00, 0x00, 0x80, 0x00, 0x00, 0x80, 0x00, 0x00, 0x80, 0x00, 0x00, 0x80, 0x00, 0x00, 0x80, 0x80, 
		0x80, 0x00, 0x80, 0x80, 0x00, 0x00, 0x00, 0x00, 0x86, 0x86, 0x86, 0x86, 0x86, 0x86, 0x86, 0x86, 
		0x86, 0x86, 0x86, 0x86, 0xC0, 0xC0, 0xC0, 0xC0, 0xC0, 0xC0, 0xF8, 0xF8, 0xF8, 0xF8, 0xF8, 0xF8, 
		0xF8, 0xF8, 0xF8, 0xF8, 0xF8, 0xF8, 0xF8, 0xF8, 0xF8, 0xF8, 0xF8, 0xF8, 0xB2, 0xB2, 0xB2, 0x00, 
		0x00, 0x00, 0x00, 0x00, 0x80, 0x00, 0x00, 0x80, 0x00, 0x00, 0x80, 0x00, 0x00, 0x80, 0x00, 0x00, 
		0x80, 0x00, 0x00, 0x80, 0x00, 0x00, 0x80, 0x00, 0x00, 0x80, 0x00, 0x00, 0x80, 0x00, 0x00, 0x80, 
		0x00, 0x00, 0x80, 0x00, 0x00, 0x80, 0x00, 0x00, 0x80, 0x00, 0x00, 0x80, 0x80, 0x80, 0x00, 0xCC, 
		0xCC, 0x00, 0x00, 0x00, 0x00, 0x77, 0x77, 0x77, 0x99, 0x99, 0x00, 0xCC, 0xCC, 0x00, 0xCC, 0xCC, 
		0x00, 0x80, 0x80, 0x00, 0x00, 0x00, 0x00, 0xC0, 0xC0, 0xC0, 0xC0, 0xC0, 0xC0, 0xC0, 0xC0, 0xC0, 
		0xC0, 0xC0, 0xC0, 0xC0, 0xC0, 0xC0, 0xC0, 0xC0, 0xC0, 0xC0, 0xC0, 0xC0, 0x00, 0x00, 0x00, 0x00, 
		0x00, 0x80, 0x00, 0x00, 0x80, 0x00, 0x00, 0x80, 0x00, 0x00, 0x80, 0x00, 0x00, 0x80, 0x00, 0x00, 
		0x80, 0x00, 0x00, 0x80, 0x00, 0x00, 0x80, 0x00, 0x00, 0x80, 0x00, 0x00, 0x80, 0x00, 0x00, 0x80, 
		0x00, 0x00, 0x80, 0x00, 0x00, 0x80, 0x00, 0x00, 0x80, 0x80, 0x80, 0x00, 0xFF, 0xFF, 0x00, 0x00, 
		0x00, 0x00, 0x77, 0x77, 0x77, 0x99, 0x99, 0x00, 0xCC, 0xCC, 0x00, 0xFF, 0xFF, 0x00, 0xFF, 0xFF, 
		0x00, 0xFF, 0xFF, 0x00, 0x80, 0x80, 0x00, 0x00, 0x00, 0x00, 0x00, 0x00, 0x00, 0x00, 0x00, 0x00, 
		0x00, 0x00, 0x00, 0x00, 0x00, 0x00, 0x00, 0x00, 0x00, 0x00, 0x00, 0x00, 0x00, 0x00, 0x80, 0x00, 
		0x00, 0x80, 0x00, 0x00, 0x80, 0x00, 0x00, 0x80, 0x00, 0x00, 0x80, 0x00, 0x00, 0x80, 0x00, 0x00, 
		0x80, 0x00, 0x00, 0x80, 0x00, 0x00, 0x80, 0x00, 0x00, 0x80, 0x00, 0x00, 0x80, 0x00, 0x00, 0x80, 
		0x00, 0x00, 0x80, 0x00, 0x00, 0x80, 0x80, 0x80, 0x00, 0xFF, 0xFF, 0x00, 0xFF, 0xFF, 0x00, 0x00, 
		0x00, 0x00, 0x86, 0x86, 0x86, 0x99, 0x99, 0x00, 0x99, 0x99, 0x00, 0xFF, 0xFF, 0x00, 0xCC, 0xCC, 
		0x00, 0xFF, 0xFF, 0x00, 0xFF, 0xFF, 0x00, 0x80, 0x80, 0x00, 0x00, 0x00, 0x80, 0x00, 0x00, 0x80, 
		0x00, 0x00, 0x80, 0x00, 0x00, 0x80, 0x00, 0x00, 0x80, 0x00, 0x00, 0x80, 0x00, 0x00, 0x80, 0x00, 
		0x00, 0x80, 0x00, 0x00, 0x80, 0x00, 0x00, 0x80, 0x00, 0x00, 0x80, 0x00, 0x00, 0x80, 0x00, 0x00, 
		0x80, 0x00, 0x00, 0x80, 0x00, 0x00, 0x80, 0x00, 0x00, 0x80, 0x00, 0x00, 0x80, 0x00, 0x00, 0x80, 
		0x00, 0x00, 0x80, 0x80, 0x80, 0x00, 0xFF, 0xFF, 0x00, 0xFF, 0xFF, 0x00, 0xCC, 0xCC, 0x00, 0x00, 
		0x00, 0x00, 0x86, 0x86, 0x86, 0x00, 0x00, 0x00, 0x00, 0x00, 0x00, 0x99, 0x99, 0x00, 0xFF, 0xFF, 
		0x00, 0xCC, 0xCC, 0x00, 0xFF, 0xFF, 0x00, 0xFF, 0xFF, 0x00, 0x80, 0x80, 0x00, 0x80, 0x80, 0x00, 
		0x80, 0x80, 0x00, 0x80, 0x80, 0x00, 0x80, 0x80, 0x00, 0x80, 0x80, 0x00, 0x80, 0x80, 0x00, 0x80, 
		0x80, 0x00, 0x80, 0x80, 0x00, 0x80, 0x80, 0x00, 0x80, 0x80, 0x00, 0x80, 0x80, 0x00, 0x80, 0x80, 
		0x00, 0x80, 0x80, 0x00, 0x80, 0x80, 0x00, 0x00, 0x00, 0x80, 0x00, 0x00, 0x80, 0x00, 0x00, 0x80, 
		0x00, 0x00, 0x80, 0x80, 0x80, 0x00, 0xFF, 0xFF, 0x00, 0xCC, 0xCC, 0x00, 0x99, 0x99, 0x00, 0x00, 
		0x00, 0x00, 0x00, 0x00, 0x00, 0x86, 0x86, 0x86, 0x86, 0x86, 0x86, 0x00, 0x00, 0x00, 0x99, 0x99, 
		0x00, 0xFF, 0xFF, 0x00, 0xCC, 0xCC, 0x00, 0xFF, 0xFF, 0x00, 0xFF, 0xFF, 0x00, 0xFF, 0xFF, 0x00, 
		0xFF, 0xFF, 0x00, 0xFF, 0xFF, 0x00, 0xFF, 0xFF, 0x00, 0xFF, 0xFF, 0x00, 0xFF, 0xFF, 0x00, 0xFF, 
		0xFF, 0x00, 0xFF, 0xFF, 0x00, 0xFF, 0xFF, 0x00, 0xFF, 0xFF, 0x00, 0xFF, 0xFF, 0x00, 0xFF, 0xFF, 
		0x00, 0xFF, 0xFF, 0x00, 0xFF, 0xFF, 0x00, 0x80, 0x80, 0x00, 0x00, 0x00, 0x80, 0x00, 0x00, 0x80, 
		0x00, 0x00, 0x80, 0x80, 0x80, 0x00, 0xFF, 0xFF, 0x00, 0xCC, 0xCC, 0x00, 0x99, 0x99, 0x00, 0x00, 
		0x00, 0x00, 0x00, 0x00, 0x80, 0x00, 0x00, 0x00, 0x00, 0x00, 0x00, 0x00, 0x00, 0x00, 0x99, 0x99, 
		0x00, 0xCC, 0xCC, 0x00, 0xFF, 0xFF, 0x00, 0xCC, 0xCC, 0x00, 0xFF, 0xFF, 0x00, 0xFF, 0xFF, 0x00, 
		0xCC, 0xCC, 0x00, 0xFF, 0xFF, 0x00, 0xCC, 0xCC, 0x00, 0xFF, 0xFF, 0x00, 0xCC, 0xCC, 0x00, 0xFF, 
		0xFF, 0x00, 0xCC, 0xCC, 0x00, 0xFF, 0xFF, 0x00, 0xCC, 0xCC, 0x00, 0xFF, 0xFF, 0x00, 0xCC, 0xCC, 
		0x00, 0xFF, 0xFF, 0x00, 0xCC, 0xCC, 0x00, 0xFF, 0xFF, 0x00, 0x00, 0x00, 0x00, 0x00, 0x00, 0x80, 
		0x00, 0x00, 0x80, 0x80, 0x80, 0x00, 0xFF, 0xFF, 0x00, 0xCC, 0xCC, 0x00, 0x99, 0x99, 0x00, 0x00, 
		0x00, 0x00, 0x00, 0x00, 0x80, 0x00, 0x00, 0x80, 0x00, 0x00, 0x80, 0x00, 0x00, 0x00, 0x99, 0x99, 
		0x00, 0xFF, 0xFF, 0x00, 0xCC, 0xCC, 0x00, 0xFF, 0xFF, 0x00, 0xCC, 0xCC, 0x00, 0xCC, 0xCC, 0x00, 
		0xCC, 0xCC, 0x00, 0xCC, 0xCC, 0x00, 0xCC, 0xCC, 0x00, 0xCC, 0xCC, 0x00, 0xCC, 0xCC, 0x00, 0xCC, 
		0xCC, 0x00, 0xCC, 0xCC, 0x00, 0xCC, 0xCC, 0x00, 0xCC, 0xCC, 0x00, 0xCC, 0xCC, 0x00, 0xCC, 0xCC, 
		0x00, 0xCC, 0xCC, 0x00, 0xCC, 0xCC, 0x00, 0xCC, 0xCC, 0x00, 0x99, 0x99, 0x00, 0x00, 0x00, 0x00, 
		0x00, 0x00, 0x80, 0x80, 0x80, 0x00, 0xFF, 0xFF, 0x00, 0xCC, 0xCC, 0x00, 0xCC, 0xCC, 0x00, 0x99, 
		0x99, 0x00, 0x00, 0x00, 0x00, 0x00, 0x00, 0x00, 0x00, 0x00, 0x00, 0x99, 0x99, 0x00, 0xCC, 0xCC, 
		0x00, 0xCC, 0xCC, 0x00, 0xFF, 0xFF, 0x00, 0xCC, 0xCC, 0x00, 0xCC, 0xCC, 0x00, 0xCC, 0xCC, 0x00, 
		0x99, 0x99, 0x00, 0xCC, 0xCC, 0x00, 0x99, 0x99, 0x00, 0xCC, 0xCC, 0x00, 0x99, 0x99, 0x00, 0xCC, 
		0xCC, 0x00, 0x99, 0x99, 0x00, 0xCC, 0xCC, 0x00, 0x99, 0x99, 0x00, 0xCC, 0xCC, 0x00, 0x99, 0x99, 
		0x00, 0xCC, 0xCC, 0x00, 0x99, 0x99, 0x00, 0xCC, 0xCC, 0x00, 0x99, 0x99, 0x00, 0x00, 0x00, 0x00, 
		0x00, 0x00, 0x80, 0x80, 0x80, 0x00, 0xCC, 0xCC, 0x00, 0xCC, 0xCC, 0x00, 0xCC, 0xCC, 0x00, 0xCC, 
		0xCC, 0x00, 0x99, 0x99, 0x00, 0x99, 0x99, 0x00, 0x99, 0x99, 0x00, 0xCC, 0xCC, 0x00, 0xCC, 0xCC, 
		0x00, 0xCC, 0xCC, 0x00, 0xCC, 0xCC, 0x00, 0xCC, 0xCC, 0x00, 0x99, 0x99, 0x00, 0x99, 0x99, 0x00, 
		0x99, 0x99, 0x00, 0x99, 0x99, 0x00, 0x09, 0x09, 0x09, 0x99, 0x99, 0x00, 0x99, 0x99, 0x00, 0x99, 
		0x99, 0x00, 0x00, 0x00, 0x00, 0x99, 0x99, 0x00, 0x99, 0x99, 0x00, 0x99, 0x99, 0x00, 0x09, 0x09, 
		0x09, 0x99, 0x99, 0x00, 0x99, 0x99, 0x00, 0x99, 0x99, 0x00, 0x00, 0x00, 0x00, 0x00, 0x00, 0x80, 
		0x00, 0x00, 0x80, 0x80, 0x80, 0x00, 0x99, 0x99, 0x00, 0xCC, 0xCC, 0x00, 0xCC, 0xCC, 0x00, 0xCC, 
		0xCC, 0x00, 0xCC, 0xCC, 0x00, 0xCC, 0xCC, 0x00, 0xCC, 0xCC, 0x00, 0xCC, 0xCC, 0x00, 0xCC, 0xCC, 
		0x00, 0xCC, 0xCC, 0x00, 0x99, 0x99, 0x00, 0xCC, 0xCC, 0x00, 0x99, 0x99, 0x00, 0x09, 0x09, 0x09, 
		0x09, 0x09, 0x09, 0x09, 0x09, 0x09, 0x00, 0x00, 0x80, 0x09, 0x09, 0x09, 0x99, 0x99, 0x00, 0x00, 
		0x00, 0x00, 0x00, 0x00, 0x80, 0x00, 0x00, 0x00, 0x99, 0x99, 0x00, 0x00, 0x00, 0x00, 0x00, 0x00, 
		0x80, 0x09, 0x09, 0x09, 0x99, 0x99, 0x00, 0x00, 0x00, 0x00, 0x00, 0x00, 0x80, 0x00, 0x00, 0x80, 
		0x00, 0x00, 0x80, 0x00, 0x00, 0x80, 0x00, 0x00, 0x00, 0x99, 0x99, 0x00, 0xCC, 0xCC, 0x00, 0x99, 
		0x99, 0x00, 0xCC, 0xCC, 0x00, 0x99, 0x99, 0x00, 0xCC, 0xCC, 0x00, 0x99, 0x99, 0x00, 0xCC, 0xCC, 
		0x00, 0x99, 0x99, 0x00, 0xCC, 0xCC, 0x00, 0x99, 0x99, 0x00, 0x09, 0x09, 0x09, 0x00, 0x00, 0x80, 
		0x00, 0x00, 0x80, 0x00, 0x00, 0x80, 0x00, 0x00, 0x80, 0x00, 0x00, 0x80, 0x00, 0x00, 0x00, 0x00, 
		0x00, 0x80, 0x00, 0x00, 0x80, 0x00, 0x00, 0x80, 0x00, 0x00, 0x00, 0x00, 0x00, 0x80, 0x00, 0x00, 
		0x80, 0x00, 0x00, 0x80, 0x00, 0x00, 0x00, 0x00, 0x00, 0x80, 0x00, 0x00, 0x80, 0x00, 0x00, 0x80, 
		0x00, 0x00, 0x80, 0x00, 0x00, 0x80, 0x00, 0x00, 0x80, 0x00, 0x00, 0x00, 0x99, 0x99, 0x00, 0xCC, 
		0xCC, 0x00, 0x99, 0x99, 0x00, 0xCC, 0xCC, 0x00, 0x99, 0x99, 0x00, 0xCC, 0xCC, 0x00, 0x99, 0x99, 
		0x00, 0xCC, 0xCC, 0x00, 0x99, 0x99, 0x00, 0x09, 0x09, 0x09, 0x00, 0x00, 0x80, 0x00, 0x00, 0x80, 
		0x00, 0x00, 0x80, 0x00, 0x00, 0x80, 0x00, 0x00, 0x80, 0x00, 0x00, 0x80, 0x00, 0x00, 0x80, 0x00, 
		0x00, 0x80, 0x00, 0x00, 0x80, 0x00, 0x00, 0x80, 0x00, 0x00, 0x80, 0x00, 0x00, 0x80, 0x00, 0x00, 
		0x80, 0x00, 0x00, 0x80, 0x00, 0x00, 0x80, 0x00, 0x00, 0x80, 0x00, 0x00, 0x80, 0x00, 0x00, 0x80, 
		0x00, 0x00, 0x80, 0x00, 0x00, 0x80, 0x00, 0x00, 0x80, 0x00, 0x00, 0x80, 0x00, 0x00, 0x00, 0x99, 
		0x99, 0x00, 0x99, 0x99, 0x00, 0x99, 0x99, 0x00, 0x99, 0x99, 0x00, 0x99, 0x99, 0x00, 0x99, 0x99, 
		0x00, 0x99, 0x99, 0x00, 0x09, 0x09, 0x09, 0x00, 0x00, 0x80, 0x00, 0x00, 0x80, 0x00, 0x00, 0x80, 
		0x00, 0x00, 0x80, 0x00, 0x00, 0x80, 0x00, 0x00, 0x80, 0x00, 0x00, 0x80, 0x00, 0x00, 0x80, 0x00, 
		0x00, 0x80, 0x00, 0x00, 0x80, 0x00, 0x00, 0x80, 0x00, 0x00, 0x80, 0x00, 0x00, 0x80, 0x00, 0x00, 
		0x80, 0x00, 0x00, 0x80, 0x00, 0x00, 0x80, 0x00, 0x00, 0x80, 0x00, 0x00, 0x80, 0x00, 0x00, 0x80, 
		0x00, 0x00, 0x80, 0x00, 0x00, 0x80, 0x00, 0x00, 0x80, 0x00, 0x00, 0x80, 0x00, 0x00, 0x80, 0x00, 
		0x00, 0x00, 0x00, 0x00, 0x00, 0x00, 0x00, 0x00, 0x00, 0x00, 0x00, 0x00, 0x00, 0x00, 0x00, 0x00, 
		0x00, 0x00, 0x00, 0x00, 0x00, 0x00, 0x80, 0x00, 0x00, 0x80, 0x00, 0x00, 0x80, 0x00, 0x00, 0x80, 
		0x00, 0x00, 0x80, 0x00, 0x00, 0x80, 0x00, 0x00, 0x80, 0x00, 0x00, 0x80, 0x00, 0x00, 0x80, 0x00, 
		0x00, 0x80, 0x00, 0x00, 0x80, 0x00, 0x00, 0x80, 0x00, 0x00, 0x80, 0x00, 0x00, 0x80, 0x00, 0x00, 
		0x80, 0x00, 0x00, 0x80, 0x00, 0x00, 0x80, 0x00, 0x00, 0x80, 0x00, 0x00, 0x80, 0x00, 0x00, 0x80
	},
	.mask = {
		true , true , true , true , true , true , true , true , true , true , true , true , true , true , true , true , 
		false, false, false, true , true , true , true , true , true , true , true , true , true , true , true , true , 
		true , true , true , true , true , true , true , true , true , true , true , true , true , true , true , false, 
		false, false, false, false, true , true , true , true , true , true , true , true , true , true , true , true , 
		true , true , true , true , true , true , true , true , true , true , true , true , true , true , false, false, 
		false, false, false, false, false, true , true , true , true , true , true , true , true , true , true , true , 
		true , true , true , true , true , true , true , true , true , true , true , true , true , false, false, false, 
		false, false, false, false, false, false, true , true , true , true , true , true , true , true , true , true , 
		true , true , true , true , true , true , true , true , true , true , true , true , false, false, false, false, 
		false, false, false, false, false, false, false, true , true , true , true , true , true , true , true , true , 
		true , true , true , true , true , true , true , true , true , true , true , false, false, false, false, false, 
		false, false, false, false, false, false, false, false, true , true , true , true , true , true , true , true , 
		true , true , true , true , true , true , true , true , true , true , false, false, false, false, false, false, 
		false, false, false, false, false, false, false, false, false, true , true , true , true , true , true , true , 
		true , true , true , true , true , true , true , true , true , false, false, false, false, false, false, false, 
		false, false, false, false, false, false, false, false, false, false, true , true , true , true , true , true , 
		true , true , true , true , true , true , true , true , false, false, false, false, false, false, false, false, 
		false, false, false, false, false, false, false, false, false, false, false, true , true , true , true , true , 
		true , true , true , true , true , true , true , true , false, false, false, false, false, false, false, false, 
		false, false, false, false, false, false, false, false, false, false, false, false, true , true , true , true , 
		true , true , true , true , true , true , true , true , false, false, false, false, false, false, false, false, 
		false, false, false, false, false, false, false, false, false, false, false, false, true , true , true , true , 
		true , true , true , true , true , true , true , true , false, false, false, false, false, false, false, false, 
		false, false, false, false, false, false, false, false, false, false, false, false, true , true , true , true , 
		true , true , true , true , true , true , true , true , false, false, false, false, false, false, false, false, 
		false, false, false, false, false, false, false, false, false, false, false, true , true , true , true , true , 
		true , true , true , true , true , true , true , true , false, false, false, false, false, false, false, false, 
		false, false, false, false, false, false, false, false, false, false, true , true , true , true , true , true , 
		true , true , true , true , true , true , true , true , false, false, false, false, false, false, false, false, 
		false, false, false, false, false, false, false, false, false, true , true , true , true , true , true , true , 
		true , true , true , true , true , true , true , true , false, false, false, false, false, false, false, false, 
		false, false, false, false, false, false, false, false, true , true , true , true , true , true , true , true , 
		true , true , true , true , true , true , true , false, false, false, false, false, false, false, false, false, 
		false, false, false, false, false, false, false, true , true , true , true , true , true , true , true , true , 
		true , true , true , true , true , false, false, false, false, false, false, false, false, false, false, false, 
		false, false, false, false, false, false, true , true , true , true , true , true , true , true , true , true , 
		true , true , true , true , false, false, false, false, false, false, false, false, false, false, false, false, 
		false, false, false, false, false, true , true , true , true , true , true , true , true , true , true , true , 
		true , true , true , false, false, false, false, false, false, false, false, false, false, false, false, false, 
		false, false, false, false, true , true , true , true , true , true , true , true , true , true , true , true , 
		true , true , false, false, false, false, false, false, false, false, false, false, false, false, true , true , 
		true , true , true , true , true , true , true , true , true , true , true , true , true , true , true , true , 
		true , false, false, false, false, false, false, false, false, false, false, false, false, false, false, false, 
		false, false, false, false, false, false, false, false, false, false, false, false, false, true , true , true , 
		true , false, false, false, false, false, false, false, false, false, false, false, false, false, false, false, 
		false, false, false, false, false, false, false, false, false, false, false, false, false, false, true , true , 
		true , false, false, false, false, false, true , false, false, false, false, false, false, false, false, false, 
		false, false, false, false, false, false, false, false, false, false, false, false, false, false, false, true , 
		true , false, false, false, false, false, true , true , true , false, false, false, false, false, false, false, 
		false, false, false, false, false, false, false, false, false, false, false, false, false, false, false, false, 
		true , false, false, false, false, false, false, false, false, false, false, false, false, false, false, false, 
		false, false, false, false, false, false, false, false, false, false, false, false, false, false, false, false, 
		true , false, false, false, false, false, false, false, false, false, false, false, false, false, false, false, 
		false, false, false, false, false, false, false, false, false, false, false, false, false, false, false, true , 
		true , false, false, false, false, false, false, false, false, false, false, false, false, false, false, false, 
		false, false, true , false, false, false, true , false, false, false, true , false, false, false, true , true , 
		true , true , false, false, false, false, false, false, false, false, false, false, false, false, false, true , 
		true , true , true , true , false, true , true , true , false, true , true , true , false, true , true , true , 
		true , true , true , false, false, false, false, false, false, false, false, false, false, false, true , true , 
		true , true , true , true , true , true , true , true , true , true , true , true , true , true , true , true , 
		true , true , true , true , false, false, false, false, false, false, false, false, false, true , true , true , 
		true , true , true , true , true , true , true , true , true , true , true , true , true , true , true , true , 
		true , true , true , true , true , false, false, false, false, false, false, false, true , true , true , true , 
		true , true , true , true , true , true , true , true , true , true , true , true , true , true , true , true
	}
};

const pwder_style::icon32 me PROGMEM = {
	.bitmap = {
		0x00, 0x00, 0x80, 0x00, 0x00, 0x80, 0x00, 0x00, 0x80, 0x00, 0x00, 0x80, 0x00, 0x00, 0x80, 0x00, 
		0x00, 0x80, 0x00, 0x00, 0x80, 0x00, 0x00, 0x80, 0x00, 0x00, 0x80, 0x00, 0x00, 0x80, 0x00, 0x00, 
		0x70, 0x59, 0x59, 0x69, 0x68, 0x68, 0x68, 0x68, 0x68, 0x68, 0x68, 0x68, 0x68, 0x68, 0x68, 0x68, 
		0x68, 0x68, 0x68, 0x68, 0x68, 0x68, 0x5A, 0x5A, 0x6A, 0x00, 0x00, 0x70, 0x00, 0x00, 0x74, 0x00, 
		0x00, 0x80, 0x00, 0x00, 0x80, 0x00, 0x00, 0x80, 0x00, 0x00, 0x80, 0x00, 0x00, 0x80, 0x00, 0x00, 
		0x80, 0x00, 0x00, 0x80, 0x00, 0x00, 0x80, 0x00, 0x00, 0x80, 0x00, 0x00, 0x80, 0x00, 0x00, 0x80, 
		0x00, 0x00, 0x80, 0x00, 0x00, 0x80, 0x00, 0x00, 0x80, 0x00, 0x00, 0x80, 0x00, 0x00, 0x80, 0x00, 
		0x00, 0x80, 0x00, 0x00, 0x80, 0x00, 0x00, 0x80, 0x00, 0x00, 0x74, 0x00, 0x00, 0x42, 0xA7, 0xA7, 
		0xA7, 0xBB, 0xBB, 0xBB, 0xC2, 0xC2, 0xC2, 0xC2, 0xC2, 0xC2, 0xC2, 0xC2, 0xC2, 0xC2, 0xC2, 0xC2, 
		0xC2, 0xC2, 0xC2, 0xC2, 0xC2, 0xC2, 0xA8, 0xA8, 0xA8, 0x91, 0x91, 0x91, 0x93, 0x93, 0x96, 0x00, 
		0x00, 0x74, 0x00, 0x00, 0x80, 0x00, 0x00, 0x80, 0x00, 0x00, 0x80, 0x00, 0x00, 0x80, 0x00, 0x00, 
		0x80, 0x00, 0x00, 0x80, 0x00, 0x00, 0x80, 0x00, 0x00, 0x80, 0x00, 0x00, 0x80, 0x00, 0x00, 0x80, 
		0x00, 0x00, 0x80, 0x00, 0x00, 0x80, 0x00, 0x00, 0x80, 0x00, 0x00, 0x80, 0x00, 0x00, 0x80, 0x00, 
		0x00, 0x80, 0x00, 0x00, 0x80, 0x00, 0x00, 0x80, 0x68, 0x68, 0x68, 0xC2, 0xC2, 0xC2, 0xC1, 0xC1, 
		0xC1, 0xC1, 0xC1, 0xC1, 0xC1, 0xC1, 0xC1, 0xC1, 0xC1, 0xC1, 0xC1, 0xC1, 0xC1, 0xC1, 0xC1, 0xC1, 
		0xC1, 0xC1, 0xC1, 0xC1, 0xC1, 0xC1, 0xA7, 0xA7, 0xA7, 0xA8, 0xA8, 0xA8, 0xC2, 0xC2, 0xC2, 0x87, 
		0x87, 0x87, 0x00, 0x00, 0x74, 0x00, 0x00, 0x80, 0x00, 0x00, 0x80, 0x00, 0x00, 0x80, 0x00, 0x00, 
		0x80, 0x00, 0x00, 0x80, 0x00, 0x00, 0x80, 0x00, 0x00, 0x80, 0x00, 0x00, 0x80, 0x00, 0x00, 0x80, 
		0x00, 0x00, 0x80, 0x00, 0x00, 0x80, 0x00, 0x00, 0x80, 0x00, 0x00, 0x80, 0x00, 0x00, 0x80, 0x00, 
		0x00, 0x80, 0x00, 0x00, 0x80, 0x00, 0x00, 0x80, 0x68, 0x68, 0x68, 0xC2, 0xC2, 0xC2, 0xC1, 0xC1, 
		0xC1, 0xC1, 0xC1, 0xC1, 0xC1, 0xC1, 0xC1, 0xC1, 0xC1, 0xC1, 0xC1, 0xC1, 0xC1, 0xC1, 0xC1, 0xC1, 
		0xC1, 0xC1, 0xC1, 0xC1, 0xC1, 0xC1, 0xBB, 0xBB, 0xBB, 0x7D, 0x7D, 0x7D, 0xC1, 0xC1, 0xC1, 0xC2, 
		0xC2, 0xC2, 0x00, 0x00, 0x42, 0x00, 0x00, 0x80, 0x00, 0x00, 0x80, 0x00, 0x00, 0x80, 0x00, 0x00, 
		0x80, 0x00, 0x00, 0x80, 0x00, 0x00, 0x80, 0x00, 0x00, 0x80, 0x00, 0x00, 0x80, 0x00, 0x00, 0x80, 
		0x00, 0x00, 0x80, 0x00, 0x00, 0x80, 0x00, 0x00, 0x80, 0x00, 0x00, 0x80, 0x00, 0x00, 0x80, 0x00, 
		0x00, 0x80, 0x00, 0x00, 0x80, 0x00, 0x00, 0x80, 0x69, 0x69, 0x69, 0xC3, 0xC3, 0xC3, 0xC2, 0xC2, 
		0xC2, 0xC2, 0xC2, 0xC2, 0xA8, 0xA8, 0xA8, 0xA8, 0xA8, 0xA8, 0xA8, 0xA8, 0xA8, 0xA8, 0xA8, 0xA8, 
		0xA8, 0xA8, 0xA8, 0xA8, 0xA8, 0xA8, 0xA9, 0xA9, 0xA9, 0x5A, 0x5A, 0x5A, 0xC2, 0xC2, 0xC2, 0xC2, 
		0xC2, 0xC2, 0x00, 0x00, 0x43, 0x00, 0x00, 0x80, 0x00, 0x00, 0x80, 0x00, 0x00, 0x80, 0x00, 0x00, 
		0x80, 0x00, 0x00, 0x80, 0x00, 0x00, 0x80, 0x00, 0x00, 0x80, 0x00, 0x00, 0x80, 0x00, 0x00, 0x80, 
		0x00, 0x00, 0x80, 0x00, 0x00, 0x80, 0x00, 0x00, 0x80, 0x00, 0x00, 0x80, 0x00, 0x00, 0x80, 0x00, 
		0x00, 0x80, 0x00, 0x00, 0x80, 0x00, 0x00, 0x80, 0x35, 0x35, 0x35, 0x69, 0x69, 0x69, 0x68, 0x68, 
		0x68, 0x68, 0x68, 0x68, 0x66, 0x66, 0x66, 0x66, 0x66, 0x66, 0x66, 0x66, 0x66, 0x66, 0x66, 0x66, 
		0x66, 0x66, 0x66, 0x66, 0x66, 0x66, 0x67, 0x67, 0x67, 0x34, 0x34, 0x34, 0x68, 0x68, 0x68, 0x68, 
		0x68, 0x68, 0x00, 0x00, 0x43, 0x00, 0x00, 0x80, 0x00, 0x00, 0x80, 0x00, 0x00, 0x80, 0x00, 0x00, 
		0x80, 0x00, 0x00, 0x80, 0x00, 0x00, 0x80, 0x00, 0x00, 0x80, 0x00, 0x00, 0x80, 0x00, 0x00, 0x80, 
		0x00, 0x00, 0x80, 0x00, 0x00, 0x80, 0x00, 0x00, 0x80, 0x00, 0x00, 0x80, 0x00, 0x00, 0x80, 0x00, 
		0x00, 0x80, 0x00, 0x00, 0x80, 0x00, 0x00, 0x80, 0x3E, 0x3E, 0x3E, 0x79, 0x79, 0x79, 0x78, 0x78, 
		0x78, 0x78, 0x78, 0x78, 0x78, 0x78, 0x78, 0x78, 0x78, 0x78, 0x78, 0x78, 0x78, 0x78, 0x78, 0x78, 
		0x78, 0x78, 0x78, 0x78, 0x78, 0x78, 0x79, 0x79, 0x79, 0x3E, 0x3E, 0x3E, 0x78, 0x78, 0x78, 0x78, 
		0x78, 0x78, 0x68, 0x68, 0x68, 0x00, 0x00, 0x6F, 0x00, 0x00, 0x80, 0x00, 0x00, 0x80, 0x00, 0x00, 
		0x80, 0x00, 0x00, 0x80, 0x00, 0x00, 0x80, 0x00, 0x00, 0x80, 0x00, 0x00, 0x80, 0x00, 0x00, 0x80, 
		0x00, 0x00, 0x80, 0x00, 0x00, 0x80, 0x00, 0x00, 0x80, 0x00, 0x00, 0x80, 0x00, 0x00, 0x80, 0x00, 
		0x00, 0x80, 0x00, 0x00, 0x80, 0x00, 0x00, 0x80, 0x3E, 0x3E, 0x3E, 0x79, 0x79, 0x79, 0x78, 0x78, 
		0x78, 0x78, 0x78, 0x78, 0x78, 0x78, 0x78, 0x78, 0x78, 0x78, 0x78, 0x78, 0x78, 0x78, 0x78, 0x78, 
		0x78, 0x78, 0x78, 0x78, 0x78, 0x78, 0x79, 0x79, 0x79, 0x3E, 0x3E, 0x3E, 0x78, 0x78, 0x78, 0x78, 
		0x78, 0x78, 0x68, 0x68, 0x68, 0x00, 0x00, 0x6F, 0x00, 0x00, 0x80, 0x00, 0x00, 0x80, 0x00, 0x00, 
		0x80, 0x00, 0x00, 0x80, 0x00, 0x00, 0x80, 0x00, 0x00, 0x80, 0x00, 0x00, 0x80, 0x00, 0x00, 0x80, 
		0x00, 0x00, 0x80, 0x00, 0x00, 0x80, 0x00, 0x00, 0x7C, 0x5B, 0x5B, 0x6A, 0x68, 0x68, 0x68, 0x68, 
		0x68, 0x68, 0x68, 0x68, 0x68, 0x68, 0x68, 0x68, 0x68, 0x68, 0x68, 0x68, 0x68, 0x68, 0x68, 0x68, 
		0x68, 0x68, 0x68, 0x68, 0x68, 0x68, 0x68, 0x68, 0x68, 0x68, 0x68, 0x68, 0x68, 0x66, 0x66, 0x66, 
		0x66, 0x66, 0x66, 0x66, 0x66, 0x66, 0x67, 0x67, 0x67, 0x31, 0x31, 0x31, 0x66, 0x66, 0x66, 0x66, 
		0x66, 0x66, 0x57, 0x57, 0x57, 0x00, 0x00, 0x60, 0x00, 0x00, 0x80, 0x00, 0x00, 0x80, 0x00, 0x00, 
		0x80, 0x00, 0x00, 0x80, 0x00, 0x00, 0x80, 0x00, 0x00, 0x80, 0x00, 0x00, 0x80, 0x00, 0x00, 0x80, 
		0x00, 0x00, 0x80, 0x00, 0x00, 0x80, 0x00, 0x00, 0x6F, 0xA8, 0xA8, 0xA8, 0xC2, 0xC2, 0xC2, 0xC2, 
		0xC2, 0xC2, 0xC2, 0xC2, 0xC2, 0xC2, 0xC2, 0xC2, 0xC2, 0xC2, 0xC2, 0xC2, 0xC2, 0xC2, 0xC2, 0xC2, 
		0xC2, 0xC2, 0xC2, 0xC2, 0xC2, 0xC2, 0xC2, 0xC2, 0xC2, 0xC2, 0xBC, 0xBC, 0xBC, 0xA8, 0xA8, 0xA8, 
		0xA8, 0xA8, 0xA8, 0xA8, 0xA8, 0xA8, 0xA8, 0xA8, 0xA8, 0xA8, 0xA8, 0xA8, 0xA8, 0xA8, 0xA8, 0xA8, 
		0xA8, 0xA8, 0xA8, 0xA8, 0xA8, 0xA8, 0xA8, 0xA8, 0x00, 0x00, 0x43, 0x00, 0x00, 0x43, 0x00, 0x00, 
		0x58, 0x00, 0x00, 0x80, 0x00, 0x00, 0x80, 0x00, 0x00, 0x80, 0x00, 0x00, 0x80, 0x00, 0x00, 0x80, 
		0x00, 0x00, 0x80, 0x00, 0x00, 0x80, 0x00, 0x00, 0x80, 0x00, 0x00, 0x58, 0x00, 0x00, 0x43, 0x93, 
		0x93, 0x96, 0xA8, 0xA8, 0xA8, 0xA8, 0xA8, 0xA8, 0xC2, 0xC2, 0xC2, 0xC2, 0xC2, 0xC2, 0xC2, 0xC2, 
		0xC2, 0xC2, 0xC2, 0xC2, 0xC2, 0xC2, 0xC2, 0xC2, 0xC2, 0xC2, 0xC2, 0xC2, 0xC2, 0xC2, 0xC2, 0xC2, 
		0xC2, 0xC2, 0xC2, 0xC2, 0xC2, 0xC2, 0xC2, 0xC2, 0xC2, 0xC2, 0xC2, 0xC2, 0xC2, 0xC2, 0xC2, 0xC2, 
		0xC2, 0xC2, 0xC2, 0xC2, 0xC2, 0xC2, 0xC2, 0xC2, 0xC2, 0xC2, 0xC2, 0xC2, 0xC2, 0xC2, 0xB0, 0xB0, 
		0xB0, 0x69, 0x69, 0x69, 0x6A, 0x6A, 0x6A, 0x37, 0x37, 0x6E, 0x00, 0x00, 0x80, 0x00, 0x00, 0x80, 
		0x00, 0x00, 0x80, 0x00, 0x00, 0x80, 0x00, 0x00, 0x80, 0x00, 0x00, 0x80, 0x00, 0x00, 0x80, 0x00, 
		0x00, 0x74, 0x00, 0x00, 0x70, 0x00, 0x00, 0x39, 0x68, 0x68, 0x68, 0x68, 0x68, 0x68, 0x68, 0x68, 
		0x68, 0x68, 0x68, 0x68, 0x68, 0x68, 0x68, 0x68, 0x68, 0x68, 0x68, 0x68, 0x68, 0x68, 0x68, 0x68, 
		0x68, 0x68, 0x68, 0x68, 0x68, 0x68, 0x68, 0x68, 0x68, 0x68, 0x68, 0x68, 0x68, 0x68, 0x68, 0x68, 
		0x68, 0x68, 0x68, 0x68, 0x68, 0x68, 0x68, 0x68, 0x68, 0x68, 0x68, 0x68, 0x68, 0x68, 0x69, 0x69, 
		0x69, 0x6A, 0x6A, 0x6A, 0x6A, 0x6A, 0x6A, 0x37, 0x37, 0x6E, 0x00, 0x00, 0x80, 0x00, 0x00, 0x80, 
		0x00, 0x00, 0x80, 0x00, 0x00, 0x80, 0x00, 0x00, 0x80, 0x00, 0x00, 0x80, 0x00, 0x00, 0x80, 0x00, 
		0x00, 0x80, 0x00, 0x00, 0x80, 0x00, 0x00, 0x43, 0x00, 0x00, 0x00, 0x00, 0x00, 0x00, 0x79, 0x79, 
		0x79, 0x00, 0x00, 0x00, 0x00, 0x00, 0x00, 0x00, 0x00, 0x00, 0x00, 0x00, 0x00, 0x00, 0x00, 0x00, 
		0x00, 0x00, 0x00, 0x00, 0x00, 0x00, 0x00, 0x00, 0x00, 0x00, 0x00, 0x00, 0x00, 0x00, 0x00, 0x00, 
		0x00, 0x00, 0x00, 0x00, 0x00, 0x00, 0x00, 0x00, 0x00, 0x00, 0x1E, 0x00, 0x00, 0x74, 0x00, 0x00, 
		0x80, 0x00, 0x00, 0x80, 0x00, 0x00, 0x80, 0x00, 0x00, 0x80, 0x00, 0x00, 0x80, 0x00, 0x00, 0x80, 
		0x00, 0x00, 0x80, 0x00, 0x00, 0x80, 0x00, 0x00, 0x80, 0x00, 0x00, 0x80, 0x00, 0x00, 0x80, 0x00, 
		0x00, 0x80, 0x00, 0x00, 0x74, 0x00, 0x00, 0x1E, 0x00, 0x00, 0x00, 0x00, 0x00, 0x00, 0xF8, 0xF8, 
		0xF8, 0xDF, 0xDF, 0xDF, 0x00, 0x00, 0x00, 0x00, 0x00, 0x00, 0x00, 0x00, 0x00, 0x00, 0x00, 0x00, 
		0x00, 0x00, 0x00, 0x00, 0x00, 0x00, 0x00, 0x00, 0x00, 0x00, 0x00, 0x00, 0x00, 0x00, 0x00, 0x00, 
		0x00, 0x00, 0x00, 0x00, 0x00, 0x00, 0x00, 0x00, 0x00, 0x00, 0x43, 0x00, 0x00, 0x80, 0x00, 0x00, 
		0x80, 0x00, 0x00, 0x80, 0x00, 0x00, 0x80, 0x00, 0x00, 0x80, 0x00, 0x00, 0x80, 0x00, 0x00, 0x80, 
		0x00, 0x00, 0x80, 0x00, 0x00, 0x80, 0x00, 0x00, 0x80, 0x00, 0x00, 0x80, 0x00, 0x00, 0x80, 0x00, 
		0x00, 0x80, 0x8C, 0x8C, 0x8C, 0xFF, 0xFF, 0xFF, 0x8A, 0x8A, 0x8A, 0xE8, 0xE8, 0xE8, 0xFF, 0xFF, 
		0xFF, 0xFF, 0xFF, 0xFF, 0x79, 0x79, 0x79, 0x00, 0x00, 0x00, 0x00, 0x00, 0x00, 0x00, 0x00, 0x00, 
		0x00, 0x00, 0x00, 0x00, 0x00, 0x00, 0xFF, 0xFF, 0xFF, 0xB3, 0xB3, 0xB3, 0x00, 0x00, 0x00, 0x00, 
		0x00, 0x00, 0x00, 0x00, 0x00, 0x00, 0x00, 0x00, 0x00, 0x00, 0x58, 0x00, 0x00, 0x80, 0x00, 0x00, 
		0x80, 0x00, 0x00, 0x80, 0x00, 0x00, 0x80, 0x00, 0x00, 0x80, 0x00, 0x00, 0x80, 0x00, 0x00, 0x80, 
		0x00, 0x00, 0x80, 0x00, 0x00, 0x80, 0x00, 0x00, 0x80, 0x00, 0x00, 0x80, 0x00, 0x00, 0x80, 0x00, 
		0x00, 0x80, 0x8C, 0x8C, 0x8C, 0xFF, 0xFF, 0xFF, 0xFF, 0xFF, 0xFF, 0xFF, 0xFF, 0xFF, 0xFF, 0xFF, 
		0xFF, 0xFF, 0xFF, 0xFF, 0xF9, 0xF9, 0xF9, 0x79, 0x79, 0x79, 0x00, 0x00, 0x00, 0x00, 0x00, 0x00, 
		0x00, 0x00, 0x00, 0xC3, 0xC3, 0xC3, 0xFF, 0xFF, 0xFF, 0xFF, 0xFF, 0xFF, 0xC3, 0xC3, 0xC3, 0x00, 
		0x00, 0x00, 0x00, 0x00, 0x00, 0x00, 0x00, 0x00, 0x00, 0x00, 0x80, 0x00, 0x00, 0x80, 0x00, 0x00, 
		0x80, 0x00, 0x00, 0x80, 0x00, 0x00, 0x80, 0x00, 0x00, 0x80, 0x00, 0x00, 0x80, 0x00, 0x00, 0x80, 
		0x00, 0x00, 0x80, 0x00, 0x00, 0x80, 0x00, 0x00, 0x80, 0x00, 0x00, 0x80, 0x00, 0x00, 0x80, 0x00, 
		0x00, 0x80, 0x8C, 0x8C, 0x8C, 0xFF, 0xFF, 0xFF, 0xE8, 0xE8, 0xE8, 0xFF, 0xFF, 0xFF, 0xFF, 0xFF, 
		0xFF, 0xFF, 0xFF, 0xFF, 0xFF, 0xFF, 0xFF, 0xFF, 0xFF, 0xFF, 0xFF, 0xFF, 0xFF, 0xFF, 0xFF, 0xFF, 
		0xFF, 0xFF, 0xFF, 0xFF, 0xFF, 0xFF, 0xFF, 0xFF, 0xFF, 0xFF, 0xFF, 0xFF, 0xFF, 0xFF, 0xFF, 0x8C, 
		0x8C, 0x8C, 0xFF, 0xFF, 0xFF, 0x8C, 0x8C, 0x8C, 0x00, 0x00, 0x80, 0x00, 0x00, 0x80, 0x00, 0x00, 
		0x80, 0x00, 0x00, 0x80, 0x00, 0x00, 0x80, 0x00, 0x00, 0x80, 0x00, 0x00, 0x80, 0x00, 0x00, 0x80, 
		0x00, 0x00, 0x80, 0x00, 0x00, 0x80, 0x00, 0x00, 0x80, 0x00, 0x00, 0x80, 0x00, 0x00, 0x80, 0x00, 
		0x00, 0x80, 0x46, 0x46, 0x75, 0xE8, 0xE8, 0xE8, 0x8A, 0x8A, 0x8A, 0xFF, 0xFF, 0xFF, 0xFF, 0xFF, 
		0xFF, 0xFF, 0xFF, 0xFF, 0xFF, 0xFF, 0xFF, 0xFF, 0xFF, 0xFF, 0xFF, 0xFF, 0xFF, 0xFF, 0xFF, 0xFF, 
		0xE7, 0xE7, 0xE7, 0xE7, 0xE7, 0xE7, 0xFF, 0xFF, 0xFF, 0xFF, 0xFF, 0xFF, 0xFF, 0xFF, 0xFF, 0x8C, 
		0x8C, 0x8C, 0xFF, 0xFF, 0xFF, 0x8C, 0x8C, 0x8C, 0x00, 0x00, 0x80, 0x00, 0x00, 0x80, 0x00, 0x00, 
		0x80, 0x00, 0x00, 0x80, 0x00, 0x00, 0x80, 0x00, 0x00, 0x80, 0x00, 0x00, 0x80, 0x00, 0x00, 0x80, 
		0x00, 0x00, 0x80, 0x00, 0x00, 0x80, 0x00, 0x00, 0x80, 0x00, 0x00, 0x80, 0x00, 0x00, 0x80, 0x00, 
		0x00, 0x80, 0x00, 0x00, 0x80, 0x00, 0x00, 0x58, 0x8C, 0x8C, 0x8C, 0xFF, 0xFF, 0xFF, 0xFF, 0xFF, 
		0xFF, 0xFF, 0xFF, 0xFF, 0xFF, 0xFF, 0xFF, 0xFF, 0xFF, 0xFF, 0xFF, 0xFF, 0xFF, 0xFF, 0xFF, 0xFF, 
		0xFF, 0xFF, 0xFF, 0xB3, 0xB3, 0xB3, 0x8C, 0x8C, 0x8C, 0x8C, 0x8C, 0x8C, 0x8A, 0x8A, 0x8A, 0xE8, 
		0xE8, 0xE8, 0xFF, 0xFF, 0xFF, 0x8C, 0x8C, 0x8C, 0x00, 0x00, 0x80, 0x00, 0x00, 0x80, 0x00, 0x00, 
		0x80, 0x00, 0x00, 0x80, 0x00, 0x00, 0x80, 0x00, 0x00, 0x80, 0x00, 0x00, 0x80, 0x00, 0x00, 0x80, 
		0x00, 0x00, 0x80, 0x00, 0x00, 0x80, 0x00, 0x00, 0x80, 0x00, 0x00, 0x80, 0x00, 0x00, 0x80, 0x00, 
		0x00, 0x80, 0x00, 0x00, 0x80, 0x00, 0x00, 0x80, 0x8C, 0x8C, 0x8C, 0xFF, 0xFF, 0xFF, 0xFF, 0xFF, 
		0xFF, 0xFF, 0xFF, 0xFF, 0xFF, 0xFF, 0xFF, 0xFF, 0xFF, 0xFF, 0xFF, 0xFF, 0xFF, 0xFF, 0xFF, 0xFF, 
		0xFF, 0xFF, 0xFF, 0xFF, 0xFF, 0xFF, 0xFF, 0xFF, 0xFF, 0xFF, 0xFF, 0xFF, 0xFF, 0xFF, 0xFF, 0xFF, 
		0xFF, 0xFF, 0xFF, 0xFF, 0xFF, 0x8C, 0x8C, 0x8C, 0x00, 0x00, 0x80, 0x00, 0x00, 0x80, 0x00, 0x00, 
		0x80, 0x00, 0x00, 0x80, 0x00, 0x00, 0x80, 0x00, 0x00, 0x80, 0x00, 0x00, 0x80, 0x00, 0x00, 0x80, 
		0x00, 0x00, 0x80, 0x00, 0x00, 0x80, 0x00, 0x00, 0x80, 0x00, 0x00, 0x80, 0x00, 0x00, 0x80, 0x00, 
		0x00, 0x80, 0x00, 0x00, 0x80, 0x00, 0x00, 0x74, 0x8B, 0x8B, 0x8B, 0xFF, 0xFF, 0xFF, 0xFF, 0xFF, 
		0xFF, 0xFF, 0xFF, 0xFF, 0xFF, 0xFF, 0xFF, 0xFF, 0xFF, 0xFF, 0xFF, 0xFF, 0xFF, 0xFF, 0xFF, 0xFF, 
		0xFF, 0xFF, 0xFF, 0xFF, 0xFF, 0xFF, 0xFF, 0xFF, 0xFF, 0xFF, 0xFF, 0xFF, 0xFF, 0xFF, 0xFF, 0xFF, 
		0xFF, 0xFF, 0xFF, 0xFF, 0xFF, 0x8B, 0x8B, 0x8B, 0x00, 0x00, 0x80, 0x00, 0x00, 0x80, 0x00, 0x00, 
		0x80, 0x00, 0x00, 0x80, 0x00, 0x00, 0x80, 0x00, 0x00, 0x80, 0x00, 0x00, 0x80, 0x00, 0x00, 0x80, 
		0x00, 0x00, 0x80, 0x00, 0x00, 0x80, 0x00, 0x00, 0x80, 0x00, 0x00, 0x80, 0x00, 0x00, 0x80, 0x00, 
		0x00, 0x80, 0x00, 0x00, 0x74, 0x88, 0x88, 0x8A, 0x96, 0x96, 0x96, 0xE8, 0xE8, 0xE8, 0xFF, 0xFF, 
		0xFF, 0xFF, 0xFF, 0xFF, 0xFF, 0xFF, 0xFF, 0xFF, 0xFF, 0xFF, 0xFF, 0xFF, 0xFF, 0xFF, 0xFF, 0xFF, 
		0x8C, 0x8C, 0x8C, 0x8C, 0x8C, 0x8C, 0x8C, 0x8C, 0x8C, 0x8C, 0x8C, 0x8C, 0xB3, 0xB3, 0xB3, 0xFF, 
		0xFF, 0xFF, 0xE8, 0xE8, 0xE8, 0x96, 0x96, 0x96, 0x00, 0x00, 0x58, 0x00, 0x00, 0x80, 0x00, 0x00, 
		0x80, 0x00, 0x00, 0x80, 0x00, 0x00, 0x80, 0x00, 0x00, 0x80, 0x00, 0x00, 0x80, 0x00, 0x00, 0x80, 
		0x00, 0x00, 0x80, 0x00, 0x00, 0x80, 0x00, 0x00, 0x80, 0x00, 0x00, 0x80, 0x00, 0x00, 0x7D, 0x52, 
		0x52, 0x63, 0x7D, 0x7D, 0x7D, 0xB4, 0xB4, 0xB4, 0xB4, 0xB4, 0xB4, 0x7D, 0x7D, 0x7D, 0xE8, 0xE8, 
		0xE8, 0xFF, 0xFF, 0xFF, 0xFF, 0xFF, 0xFF, 0xFF, 0xFF, 0xFF, 0xFF, 0xFF, 0xFF, 0xFF, 0xFF, 0xFF, 
		0xFF, 0xFF, 0xFF, 0xFF, 0xFF, 0xFF, 0xFF, 0xFF, 0xFF, 0xFF, 0xFF, 0xFF, 0xFF, 0xFF, 0xFF, 0xFF, 
		0xFF, 0xFF, 0xDF, 0xDF, 0xDF, 0x9A, 0x9A, 0x9A, 0xA3, 0xA3, 0xA3, 0x5F, 0x5F, 0x5F, 0x00, 0x00, 
		0x6F, 0x00, 0x00, 0x7C, 0x00, 0x00, 0x80, 0x00, 0x00, 0x80, 0x00, 0x00, 0x80, 0x00, 0x00, 0x80, 
		0x00, 0x00, 0x80, 0x00, 0x00, 0x80, 0x00, 0x00, 0x80, 0x00, 0x00, 0x58, 0x52, 0x52, 0x63, 0xAE, 
		0xAE, 0xAE, 0xB4, 0xB4, 0xB4, 0xB3, 0xB3, 0xB3, 0xB3, 0xB3, 0xB3, 0xB4, 0xB4, 0xB4, 0x41, 0x41, 
		0x41, 0xE8, 0xE8, 0xE8, 0xFF, 0xFF, 0xFF, 0xFF, 0xFF, 0xFF, 0xFF, 0xFF, 0xFF, 0xFF, 0xFF, 0xFF, 
		0xFF, 0xFF, 0xFF, 0xFF, 0xFF, 0xFF, 0xFF, 0xFF, 0xFF, 0xFF, 0xFF, 0xFF, 0xFF, 0xFF, 0xFF, 0xFF, 
		0xFF, 0xFF, 0x90, 0x90, 0x90, 0xAE, 0xAE, 0xAE, 0xB3, 0xB3, 0xB3, 0xB4, 0xB4, 0xB4, 0x9C, 0x9C, 
		0x9C, 0x53, 0x53, 0x64, 0x00, 0x00, 0x80, 0x00, 0x00, 0x80, 0x00, 0x00, 0x80, 0x00, 0x00, 0x80, 
		0x00, 0x00, 0x80, 0x00, 0x00, 0x74, 0x2C, 0x2C, 0x69, 0xA3, 0xA3, 0xA3, 0xB3, 0xB3, 0xB3, 0xB3, 
		0xB3, 0xB3, 0xB3, 0xB3, 0xB3, 0xB3, 0xB3, 0xB3, 0xB3, 0xB3, 0xB3, 0xB3, 0xB3, 0xB3, 0x9B, 0x9B, 
		0x9B, 0x7A, 0x7A, 0x7A, 0xE7, 0xE7, 0xE7, 0xFF, 0xFF, 0xFF, 0xFF, 0xFF, 0xFF, 0xFF, 0xFF, 0xFF, 
		0xFF, 0xFF, 0xFF, 0xFF, 0xFF, 0xFF, 0xF7, 0xF7, 0xF7, 0xF7, 0xF7, 0xF7, 0xFF, 0xFF, 0xFF, 0xE7, 
		0xE7, 0xE7, 0x60, 0x60, 0x60, 0xB4, 0xB4, 0xB4, 0xB3, 0xB3, 0xB3, 0xB3, 0xB3, 0xB3, 0xB3, 0xB3, 
		0xB3, 0xB3, 0xB3, 0xB3, 0x60, 0x60, 0x60, 0x2E, 0x2E, 0x6A, 0x00, 0x00, 0x80, 0x00, 0x00, 0x80, 
		0x00, 0x00, 0x74, 0x88, 0x88, 0x8A, 0x8F, 0x8F, 0x8F, 0x60, 0x60, 0x60, 0xB3, 0xB3, 0xB3, 0xB3, 
		0xB3, 0xB3, 0xB3, 0xB3, 0xB3, 0xB3, 0xB3, 0xB3, 0xB3, 0xB3, 0xB3, 0xB3, 0xB3, 0xB3, 0xAE, 0xAE, 
		0xAE, 0x92, 0x92, 0x92, 0xCC, 0xCC, 0xCC, 0x8A, 0x8A, 0x8A, 0xFF, 0xFF, 0xFF, 0xFF, 0xFF, 0xFF, 
		0xFF, 0xFF, 0xFF, 0xFF, 0xFF, 0xFF, 0xA6, 0xA6, 0xA6, 0xF7, 0xF7, 0xF7, 0xE7, 0xE7, 0xE7, 0xCB, 
		0xCB, 0xCB, 0x60, 0x60, 0x60, 0xB4, 0xB4, 0xB4, 0xB3, 0xB3, 0xB3, 0xB3, 0xB3, 0xB3, 0xB3, 0xB3, 
		0xB3, 0xB3, 0xB3, 0xB3, 0xB4, 0xB4, 0xB4, 0xA2, 0xA2, 0xA2, 0x00, 0x00, 0x42, 0x00, 0x00, 0x74, 
		0x7D, 0x7D, 0x7D, 0xB4, 0xB4, 0xB4, 0xB3, 0xB3, 0xB3, 0xB3, 0xB3, 0xB3, 0x5F, 0x5F, 0x5F, 0x8F, 
		0x8F, 0x8F, 0xA2, 0xA2, 0xA2, 0xB3, 0xB3, 0xB3, 0xB3, 0xB3, 0xB3, 0xB3, 0xB3, 0xB3, 0xB3, 0xB3, 
		0xB3, 0xB3, 0xB3, 0xB3, 0x8F, 0x8F, 0x8F, 0xF9, 0xF9, 0xF9, 0x8C, 0x8C, 0x8C, 0x4A, 0x4A, 0x4A, 
		0x00, 0x00, 0x00, 0x00, 0x00, 0x00, 0x00, 0x00, 0x00, 0x00, 0x00, 0x00, 0xB4, 0xB4, 0xB4, 0xE9, 
		0xE9, 0xE9, 0x7D, 0x7D, 0x7D, 0xB4, 0xB4, 0xB4, 0xB3, 0xB3, 0xB3, 0xB3, 0xB3, 0xB3, 0xB3, 0xB3, 
		0xB3, 0xB4, 0xB4, 0xB4, 0x9C, 0x9C, 0x9C, 0x73, 0x73, 0x73, 0xB4, 0xB4, 0xB4, 0x7D, 0x7D, 0x7D, 
		0xB4, 0xB4, 0xB4, 0xB3, 0xB3, 0xB3, 0xB3, 0xB3, 0xB3, 0xB3, 0xB3, 0xB3, 0xB4, 0xB4, 0xB4, 0xA2, 
		0xA2, 0xA2, 0x8E, 0x8E, 0x8E, 0xA2, 0xA2, 0xA2, 0xB3, 0xB3, 0xB3, 0xB3, 0xB3, 0xB3, 0xB3, 0xB3, 
		0xB3, 0xB3, 0xB3, 0xB3, 0xAE, 0xAE, 0xAE, 0x8F, 0x8F, 0x8F, 0xFF, 0xFF, 0xFF, 0x8C, 0x8C, 0x8C, 
		0x00, 0x00, 0x00, 0x00, 0x00, 0x00, 0x00, 0x00, 0x00, 0x00, 0x00, 0x00, 0xFF, 0xFF, 0xFF, 0x8A, 
		0x8A, 0x8A, 0xB4, 0xB4, 0xB4, 0xB3, 0xB3, 0xB3, 0xB3, 0xB3, 0xB3, 0xB3, 0xB3, 0xB3, 0xB4, 0xB4, 
		0xB4, 0x7D, 0x7D, 0x7D, 0x9B, 0x9B, 0x9B, 0xAE, 0xAE, 0xAE, 0xB3, 0xB3, 0xB3, 0xB4, 0xB4, 0xB4, 
		0xB3, 0xB3, 0xB3, 0xB3, 0xB3, 0xB3, 0xB3, 0xB3, 0xB3, 0xB3, 0xB3, 0xB3, 0xB3, 0xB3, 0xB3, 0xA2, 
		0xA2, 0xA2, 0x7D, 0x7D, 0x7D, 0xB4, 0xB4, 0xB4, 0xB3, 0xB3, 0xB3, 0xB3, 0xB3, 0xB3, 0xB3, 0xB3, 
		0xB3, 0xB3, 0xB3, 0xB3, 0xB4, 0xB4, 0xB4, 0x7D, 0x7D, 0x7D, 0xE9, 0xE9, 0xE9, 0xB4, 0xB4, 0xB4, 
		0x00, 0x00, 0x00, 0x00, 0x00, 0x00, 0x00, 0x00, 0x00, 0x79, 0x79, 0x79, 0xF9, 0xF9, 0xF9, 0x8F, 
		0x8F, 0x8F, 0xB3, 0xB3, 0xB3, 0xB3, 0xB3, 0xB3, 0xB3, 0xB3, 0xB3, 0xB3, 0xB3, 0xB3, 0xA2, 0xA2, 
		0xA2, 0x8E, 0x8E, 0x8E, 0xB4, 0xB4, 0xB4, 0xB3, 0xB3, 0xB3, 0xB3, 0xB3, 0xB3, 0xB3, 0xB3, 0xB3, 
		0xB3, 0xB3, 0xB3, 0xB3, 0xB3, 0xB3, 0xB3, 0xB3, 0xB3, 0xB3, 0xB3, 0xB3, 0xA2, 0xA2, 0xA2, 0x8E, 
		0x8E, 0x8E, 0xB4, 0xB4, 0xB4, 0xB3, 0xB3, 0xB3, 0xB3, 0xB3, 0xB3, 0xB3, 0xB3, 0xB3, 0xB3, 0xB3, 
		0xB3, 0xB3, 0xB3, 0xB3, 0xB3, 0xB3, 0xB3, 0xB4, 0xB4, 0xB4, 0x95, 0x95, 0x95, 0xE9, 0xE9, 0xE9, 
		0x00, 0x00, 0x00, 0x00, 0x00, 0x00, 0x00, 0x00, 0x00, 0xE0, 0xE0, 0xE0, 0x8F, 0x8F, 0x8F, 0xAE, 
		0xAE, 0xAE, 0xB3, 0xB3, 0xB3, 0xB3, 0xB3, 0xB3, 0xB3, 0xB3, 0xB3, 0xB3, 0xB3, 0xB3, 0xB3, 0xB3, 
		0xB3, 0xA2, 0xA2, 0xA2, 0x7D, 0x7D, 0x7D, 0xB4, 0xB4, 0xB4, 0xB3, 0xB3, 0xB3, 0xB3, 0xB3, 0xB3, 
		0xB3, 0xB3, 0xB3, 0xB3, 0xB3, 0xB3, 0xB3, 0xB3, 0xB3, 0xB3, 0xB3, 0xB3, 0x73, 0x73, 0x73, 0xAE, 
		0xAE, 0xAE, 0xB3, 0xB3, 0xB3, 0xB3, 0xB3, 0xB3, 0xB3, 0xB3, 0xB3, 0xB3, 0xB3, 0xB3, 0xB3, 0xB3, 
		0xB3, 0xB3, 0xB3, 0xB3, 0xB3, 0xB3, 0xB3, 0xB3, 0xB3, 0xB3, 0xA3, 0xA3, 0xA3, 0x2E, 0x2E, 0x2E, 
		0x00, 0x00, 0x00, 0x00, 0x00, 0x00, 0x00, 0x00, 0x00, 0x00, 0x00, 0x00, 0x5F, 0x5F, 0x5F, 0xB4, 
		0xB4, 0xB4, 0xB3, 0xB3, 0xB3, 0xB3, 0xB3, 0xB3, 0xB3, 0xB3, 0xB3, 0xB3, 0xB3, 0xB3, 0xB3, 0xB3, 
		0xB3, 0xB3, 0xB3, 0xB3, 0xA2, 0xA2, 0xA2, 0x8E, 0x8E, 0x8E, 0xB3, 0xB3, 0xB3, 0xB3, 0xB3, 0xB3, 
		0xB3, 0xB3, 0xB3, 0xB3, 0xB3, 0xB3, 0xB3, 0xB3, 0xB3, 0xB3, 0xB3, 0xB3, 0xAE, 0xAE, 0xAE, 0x73, 
		0x73, 0x73, 0xB3, 0xB3, 0xB3, 0xB3, 0xB3, 0xB3, 0xB3, 0xB3, 0xB3, 0xB3, 0xB3, 0xB3, 0xB3, 0xB3, 
		0xB3, 0xB3, 0xB3, 0xB3, 0xB3, 0xB3, 0xB3, 0xB3, 0xB3, 0xB3, 0xB4, 0xB4, 0xB4, 0x61, 0x61, 0x61, 
		0x00, 0x00, 0x00, 0x00, 0x00, 0x00, 0x00, 0x00, 0x00, 0x00, 0x00, 0x00, 0xA3, 0xA3, 0xA3, 0xB3, 
		0xB3, 0xB3, 0xB3, 0xB3, 0xB3, 0xB3, 0xB3, 0xB3, 0xB3, 0xB3, 0xB3, 0xB3, 0xB3, 0xB3, 0xB3, 0xB3, 
		0xB3, 0xB3, 0xB3, 0xB3, 0xA2, 0xA2, 0xA2, 0x8E, 0x8E, 0x8E, 0xB3, 0xB3, 0xB3, 0xB3, 0xB3, 0xB3
	},
	.mask = {
		true , true , true , true , true , true , true , true , true , true , false, false, false, false, false, false, 
		false, false, false, true , true , true , true , true , true , true , true , true , true , true , true , true , 
		true , true , true , true , true , true , true , true , true , false, false, false, false, false, false, false, 
		false, false, false, false, false, true , true , true , true , true , true , true , true , true , true , true , 
		true , true , true , true , true , true , true , true , false, false, false, false, false, false, false, false, 
		false, false, false, false, false, false, true , true , true , true , true , true , true , true , true , true , 
		true , true , true , true , true , true , true , false, false, false, false, false, false, false, false, false, 
		false, false, false, false, false, false, false, true , true , true , true , true , true , true , true , true , 
		true , true , true , true , true , true , true , false, false, false, false, false, false, false, false, false, 
		false, false, false, false, false, false, false, true , true , true , true , true , true , true , true , true , 
		true , true , true , true , true , true , true , false, false, false, false, false, false, false, false, false, 
		false, false, false, false, false, false, false, true , true , true , true , true , true , true , true , true , 
		true , true , true , true , true , true , true , false, false, false, false, false, false, false, false, false, 
		false, false, false, false, false, false, false, false, true , true , true , true , true , true , true , true , 
		true , true , true , true , true , true , true , false, false, false, false, false, false, false, false, false, 
		false, false, false, false, false, false, false, false, true , true , true , true , true , true , true , true , 
		true , true , true , false, false, false, false, false, false, false, false, false, false, false, false, false, 
		false, false, false, false, false, false, false, false, true , true , true , true , true , true , true , true , 
		true , true , false, false, false, false, false, false, false, false, false, false, false, false, false, false, 
		false, false, false, false, false, false, false, false, false, false, false, true , true , true , true , true , 
		true , true , true , false, false, false, false, false, false, false, false, false, false, false, false, false, 
		false, false, false, false, false, false, false, false, false, false, false, false, false, false, true , true , 
		true , true , true , true , true , false, false, false, false, false, false, false, false, false, false, false, 
		false, false, false, false, false, false, false, false, false, false, false, false, false, false, true , true , 
		true , true , true , true , true , true , true , true , false, false, false, false, false, false, false, false, 
		false, false, false, false, false, false, false, false, false, false, true , true , true , true , true , true , 
		true , true , true , true , true , true , true , false, false, false, false, false, false, false, false, false, 
		false, false, false, false, false, false, false, false, false, true , true , true , true , true , true , true , 
		true , true , true , true , true , true , false, false, false, false, false, false, false, false, false, false, 
		false, false, false, false, false, false, false, false, false, true , true , true , true , true , true , true , 
		true , true , true , true , true , true , false, false, false, false, false, false, false, false, false, false, 
		false, false, false, false, false, false, false, false, true , true , true , true , true , true , true , true , 
		true , true , true , true , true , true , false, false, false, false, false, false, false, false, false, false, 
		false, false, false, false, false, false, false, false, true , true , true , true , true , true , true , true , 
		true , true , true , true , true , true , false, false, false, false, false, false, false, false, false, false, 
		false, false, false, false, false, false, false, false, true , true , true , true , true , true , true , true , 
		true , true , true , true , true , true , true , false, false, false, false, false, false, false, false, false, 
		false, false, false, false, false, false, false, false, true , true , true , true , true , true , true , true , 
		true , true , true , true , true , true , true , true , false, false, false, false, false, false, false, false, 
		false, false, false, false, false, false, false, false, true , true , true , true , true , true , true , true , 
		true , true , true , true , true , true , true , false, false, false, false, false, false, false, false, false, 
		false, false, false, false, false, false, false, false, true , true , true , true , true , true , true , true , 
		true , true , true , true , true , true , false, false, false, false, false, false, false, false, false, false, 
		false, false, false, false, false, false, false, false, false, true , true , true , true , true , true , true , 
		true , true , true , true , true , false, false, false, false, false, false, false, false, false, false, false, 
		false, false, false, false, false, false, false, false, false, false, false, true , true , true , true , true , 
		true , true , true , false, false, false, false, false, false, false, false, false, false, false, false, false, 
		false, false, false, false, false, false, false, false, false, false, false, false, true , true , true , true , 
		true , false, false, false, false, false, false, false, false, false, false, false, false, false, false, false, 
		false, false, false, false, false, false, false, false, false, false, false, false, false, false, true , true , 
		false, false, false, false, false, false, false, false, false, false, false, false, false, false, false, false, 
		false, false, false, false, false, false, false, false, false, false, false, false, false, false, false, true , 
		false, false, false, false, false, false, false, false, false, false, false, false, false, false, false, false, 
		false, false, false, false, false, false, false, false, false, false, false, false, false, false, false, false, 
		false, false, false, false, false, false, false, false, false, false, false, false, false, false, false, false, 
		false, false, false, false, false, false, false, false, false, false, false, false, false, false, false, false, 
		false, false, false, false, false, false, false, false, false, false, false, false, false, false, false, false, 
		false, false, false, false, false, false, false, false, false, false, false, false, false, false, false, false, 
		false, false, false, false, false, false, false, false, false, false, false, false, false, false, false, false, 
		false, false, false, false, false, false, false, false, false, false, false, false, false, false, false, false, 
		false, false, false, false, false, false, false, false, false, false, false, false, false, false, false, false, 
		false, false, false, false, false, false, false, false, false, false, false, false, false, false, false, false, 
		false, false, false, false, false, false, false, false, false, false, false, false, false, false, false, false, 
		false, false, false, false, false, false, false, false, false, false, false, false, false, false, false, false
	}
};

const pwder_style::icon32 ok PROGMEM = {
	.bitmap = {
		0x00, 0x00, 0x80, 0x00, 0x00, 0x80, 0x00, 0x00, 0x80, 0x00, 0x00, 0x80, 0x00, 0x00, 0x80, 0x00, 
		0x00, 0x80, 0x00, 0x00, 0x80, 0x00, 0x00, 0x80, 0x00, 0x00, 0x80, 0x00, 0x00, 0x80, 0x00, 0x00, 
		0x80, 0x00, 0x00, 0x80, 0x00, 0x00, 0x80, 0x00, 0x00, 0x80, 0x00, 0x00, 0x80, 0x00, 0x00, 0x80, 
		0x00, 0x00, 0x80, 0x00, 0x00, 0x80, 0x00, 0x00, 0x80, 0x00, 0x00, 0x80, 0x00, 0x00, 0x80, 0x00, 
		0x00, 0x80, 0x00, 0x00, 0x80, 0x00, 0x00, 0x80, 0x00, 0x00, 0x80, 0x00, 0x00, 0x80, 0x00, 0x00, 
		0x80, 0x00, 0x00, 0x80, 0x00, 0x00, 0x80, 0x00, 0x00, 0x80, 0x00, 0x00, 0x80, 0x00, 0x00, 0x80, 
		0x00, 0x00, 0x80, 0x00, 0x00, 0x80, 0x00, 0x00, 0x80, 0x00, 0x00, 0x80, 0x00, 0x00, 0x80, 0x00, 
		0x00, 0x80, 0x00, 0x00, 0x80, 0x00, 0x00, 0x80, 0x00, 0x00, 0x80, 0x00, 0x00, 0x80, 0x00, 0x00, 
		0x80, 0x00, 0x00, 0x80, 0x00, 0x00, 0x00, 0x00, 0x00, 0x00, 0x00, 0x00, 0x00, 0x00, 0x00, 0x00, 
		0x00, 0x00, 0x00, 0x00, 0x00, 0x00, 0x00, 0x00, 0x00, 0x00, 0x00, 0x80, 0x00, 0x00, 0x80, 0x00, 
		0x00, 0x80, 0x00, 0x00, 0x80, 0x00, 0x00, 0x80, 0x00, 0x00, 0x80, 0x00, 0x00, 0x80, 0x00, 0x00, 
		0x80, 0x00, 0x00, 0x80, 0x00, 0x00, 0x80, 0x00, 0x00, 0x80, 0x00, 0x00, 0x80, 0x00, 0x00, 0x80, 
		0x00, 0x00, 0x80, 0x00, 0x00, 0x80, 0x00, 0x00, 0x80, 0x00, 0x00, 0x80, 0x00, 0x00, 0x80, 0x00, 
		0x00, 0x80, 0x00, 0x00, 0x80, 0x00, 0x00, 0x80, 0x00, 0x00, 0x80, 0x00, 0x00, 0x00, 0x00, 0x00, 
		0x00, 0x00, 0x00, 0x00, 0x00, 0x80, 0x00, 0x00, 0x80, 0x00, 0x00, 0x80, 0x00, 0x00, 0x80, 0x00, 
		0x00, 0x80, 0x00, 0x00, 0x80, 0x00, 0x00, 0x80, 0x00, 0x00, 0x00, 0x00, 0x00, 0x00, 0x00, 0x00, 
		0x00, 0x00, 0x00, 0x00, 0x80, 0x00, 0x00, 0x80, 0x00, 0x00, 0x80, 0x00, 0x00, 0x80, 0x00, 0x00, 
		0x80, 0x00, 0x00, 0x80, 0x00, 0x00, 0x80, 0x00, 0x00, 0x80, 0x00, 0x00, 0x80, 0x00, 0x00, 0x80, 
		0x00, 0x00, 0x80, 0x00, 0x00, 0x80, 0x00, 0x00, 0x80, 0x00, 0x00, 0x80, 0x00, 0x00, 0x80, 0x00, 
		0x00, 0x80, 0x00, 0x00, 0x80, 0x00, 0x00, 0x00, 0x00, 0x00, 0x00, 0x00, 0x80, 0x00, 0x00, 0x80, 
		0x00, 0x00, 0x80, 0x00, 0x00, 0x80, 0x00, 0x00, 0x80, 0x00, 0x00, 0x80, 0x00, 0x00, 0x80, 0x00, 
		0x00, 0x80, 0x00, 0x00, 0x80, 0x00, 0x00, 0x80, 0x00, 0x00, 0x80, 0x00, 0x00, 0x80, 0x00, 0x00, 
		0x80, 0x00, 0x00, 0x00, 0x00, 0x00, 0x00, 0x00, 0x00, 0x00, 0x80, 0x00, 0x00, 0x80, 0x00, 0x00, 
		0x80, 0x00, 0x00, 0x80, 0x00, 0x00, 0x80, 0x00, 0x00, 0x80, 0x00, 0x00, 0x80, 0x00, 0x00, 0x80, 
		0x00, 0x00, 0x80, 0x00, 0x00, 0x80, 0x00, 0x00, 0x80, 0x00, 0x00, 0x80, 0x00, 0x00, 0x80, 0x00, 
		0x00, 0x80, 0x00, 0x00, 0x00, 0x00, 0x80, 0x00, 0x00, 0x80, 0x00, 0x00, 0x80, 0x00, 0x00, 0x80, 
		0x00, 0x00, 0x80, 0x00, 0x00, 0x80, 0x00, 0x00, 0x80, 0x00, 0x00, 0x80, 0x00, 0x00, 0x80, 0x00, 
		0x00, 0x80, 0x00, 0x00, 0x80, 0x00, 0x00, 0x80, 0x00, 0x00, 0x80, 0x00, 0x00, 0x80, 0x00, 0x00, 
		0x80, 0x00, 0x00, 0x80, 0x00, 0x00, 0x80, 0x00, 0x00, 0x00, 0x00, 0x00, 0x00, 0x80, 0x00, 0x00, 
		0x80, 0x00, 0x00, 0x80, 0x00, 0x00, 0x80, 0x00, 0x00, 0x80, 0x00, 0x00, 0x80, 0x00, 0x00, 0x80, 
		0x00, 0x00, 0x80, 0x00, 0x00, 0x80, 0x00, 0x00, 0x80, 0x00, 0x00, 0x80, 0x00, 0x00, 0x80, 0x00, 
		0x00, 0x00, 0x00, 0x80, 0x00, 0x00, 0x80, 0x00, 0x00, 0x80, 0x00, 0x00, 0x80, 0x00, 0x00, 0x80, 
		0x00, 0x00, 0x80, 0x00, 0x00, 0x80, 0x00, 0x00, 0x80, 0x00, 0x00, 0x80, 0x00, 0x00, 0x80, 0x00, 
		0x00, 0x80, 0x00, 0x00, 0x80, 0x00, 0x00, 0x80, 0x00, 0x00, 0x80, 0x00, 0x00, 0x80, 0x00, 0x00, 
		0x80, 0x00, 0x00, 0x80, 0x00, 0x00, 0x80, 0x00, 0x00, 0x80, 0x00, 0x00, 0x00, 0x00, 0x00, 0x00, 
		0x80, 0x00, 0x00, 0x80, 0x00, 0x00, 0x80, 0x00, 0x00, 0x80, 0x00, 0x00, 0x80, 0x00, 0x00, 0x80, 
		0x00, 0x00, 0x80, 0x00, 0x00, 0x80, 0x00, 0x00, 0x80, 0x00, 0x00, 0x80, 0x00, 0x00, 0x00, 0x00, 
		0x80, 0x00, 0x00, 0x80, 0x00, 0x00, 0x80, 0x00, 0x00, 0x80, 0x00, 0x00, 0x80, 0x00, 0x00, 0x80, 
		0x00, 0x00, 0x80, 0x00, 0x00, 0x80, 0x00, 0x00, 0x80, 0x00, 0x00, 0x80, 0x00, 0x00, 0x80, 0x00, 
		0x00, 0x80, 0x00, 0x00, 0x80, 0x00, 0x00, 0x80, 0x00, 0x00, 0x80, 0x00, 0x00, 0x80, 0x00, 0x00, 
		0x80, 0x00, 0x00, 0x80, 0x00, 0x00, 0x80, 0x00, 0x00, 0x80, 0x00, 0x00, 0x80, 0x00, 0x00, 0x00, 
		0x00, 0x00, 0x00, 0x80, 0x00, 0x00, 0x80, 0x00, 0x00, 0x80, 0x00, 0x00, 0x80, 0x00, 0x00, 0x80, 
		0x00, 0x00, 0x80, 0x00, 0x00, 0x80, 0x00, 0x00, 0x80, 0x00, 0x00, 0x00, 0x00, 0x80, 0x00, 0x00, 
		0x80, 0x00, 0x00, 0x80, 0x00, 0x00, 0x80, 0x00, 0x00, 0x80, 0x00, 0x00, 0x80, 0x00, 0x00, 0x80, 
		0x00, 0x00, 0x80, 0x00, 0x00, 0x80, 0x00, 0x00, 0x80, 0x00, 0x00, 0x80, 0x00, 0x00, 0x80, 0x00, 
		0x00, 0x80, 0x00, 0x00, 0x80, 0x00, 0x00, 0x80, 0x00, 0x00, 0x80, 0x00, 0x00, 0x80, 0x00, 0x00, 
		0x80, 0x00, 0x00, 0x80, 0x00, 0x00, 0x80, 0x00, 0x00, 0x80, 0x00, 0x00, 0x80, 0x00, 0x00, 0x80, 
		0x00, 0x00, 0x00, 0x00, 0x00, 0x00, 0x80, 0x00, 0x00, 0x80, 0x00, 0x00, 0x80, 0x00, 0x00, 0x80, 
		0x00, 0x00, 0x80, 0x00, 0x00, 0x80, 0x00, 0x00, 0x80, 0x00, 0x00, 0x00, 0x00, 0x80, 0x00, 0x00, 
		0x80, 0x00, 0x00, 0x80, 0x00, 0x00, 0x80, 0x00, 0x00, 0x80, 0x00, 0x00, 0x80, 0x00, 0x00, 0x80, 
		0x00, 0x00, 0x80, 0x00, 0x00, 0x80, 0x00, 0x00, 0x80, 0x00, 0x00, 0x80, 0x00, 0x00, 0x80, 0x00, 
		0x00, 0x80, 0x00, 0x00, 0x80, 0x00, 0x00, 0x80, 0x00, 0x00, 0x80, 0x00, 0x00, 0x80, 0x00, 0x00, 
		0x80, 0x00, 0x00, 0x80, 0x00, 0x00, 0x80, 0x00, 0x00, 0x80, 0x00, 0x00, 0x80, 0x00, 0x00, 0x80, 
		0x00, 0x00, 0x00, 0x00, 0x80, 0x80, 0x80, 0x00, 0x00, 0x80, 0x00, 0x00, 0x80, 0x00, 0x00, 0x80, 
		0x00, 0x00, 0x80, 0x00, 0x00, 0x80, 0x00, 0x00, 0x00, 0x00, 0x80, 0x00, 0x00, 0x80, 0x00, 0x00, 
		0x80, 0x00, 0x00, 0x80, 0x00, 0x00, 0x80, 0x00, 0x00, 0x80, 0x00, 0x00, 0x80, 0x00, 0x00, 0x80, 
		0x00, 0x00, 0x80, 0x00, 0x00, 0x80, 0x00, 0x00, 0x80, 0x00, 0x00, 0x80, 0x00, 0x00, 0x80, 0x00, 
		0x00, 0x80, 0x00, 0x00, 0x80, 0x00, 0x00, 0x80, 0x00, 0xFF, 0xFF, 0xFF, 0xFF, 0xFF, 0xFF, 0xFF, 
		0xFF, 0xFF, 0xFF, 0xFF, 0xFF, 0x00, 0x80, 0x00, 0x00, 0x80, 0x00, 0x00, 0x80, 0x00, 0x00, 0x80, 
		0x00, 0x00, 0x80, 0x00, 0x00, 0x00, 0x00, 0x80, 0x80, 0x80, 0x00, 0x00, 0x80, 0x00, 0x00, 0x80, 
		0x00, 0x00, 0x80, 0x00, 0x00, 0x80, 0x00, 0x00, 0x00, 0x00, 0x80, 0x00, 0x00, 0x80, 0x00, 0x00, 
		0x80, 0x00, 0x00, 0x80, 0x00, 0x00, 0x80, 0x00, 0x00, 0x80, 0x00, 0x00, 0x80, 0x00, 0x00, 0x80, 
		0x00, 0x00, 0x80, 0x00, 0x00, 0x80, 0x00, 0x00, 0x80, 0x00, 0x00, 0x80, 0x00, 0x00, 0x80, 0x00, 
		0x00, 0x80, 0x00, 0x00, 0x80, 0x00, 0xC0, 0xC0, 0xC0, 0xFF, 0xFF, 0xFF, 0xFF, 0xFF, 0xFF, 0xFF, 
		0xFF, 0xFF, 0xC0, 0xC0, 0xC0, 0x00, 0x80, 0x00, 0x00, 0x80, 0x00, 0x00, 0x80, 0x00, 0x00, 0x80, 
		0x00, 0x00, 0x80, 0x00, 0x00, 0x00, 0x00, 0x80, 0x80, 0x80, 0x00, 0x00, 0x80, 0x00, 0x00, 0x80, 
		0x00, 0x00, 0x80, 0x00, 0x00, 0x80, 0x00, 0x00, 0x00, 0x00, 0x80, 0x00, 0x00, 0x80, 0x00, 0x00, 
		0x80, 0x00, 0x00, 0x80, 0x00, 0x00, 0x80, 0x00, 0x00, 0x80, 0x00, 0x00, 0x80, 0x00, 0x00, 0x80, 
		0x00, 0x00, 0x80, 0x00, 0x00, 0x80, 0x00, 0x00, 0x80, 0x00, 0x00, 0x80, 0x00, 0x00, 0x80, 0x00, 
		0x00, 0x80, 0x00, 0x00, 0x80, 0x00, 0xFF, 0xFF, 0xFF, 0xFF, 0xFF, 0xFF, 0xFF, 0xFF, 0xFF, 0xFF, 
		0xFF, 0xFF, 0x00, 0x80, 0x00, 0x00, 0x80, 0x00, 0x00, 0x80, 0x00, 0x00, 0x80, 0x00, 0x00, 0x80, 
		0x00, 0x00, 0x80, 0x00, 0x00, 0x00, 0x00, 0x80, 0x80, 0x80, 0x80, 0x80, 0x80, 0x00, 0x00, 0x80, 
		0x00, 0x00, 0x80, 0x00, 0x00, 0x00, 0x00, 0x80, 0x00, 0x00, 0x80, 0x00, 0x00, 0x80, 0x00, 0x00, 
		0x80, 0x00, 0x00, 0x80, 0x00, 0x00, 0x80, 0x00, 0x00, 0x80, 0x00, 0x00, 0x80, 0x00, 0x00, 0x80, 
		0x00, 0x00, 0x80, 0x00, 0x00, 0x80, 0x00, 0x00, 0x80, 0x00, 0x00, 0x80, 0x00, 0x00, 0x80, 0x00, 
		0x00, 0x80, 0x00, 0xC0, 0xC0, 0xC0, 0xFF, 0xFF, 0xFF, 0xFF, 0xFF, 0xFF, 0xFF, 0xFF, 0xFF, 0xC0, 
		0xC0, 0xC0, 0x00, 0x80, 0x00, 0x00, 0x80, 0x00, 0x00, 0x80, 0x00, 0x00, 0x80, 0x00, 0x00, 0x80, 
		0x00, 0x00, 0x80, 0x00, 0x00, 0x80, 0x00, 0x00, 0x00, 0x00, 0x80, 0x80, 0x80, 0x00, 0x00, 0x80, 
		0x00, 0x00, 0x80, 0x00, 0x00, 0x00, 0x00, 0x80, 0x00, 0x00, 0x80, 0x00, 0x00, 0x80, 0x00, 0x00, 
		0x80, 0x00, 0x00, 0x80, 0x00, 0x00, 0x80, 0x00, 0x00, 0x80, 0x00, 0x00, 0x80, 0x00, 0x00, 0x80, 
		0x00, 0x00, 0x80, 0x00, 0x00, 0x80, 0x00, 0x00, 0x80, 0x00, 0x00, 0x80, 0x00, 0x00, 0x80, 0x00, 
		0x00, 0x80, 0x00, 0xFF, 0xFF, 0xFF, 0xFF, 0xFF, 0xFF, 0xFF, 0xFF, 0xFF, 0xFF, 0xFF, 0xFF, 0x00, 
		0x80, 0x00, 0x00, 0x80, 0x00, 0x00, 0x80, 0x00, 0x00, 0x80, 0x00, 0x00, 0x80, 0x00, 0x00, 0x80, 
		0x00, 0x00, 0x80, 0x00, 0x00, 0x80, 0x00, 0x00, 0x00, 0x00, 0x80, 0x80, 0x80, 0x00, 0x00, 0x80, 
		0x00, 0x00, 0x80, 0x00, 0x00, 0x00, 0x00, 0x80, 0x00, 0x00, 0x80, 0x00, 0x00, 0x80, 0x00, 0x00, 
		0x80, 0x00, 0x00, 0x80, 0x00, 0x00, 0x80, 0x00, 0x00, 0x80, 0x00, 0x00, 0x80, 0x00, 0x00, 0x80, 
		0x00, 0x00, 0x80, 0x00, 0x00, 0x80, 0x00, 0x00, 0x80, 0x00, 0x00, 0x80, 0x00, 0x00, 0x80, 0x00, 
		0xC0, 0xC0, 0xC0, 0xFF, 0xFF, 0xFF, 0xFF, 0xFF, 0xFF, 0xFF, 0xFF, 0xFF, 0xC0, 0xC0, 0xC0, 0x00, 
		0x80, 0x00, 0x00, 0x80, 0x00, 0x00, 0x80, 0x00, 0x00, 0x80, 0x00, 0x00, 0x80, 0x00, 0x00, 0x80, 
		0x00, 0x00, 0x80, 0x00, 0x00, 0x80, 0x00, 0x00, 0x00, 0x00, 0x80, 0x80, 0x80, 0x80, 0x80, 0x80, 
		0x00, 0x00, 0x80, 0x00, 0x00, 0x00, 0x00, 0x80, 0x00, 0x00, 0x80, 0x00, 0x00, 0x80, 0x00, 0x00, 
		0x80, 0x00, 0x00, 0x80, 0x00, 0x00, 0x80, 0x00, 0x00, 0x80, 0x00, 0x00, 0x80, 0x00, 0x00, 0x80, 
		0x00, 0x00, 0x80, 0x00, 0x00, 0x80, 0x00, 0x00, 0x80, 0x00, 0x00, 0x80, 0x00, 0x00, 0x80, 0x00, 
		0xFF, 0xFF, 0xFF, 0xFF, 0xFF, 0xFF, 0xFF, 0xFF, 0xFF, 0xFF, 0xFF, 0xFF, 0x00, 0x80, 0x00, 0x00, 
		0x80, 0x00, 0x00, 0x80, 0x00, 0x00, 0x80, 0x00, 0x00, 0x80, 0x00, 0x00, 0x80, 0x00, 0x00, 0x80, 
		0x00, 0x00, 0x80, 0x00, 0x00, 0x80, 0x00, 0x00, 0x00, 0x00, 0x80, 0x80, 0x80, 0x80, 0x80, 0x80, 
		0x00, 0x00, 0x80, 0x00, 0x00, 0x00, 0x00, 0x80, 0x00, 0x00, 0x80, 0x00, 0x00, 0x80, 0x00, 0x00, 
		0x80, 0x00, 0x00, 0x80, 0x00, 0x00, 0x80, 0x00, 0x00, 0x80, 0x00, 0xFF, 0xFF, 0xFF, 0xFF, 0xFF, 
		0xFF, 0xFF, 0xFF, 0xFF, 0xC0, 0xC0, 0xC0, 0x00, 0x80, 0x00, 0x00, 0x80, 0x00, 0xC0, 0xC0, 0xC0, 
		0xFF, 0xFF, 0xFF, 0xFF, 0xFF, 0xFF, 0xFF, 0xFF, 0xFF, 0xC0, 0xC0, 0xC0, 0x00, 0x80, 0x00, 0x00, 
		0x80, 0x00, 0x00, 0x80, 0x00, 0x00, 0x80, 0x00, 0x00, 0x80, 0x00, 0x00, 0x80, 0x00, 0x00, 0x80, 
		0x00, 0x00, 0x80, 0x00, 0x00, 0x80, 0x00, 0x00, 0x00, 0x00, 0x80, 0x80, 0x80, 0x80, 0x80, 0x80, 
		0x00, 0x00, 0x80, 0x00, 0x00, 0x00, 0x00, 0x80, 0x00, 0x00, 0x80, 0x00, 0x00, 0x80, 0x00, 0x00, 
		0x80, 0x00, 0x00, 0x80, 0x00, 0x00, 0x80, 0x00, 0x00, 0x80, 0x00, 0xC0, 0xC0, 0xC0, 0xFF, 0xFF, 
		0xFF, 0xFF, 0xFF, 0xFF, 0xFF, 0xFF, 0xFF, 0xC0, 0xC0, 0xC0, 0x00, 0x80, 0x00, 0xFF, 0xFF, 0xFF, 
		0xFF, 0xFF, 0xFF, 0xFF, 0xFF, 0xFF, 0xFF, 0xFF, 0xFF, 0x00, 0x80, 0x00, 0x00, 0x80, 0x00, 0x00, 
		0x80, 0x00, 0x00, 0x80, 0x00, 0x00, 0x80, 0x00, 0x00, 0x80, 0x00, 0x00, 0x80, 0x00, 0x00, 0x80, 
		0x00, 0x00, 0x80, 0x00, 0x00, 0x80, 0x00, 0x00, 0x00, 0x00, 0x80, 0x80, 0x80, 0x80, 0x80, 0x80, 
		0x00, 0x00, 0x80, 0x00, 0x00, 0x00, 0x00, 0x80, 0x00, 0x00, 0x80, 0x00, 0x00, 0x80, 0x00, 0x00, 
		0x80, 0x00, 0x00, 0x80, 0x00, 0x00, 0x80, 0x00, 0x00, 0x80, 0x00, 0x00, 0x80, 0x00, 0xC0, 0xC0, 
		0xC0, 0xFF, 0xFF, 0xFF, 0xFF, 0xFF, 0xFF, 0xFF, 0xFF, 0xFF, 0xC0, 0xC0, 0xC0, 0xFF, 0xFF, 0xFF, 
		0xFF, 0xFF, 0xFF, 0xFF, 0xFF, 0xFF, 0xC0, 0xC0, 0xC0, 0x00, 0x80, 0x00, 0x00, 0x80, 0x00, 0x00, 
		0x80, 0x00, 0x00, 0x80, 0x00, 0x00, 0x80, 0x00, 0x00, 0x80, 0x00, 0x00, 0x80, 0x00, 0x00, 0x80, 
		0x00, 0x00, 0x80, 0x00, 0x00, 0x80, 0x00, 0x00, 0x00, 0x00, 0x80, 0x80, 0x80, 0x80, 0x80, 0x80, 
		0x00, 0x00, 0x80, 0x00, 0x00, 0x80, 0x00, 0x00, 0x00, 0x00, 0x80, 0x00, 0x00, 0x80, 0x00, 0x00, 
		0x80, 0x00, 0x00, 0x80, 0x00, 0x00, 0x80, 0x00, 0x00, 0x80, 0x00, 0x00, 0x80, 0x00, 0x00, 0x80, 
		0x00, 0xC0, 0xC0, 0xC0, 0xFF, 0xFF, 0xFF, 0xFF, 0xFF, 0xFF, 0xFF, 0xFF, 0xFF, 0xFF, 0xFF, 0xFF, 
		0xFF, 0xFF, 0xFF, 0xFF, 0xFF, 0xFF, 0x00, 0x80, 0x00, 0x00, 0x80, 0x00, 0x00, 0x80, 0x00, 0x00, 
		0x80, 0x00, 0x00, 0x80, 0x00, 0x00, 0x80, 0x00, 0x00, 0x80, 0x00, 0x00, 0x80, 0x00, 0x00, 0x80, 
		0x00, 0x00, 0x80, 0x00, 0x00, 0x00, 0x00, 0x80, 0x80, 0x80, 0x80, 0x80, 0x80, 0x80, 0x80, 0x80, 
		0x00, 0x00, 0x80, 0x00, 0x00, 0x80, 0x00, 0x00, 0x00, 0x00, 0x80, 0x00, 0x00, 0x80, 0x00, 0x00, 
		0x80, 0x00, 0x00, 0x80, 0x00, 0x00, 0x80, 0x00, 0x00, 0x80, 0x00, 0x00, 0x80, 0x00, 0x00, 0x80, 
		0x00, 0x00, 0x80, 0x00, 0xC0, 0xC0, 0xC0, 0xFF, 0xFF, 0xFF, 0xFF, 0xFF, 0xFF, 0xFF, 0xFF, 0xFF, 
		0xFF, 0xFF, 0xFF, 0xC0, 0xC0, 0xC0, 0x00, 0x80, 0x00, 0x00, 0x80, 0x00, 0x00, 0x80, 0x00, 0x00, 
		0x80, 0x00, 0x00, 0x80, 0x00, 0x00, 0x80, 0x00, 0x00, 0x80, 0x00, 0x00, 0x80, 0x00, 0x00, 0x80, 
		0x00, 0x00, 0x80, 0x00, 0x00, 0x00, 0x00, 0x80, 0x80, 0x80, 0x80, 0x80, 0x80, 0x80, 0x80, 0x80, 
		0x00, 0x00, 0x80, 0x00, 0x00, 0x80, 0x00, 0x00, 0x00, 0x00, 0x80, 0x00, 0x00, 0x80, 0x00, 0x00, 
		0x80, 0x00, 0x00, 0x80, 0x00, 0x00, 0x80, 0x00, 0x00, 0x80, 0x00, 0x00, 0x80, 0x00, 0x00, 0x80, 
		0x00, 0x00, 0x80, 0x00, 0x00, 0x80, 0x00, 0xC0, 0xC0, 0xC0, 0xFF, 0xFF, 0xFF, 0xFF, 0xFF, 0xFF, 
		0xFF, 0xFF, 0xFF, 0x00, 0x80, 0x00, 0x00, 0x80, 0x00, 0x00, 0x80, 0x00, 0x00, 0x80, 0x00, 0x00, 
		0x80, 0x00, 0x00, 0x80, 0x00, 0x00, 0x80, 0x00, 0x00, 0x80, 0x00, 0x00, 0x80, 0x00, 0x00, 0x80, 
		0x00, 0x00, 0x80, 0x00, 0x00, 0x00, 0x00, 0x80, 0x80, 0x80, 0x80, 0x80, 0x80, 0x00, 0x00, 0x80, 
		0x00, 0x00, 0x80, 0x00, 0x00, 0x80, 0x00, 0x00, 0x80, 0x00, 0x00, 0x00, 0x00, 0x80, 0x00, 0x00, 
		0x80, 0x00, 0x00, 0x80, 0x00, 0x00, 0x80, 0x00, 0x00, 0x80, 0x00, 0x00, 0x80, 0x00, 0x00, 0x80, 
		0x00, 0x00, 0x80, 0x00, 0x00, 0x80, 0x00, 0x00, 0x80, 0x00, 0xC0, 0xC0, 0xC0, 0xFF, 0xFF, 0xFF, 
		0xC0, 0xC0, 0xC0, 0x00, 0x80, 0x00, 0x00, 0x80, 0x00, 0x00, 0x80, 0x00, 0x00, 0x80, 0x00, 0x00, 
		0x80, 0x00, 0x00, 0x80, 0x00, 0x00, 0x80, 0x00, 0x00, 0x80, 0x00, 0x00, 0x80, 0x00, 0x00, 0x80, 
		0x00, 0x00, 0x00, 0x00, 0x80, 0x80, 0x80, 0x80, 0x80, 0x80, 0x80, 0x80, 0x80, 0x00, 0x00, 0x80, 
		0x00, 0x00, 0x80, 0x00, 0x00, 0x80, 0x00, 0x00, 0x80, 0x00, 0x00, 0x00, 0x00, 0x80, 0x00, 0x00, 
		0x80, 0x00, 0x00, 0x80, 0x00, 0x00, 0x80, 0x00, 0x00, 0x80, 0x00, 0x00, 0x80, 0x00, 0x00, 0x80, 
		0x00, 0x00, 0x80, 0x00, 0x00, 0x80, 0x00, 0x00, 0x80, 0x00, 0x00, 0x80, 0x00, 0x00, 0x80, 0x00, 
		0x00, 0x80, 0x00, 0x00, 0x80, 0x00, 0x00, 0x80, 0x00, 0x00, 0x80, 0x00, 0x00, 0x80, 0x00, 0x00, 
		0x80, 0x00, 0x00, 0x80, 0x00, 0x00, 0x80, 0x00, 0x00, 0x80, 0x00, 0x00, 0x80, 0x00, 0x00, 0x80, 
		0x00, 0x00, 0x00, 0x00, 0x80, 0x80, 0x80, 0x80, 0x80, 0x80, 0x80, 0x80, 0x80, 0x00, 0x00, 0x80, 
		0x00, 0x00, 0x80, 0x00, 0x00, 0x80, 0x00, 0x00, 0x80, 0x00, 0x00, 0x80, 0x00, 0x00, 0x00, 0x00, 
		0x80, 0x00, 0x00, 0x80, 0x00, 0x00, 0x80, 0x00, 0x00, 0x80, 0x00, 0x00, 0x80, 0x00, 0x00, 0x80, 
		0x00, 0x00, 0x80, 0x00, 0x00, 0x80, 0x00, 0x00, 0x80, 0x00, 0x00, 0x80, 0x00, 0x00, 0x80, 0x00, 
		0x00, 0x80, 0x00, 0x00, 0x80, 0x00, 0x00, 0x80, 0x00, 0x00, 0x80, 0x00, 0x00, 0x80, 0x00, 0x00, 
		0x80, 0x00, 0x00, 0x80, 0x00, 0x00, 0x80, 0x00, 0x00, 0x80, 0x00, 0x00, 0x80, 0x00, 0x00, 0x00, 
		0x00, 0x80, 0x80, 0x80, 0x80, 0x80, 0x80, 0x80, 0x80, 0x80, 0x00, 0x00, 0x80, 0x00, 0x00, 0x80, 
		0x00, 0x00, 0x80, 0x00, 0x00, 0x80, 0x00, 0x00, 0x80, 0x00, 0x00, 0x80, 0x00, 0x00, 0x80, 0x00, 
		0x00, 0x00, 0x00, 0x80, 0x00, 0x00, 0x80, 0x00, 0x00, 0x80, 0x00, 0x00, 0x80, 0x00, 0x00, 0x80, 
		0x00, 0x00, 0x80, 0x00, 0x00, 0x80, 0x00, 0x00, 0x80, 0x00, 0x00, 0x80, 0x00, 0x00, 0x80, 0x00, 
		0x00, 0x80, 0x00, 0x00, 0x80, 0x00, 0x00, 0x80, 0x00, 0x00, 0x80, 0x00, 0x00, 0x80, 0x00, 0x00, 
		0x80, 0x00, 0x00, 0x80, 0x00, 0x00, 0x80, 0x00, 0x00, 0x80, 0x00, 0x00, 0x00, 0x00, 0x80, 0x80, 
		0x80, 0x80, 0x80, 0x80, 0x80, 0x80, 0x80, 0x80, 0x80, 0x80, 0x00, 0x00, 0x80, 0x00, 0x00, 0x80, 
		0x00, 0x00, 0x80, 0x00, 0x00, 0x80, 0x00, 0x00, 0x80, 0x00, 0x00, 0x80, 0x00, 0x00, 0x80, 0x00, 
		0x00, 0x80, 0x00, 0x00, 0x00, 0x00, 0x80, 0x00, 0x00, 0x80, 0x00, 0x00, 0x80, 0x00, 0x00, 0x80, 
		0x00, 0x00, 0x80, 0x00, 0x00, 0x80, 0x00, 0x00, 0x80, 0x00, 0x00, 0x80, 0x00, 0x00, 0x80, 0x00, 
		0x00, 0x80, 0x00, 0x00, 0x80, 0x00, 0x00, 0x80, 0x00, 0x00, 0x80, 0x00, 0x00, 0x80, 0x00, 0x00, 
		0x80, 0x00, 0x00, 0x80, 0x00, 0x00, 0x80, 0x00, 0x00, 0x00, 0x00, 0x80, 0x80, 0x80, 0x80, 0x80, 
		0x80, 0x80, 0x80, 0x80, 0x80, 0x80, 0x80, 0x00, 0x00, 0x80, 0x00, 0x00, 0x80, 0x00, 0x00, 0x80, 
		0x00, 0x00, 0x80, 0x00, 0x00, 0x80, 0x00, 0x00, 0x80, 0x00, 0x00, 0x80, 0x00, 0x00, 0x80, 0x00, 
		0x00, 0x80, 0x00, 0x00, 0x80, 0x00, 0x00, 0x00, 0x00, 0x00, 0x00, 0x00, 0x80, 0x00, 0x00, 0x80, 
		0x00, 0x00, 0x80, 0x00, 0x00, 0x80, 0x00, 0x00, 0x80, 0x00, 0x00, 0x80, 0x00, 0x00, 0x80, 0x00, 
		0x00, 0x80, 0x00, 0x00, 0x80, 0x00, 0x00, 0x80, 0x00, 0x00, 0x80, 0x00, 0x00, 0x80, 0x00, 0x00, 
		0x80, 0x00, 0x00, 0x00, 0x00, 0x00, 0x00, 0x00, 0x80, 0x80, 0x80, 0x80, 0x80, 0x80, 0x80, 0x80, 
		0x80, 0x80, 0x80, 0x80, 0x00, 0x00, 0x80, 0x00, 0x00, 0x80, 0x00, 0x00, 0x80, 0x00, 0x00, 0x80, 
		0x00, 0x00, 0x80, 0x00, 0x00, 0x80, 0x00, 0x00, 0x80, 0x00, 0x00, 0x80, 0x00, 0x00, 0x80, 0x00, 
		0x00, 0x80, 0x00, 0x00, 0x80, 0x00, 0x00, 0x80, 0x80, 0x80, 0x80, 0x00, 0x00, 0x00, 0x00, 0x00, 
		0x00, 0x00, 0x00, 0x00, 0x00, 0x80, 0x00, 0x00, 0x80, 0x00, 0x00, 0x80, 0x00, 0x00, 0x80, 0x00, 
		0x00, 0x80, 0x00, 0x00, 0x80, 0x00, 0x00, 0x80, 0x00, 0x00, 0x00, 0x00, 0x00, 0x00, 0x00, 0x00, 
		0x00, 0x00, 0x80, 0x80, 0x80, 0x80, 0x80, 0x80, 0x80, 0x80, 0x80, 0x80, 0x80, 0x80, 0x80, 0x80, 
		0x80, 0x00, 0x00, 0x80, 0x00, 0x00, 0x80, 0x00, 0x00, 0x80, 0x00, 0x00, 0x80, 0x00, 0x00, 0x80, 
		0x00, 0x00, 0x80, 0x00, 0x00, 0x80, 0x00, 0x00, 0x80, 0x00, 0x00, 0x80, 0x00, 0x00, 0x80, 0x00, 
		0x00, 0x80, 0x00, 0x00, 0x80, 0x00, 0x00, 0x80, 0x00, 0x00, 0x80, 0x80, 0x80, 0x80, 0x80, 0x80, 
		0x80, 0x80, 0x80, 0x80, 0x00, 0x00, 0x00, 0x00, 0x00, 0x00, 0x00, 0x00, 0x00, 0x00, 0x00, 0x00, 
		0x00, 0x00, 0x00, 0x00, 0x00, 0x00, 0x00, 0x00, 0x00, 0x80, 0x80, 0x80, 0x80, 0x80, 0x80, 0x80, 
		0x80, 0x80, 0x80, 0x80, 0x80, 0x80, 0x80, 0x80, 0x80, 0x80, 0x80, 0x80, 0x80, 0x80, 0x00, 0x00, 
		0x80, 0x00, 0x00, 0x80, 0x00, 0x00, 0x80, 0x00, 0x00, 0x80, 0x00, 0x00, 0x80, 0x00, 0x00, 0x80, 
		0x00, 0x00, 0x80, 0x00, 0x00, 0x80, 0x00, 0x00, 0x80, 0x00, 0x00, 0x80, 0x00, 0x00, 0x80, 0x00, 
		0x00, 0x80, 0x00, 0x00, 0x80, 0x00, 0x00, 0x80, 0x00, 0x00, 0x80, 0x00, 0x00, 0x80, 0x00, 0x00, 
		0x80, 0x80, 0x80, 0x80, 0x80, 0x80, 0x80, 0x80, 0x80, 0x80, 0x80, 0x80, 0x80, 0x80, 0x80, 0x80, 
		0x80, 0x80, 0x80, 0x80, 0x80, 0x80, 0x80, 0x80, 0x80, 0x80, 0x80, 0x80, 0x80, 0x80, 0x80, 0x80, 
		0x80, 0x80, 0x80, 0x80, 0x80, 0x80, 0x80, 0x80, 0x00, 0x00, 0x80, 0x00, 0x00, 0x80, 0x00, 0x00, 
		0x80, 0x00, 0x00, 0x80, 0x00, 0x00, 0x80, 0x00, 0x00, 0x80, 0x00, 0x00, 0x80, 0x00, 0x00, 0x80, 
		0x00, 0x00, 0x80, 0x00, 0x00, 0x80, 0x00, 0x00, 0x80, 0x00, 0x00, 0x80, 0x00, 0x00, 0x80, 0x00, 
		0x00, 0x80, 0x00, 0x00, 0x80, 0x00, 0x00, 0x80, 0x00, 0x00, 0x80, 0x00, 0x00, 0x80, 0x00, 0x00, 
		0x80, 0x00, 0x00, 0x80, 0x00, 0x00, 0x80, 0x00, 0x00, 0x80, 0x80, 0x80, 0x80, 0x80, 0x80, 0x80, 
		0x80, 0x80, 0x80, 0x80, 0x80, 0x80, 0x80, 0x80, 0x80, 0x80, 0x80, 0x80, 0x80, 0x80, 0x80, 0x00, 
		0x00, 0x80, 0x00, 0x00, 0x80, 0x00, 0x00, 0x80, 0x00, 0x00, 0x80, 0x00, 0x00, 0x80, 0x00, 0x00, 
		0x80, 0x00, 0x00, 0x80, 0x00, 0x00, 0x80, 0x00, 0x00, 0x80, 0x00, 0x00, 0x80, 0x00, 0x00, 0x80
	},
	.mask = {
		true , true , true , true , true , true , true , true , true , true , true , true , true , true , true , true , 
		true , true , true , true , true , true , true , true , true , true , true , true , true , true , true , true , 
		true , true , true , true , true , true , true , true , true , true , true , true , false, false, false, false, 
		false, false, false, true , true , true , true , true , true , true , true , true , true , true , true , true , 
		true , true , true , true , true , true , true , true , true , false, false, false, false, false, false, false, 
		false, false, false, false, false, false, true , true , true , true , true , true , true , true , true , true , 
		true , true , true , true , true , true , true , false, false, false, false, false, false, false, false, false, 
		false, false, false, false, false, false, false, false, true , true , true , true , true , true , true , true , 
		true , true , true , true , true , true , false, false, false, false, false, false, false, false, false, false, 
		false, false, false, false, false, false, false, false, false, true , true , true , true , true , true , true , 
		true , true , true , true , true , false, false, false, false, false, false, false, false, false, false, false, 
		false, false, false, false, false, false, false, false, false, false, true , true , true , true , true , true , 
		true , true , true , true , false, false, false, false, false, false, false, false, false, false, false, false, 
		false, false, false, false, false, false, false, false, false, false, false, true , true , true , true , true , 
		true , true , true , false, false, false, false, false, false, false, false, false, false, false, false, false, 
		false, false, false, false, false, false, false, false, false, false, false, false, true , true , true , true , 
		true , true , true , false, false, false, false, false, false, false, false, false, false, false, false, false, 
		false, false, false, false, false, false, false, false, false, false, false, false, false, true , true , true , 
		true , true , false, false, false, false, false, false, false, false, false, false, false, false, false, false, 
		false, false, false, false, false, false, false, false, false, false, false, false, false, false, true , true , 
		true , true , false, false, false, false, false, false, false, false, false, false, false, false, false, false, 
		false, false, false, false, false, false, false, false, false, false, false, false, false, false, true , true , 
		true , true , false, false, false, false, false, false, false, false, false, false, false, false, false, false, 
		false, false, false, false, false, false, false, false, false, false, false, false, false, false, false, true , 
		true , false, false, false, false, false, false, false, false, false, false, false, false, false, false, false, 
		false, false, false, false, false, false, false, false, false, false, false, false, false, false, false, true , 
		true , false, false, false, false, false, false, false, false, false, false, false, false, false, false, false, 
		false, false, false, false, false, false, false, false, false, false, false, false, false, false, false, true , 
		true , false, false, false, false, false, false, false, false, false, false, false, false, false, false, false, 
		false, false, false, false, false, false, false, false, false, false, false, false, false, false, false, false, 
		true , false, false, false, false, false, false, false, false, false, false, false, false, false, false, false, 
		false, false, false, false, false, false, false, false, false, false, false, false, false, false, false, false, 
		true , false, false, false, false, false, false, false, false, false, false, false, false, false, false, false, 
		false, false, false, false, false, false, false, false, false, false, false, false, false, false, false, false, 
		true , false, false, false, false, false, false, false, false, false, false, false, false, false, false, false, 
		false, false, false, false, false, false, false, false, false, false, false, false, false, false, false, false, 
		true , false, false, false, false, false, false, false, false, false, false, false, false, false, false, false, 
		false, false, false, false, false, false, false, false, false, false, false, false, false, false, false, false, 
		true , true , false, false, false, false, false, false, false, false, false, false, false, false, false, false, 
		false, false, false, false, false, false, false, false, false, false, false, false, false, false, false, false, 
		true , true , false, false, false, false, false, false, false, false, false, false, false, false, false, false, 
		false, false, false, false, false, false, false, false, false, false, false, false, false, false, false, false, 
		true , true , false, false, false, false, false, false, false, false, false, false, false, false, false, false, 
		false, false, false, false, false, false, false, false, false, false, false, false, false, false, false, true , 
		true , true , true , false, false, false, false, false, false, false, false, false, false, false, false, false, 
		false, false, false, false, false, false, false, false, false, false, false, false, false, false, false, true , 
		true , true , true , false, false, false, false, false, false, false, false, false, false, false, false, false, 
		false, false, false, false, false, false, false, false, false, false, false, false, false, false, false, true , 
		true , true , true , true , false, false, false, false, false, false, false, false, false, false, false, false, 
		false, false, false, false, false, false, false, false, false, false, false, false, false, false, true , true , 
		true , true , true , true , true , false, false, false, false, false, false, false, false, false, false, false, 
		false, false, false, false, false, false, false, false, false, false, false, false, false, false, true , true , 
		true , true , true , true , true , true , false, false, false, false, false, false, false, false, false, false, 
		false, false, false, false, false, false, false, false, false, false, false, false, false, true , true , true , 
		true , true , true , true , true , true , true , false, false, false, false, false, false, false, false, false, 
		false, false, false, false, false, false, false, false, false, false, false, false, true , true , true , true , 
		true , true , true , true , true , true , true , true , false, false, false, false, false, false, false, false, 
		false, false, false, false, false, false, false, false, false, false, false, true , true , true , true , true , 
		true , true , true , true , true , true , true , true , true , false, false, false, false, false, false, false, 
		false, false, false, false, false, false, false, false, false, false, true , true , true , true , true , true , 
		true , true , true , true , true , true , true , true , true , true , true , false, false, false, false, false, 
		false, false, false, false, false, false, false, false, true , true , true , true , true , true , true , true , 
		true , true , true , true , true , true , true , true , true , true , true , true , true , true , false, false, 
		false, false, false, false, false, true , true , true , true , true , true , true , true , true , true , true
	}
};
